phi_model,param,svgd_iters,seed,n_exec,q,cov,cov_norm,erg_truth,belief_rmse,info_gain,path_len,time_s,J
niveau,0.4307,0,0,1,0.627575694660018,0.17572379648685454,0.627575694660018,0.19877572625875473,0.28075790882110596,1097.49146484375,1.4098540258407593,0.27863136212031037,0.647575694660018
niveau,0.4307,0,0,2,0.4384741670185589,0.12303115963935853,0.4384741670185589,0.15788511984050274,0.25782800137996675,1828.917841796875,2.8217040729522704,0.5572627242406207,0.4784741670185589
niveau,0.4307,0,0,3,0.274342810868702,0.07678743496537209,0.274342810868702,0.09290623605251312,0.2178567896783352,2431.648359375,4.232708625793457,0.8358940863609312,0.334342810868702
niveau,0.4307,0,0,4,0.20753909877057047,0.057493932470679285,0.20753909877057047,0.05968206388875842,0.19653307989239693,2897.735751953125,5.641066703796387,1.1145254484812415,0.2875390987705705
niveau,0.4307,0,0,5,0.1689462238692211,0.04671086810529232,0.1689462238692211,0.059223973080515864,0.17425490498542787,3229.713154296875,7.050974178314209,1.3931568106015522,0.26894622386922107
niveau,0.4307,0,0,6,0.14118564811935008,0.039146342501044276,0.14118564811935008,0.06077066410332918,0.1556983221322298,3471.617451171875,8.457682456970215,1.6717881727218624,0.2611856481193501
niveau,0.4307,0,0,7,0.12233467037960633,0.033881067633628845,0.12233467037960633,0.05144136779010296,0.12752999126911163,3609.5803125,9.866413536071777,1.950419534842173,0.26233467037960634
niveau,0.4307,0,0,8,0.10573110817944724,0.029254760071635248,0.10573110817944724,0.056960819624364376,0.109421970769763,3722.11,11.275848693847657,2.229050896962483,0.26573110817944723
niveau,0.4307,0,0,9,0.0931197205952561,0.025733058452606202,0.0931197205952561,0.04212165426462889,0.09686084009706974,3781.919892578125,12.681419410705566,2.5076822590827934,0.2731197205952561
niveau,0.4307,0,0,10,0.08522556215761128,0.023502337634563445,0.08522556215761128,0.039970944561064245,0.08912490263581276,3824.01494140625,14.08838249206543,2.7863136212031043,0.2852255621576113
niveau,0.4307,0,0,11,0.07910001585089667,0.021853790134191513,0.07910001585089667,0.03910815589129925,0.08621460519731045,3841.987763671875,15.49482364654541,3.0649449833234144,0.2991000158508967
niveau,0.4307,0,0,12,0.0738865314804106,0.020393726117908954,0.0738865314804106,0.042685557603836057,0.07693679943680763,3867.08443359375,16.89829216003418,3.343576345443725,0.31388653148041057
ucb,0.4597,0,0,1,0.627575694660018,0.17572379648685454,0.627575694660018,0.19877572625875473,0.28075790882110596,1097.49146484375,1.4098540258407593,0.2648656759822431,0.647575694660018
ucb,0.4597,0,0,2,0.42106605675541453,0.11939420729875565,0.42106605675541453,0.17171536684036254,0.2625088769197464,1803.131923828125,2.8208827114105226,0.5297313519644862,0.4610660567554145
ucb,0.4597,0,0,3,0.2733249552940097,0.076478700786829,0.2733249552940097,0.09733699411153793,0.225745025575161,2413.735966796875,4.231263504028321,0.7945970279467293,0.3333249552940097
ucb,0.4597,0,0,4,0.21171616537206506,0.059064006060361864,0.21171616537206506,0.07759306788444519,0.19789400801062584,2807.3280859375,5.641399402618408,1.0594627039289723,0.2917161653720651
ucb,0.4597,0,0,5,0.16438225812116575,0.0453988952934742,0.16438225812116575,0.06044373534619808,0.18101327873766423,3027.27322265625,7.052254505157471,1.3243283799112155,0.2643822581211658
ucb,0.4597,0,0,6,0.14147191537273318,0.0388705350458622,0.14147191537273318,0.05992135480046272,0.16635576002299785,3293.79048828125,8.462896919250488,1.5891940558934585,0.2614719153727332
ucb,0.4597,0,0,7,0.12521788333573755,0.034448832869529725,0.12521788333573755,0.056026180051267145,0.147741426974535,3475.625107421875,9.873519821166992,1.8540597318757017,0.2652178833357376
ucb,0.4597,0,0,8,0.10871082985603361,0.029894331023097038,0.10871082985603361,0.05019463948905468,0.13509999871253967,3584.67623046875,11.281289024353027,2.1189254078579447,0.2687108298560336
ucb,0.4597,0,0,9,0.09853934045776233,0.027073187455534935,0.09853934045776233,0.04384300967678428,0.1187278401106596,3674.36173828125,12.690776596069336,2.3837910838401877,0.2785393404577623
ucb,0.4597,0,0,10,0.08836228792462425,0.024448951184749605,0.08836228792462425,0.0499501296132803,0.10417638756334782,3720.453857421875,14.100880661010741,2.648656759822431,0.28836228792462426
ucb,0.4597,0,0,11,0.08230428384098885,0.022722488939762114,0.08230428384098885,0.03982150629162788,0.09749468758702279,3764.688818359375,15.509789428710938,2.9135224358046736,0.30230428384098884
ucb,0.4597,0,0,12,0.07799591637743125,0.021511947885155678,0.07799591637743125,0.03226846493780613,0.09523539885878562,3784.53345703125,16.920215911865235,3.178388111786917,0.31799591637743124
niveau,0.6653,0,1,1,0.6774123094926897,0.18667216956615448,0.6774123094926897,0.2258574292063713,0.29410561561584475,1068.801865234375,1.4085367298126221,0.2790310874969388,0.6974123094926897
niveau,0.6653,0,1,2,0.4565781737466772,0.12790536642074585,0.4565781737466772,0.16402842223644257,0.2715963450074196,1839.458916015625,2.8192978858947755,0.5580621749938776,0.4965781737466772
niveau,0.6653,0,1,3,0.3161390248763313,0.08774811372160912,0.3161390248763313,0.10883625105023384,0.23215036660432817,2448.476533203125,4.228943195343017,0.8370932624908164,0.3761390248763313
niveau,0.6653,0,1,4,0.22441189269130096,0.062254688218235966,0.22441189269130096,0.07574414417147636,0.19910566464066506,2923.06587890625,5.636806526184082,1.1161243499877551,0.304411892691301
niveau,0.6653,0,1,5,0.16984975990620743,0.04728481024503708,0.16984975990620743,0.06272501520812511,0.1864308524131775,3268.0221484375,7.043185596466064,1.395155437484694,0.2698497599062074
niveau,0.6653,0,1,6,0.14174071026996246,0.039358906149864196,0.14174071026996246,0.06233053430914879,0.1521475148200989,3520.186025390625,8.448098220825194,1.6741865249816328,0.2617407102699625
niveau,0.6653,0,1,7,0.12307205085228226,0.0342431353032589,0.12307205085228226,0.04950564566999674,0.11798118479549885,3645.336875,9.854898986816407,1.9532176124785716,0.26307205085228225
niveau,0.6653,0,1,8,0.10922765001318621,0.03040101543068886,0.10922765001318621,0.05564696379005909,0.10168653406202793,3741.1294921875,11.252848014831542,2.2322486999755102,0.2692276500131862
niveau,0.6653,0,1,9,0.09809017132773286,0.027217471078038215,0.09809017132773286,0.04516351755708456,0.08747206397354602,3808.2616796875,12.654663276672363,2.511279787472449,0.27809017132773284
niveau,0.6653,0,1,10,0.09007132257915933,0.02494613729417324,0.09007132257915933,0.05799524806439876,0.08012412674725056,3852.92408203125,14.05336051940918,2.790310874969388,0.29007132257915935
niveau,0.6653,0,1,11,0.08344959751229902,0.023113476559519768,0.08344959751229902,0.0420915287733078,0.07363234952092171,3882.306494140625,15.44740406036377,3.0693419624663267,0.30344959751229905
niveau,0.6653,0,1,12,0.07643489311131708,0.021193560399115085,0.07643489311131708,0.03679750252515077,0.07065440863370895,3898.7115625,16.84870834350586,3.3483730499632656,0.31643489311131706
mass,0.47,0,1,1,0.6774123094926897,0.18667216956615448,0.6774123094926897,0.22527129381895064,0.29410561561584475,1068.801865234375,1.4085367298126221,0.2775965470114412,0.6974123094926897
mass,0.47,0,1,2,0.4643742653703351,0.12773361980915068,0.4643742653703351,0.14642857521772384,0.26196771770715715,1772.104951171875,2.817958869934082,0.5551930940228824,0.5043742653703351
mass,0.47,0,1,3,0.32200448002893217,0.089592944085598,0.32200448002893217,0.09762755777686834,0.2276051437854767,2290.421005859375,4.227934951782227,0.8327896410343237,0.38200448002893217
mass,0.47,0,1,4,0.23781091890386225,0.06661683723330497,0.23781091890386225,0.0940222117304802,0.2009422731399536,2669.0469921875,5.637569465637207,1.1103861880457648,0.31781091890386226
mass,0.47,0,1,5,0.18294336270376327,0.05143553644418716,0.18294336270376327,0.08263454854488372,0.16980831518769265,2960.227666015625,7.048070316314697,1.3879827350572063,0.2829433627037633
mass,0.47,0,1,6,0.14201436678674761,0.03989996306598186,0.14201436678674761,0.04638335198163986,0.15319024369120599,3250.650126953125,8.457634506225586,1.6655792820686475,0.2620143667867476
mass,0.47,0,1,7,0.12388652615603375,0.034678968414664266,0.12388652615603375,0.05846979681402445,0.13481600865721702,3410.3430078125,9.86791561126709,1.943175829080089,0.26388652615603375
mass,0.47,0,1,8,0.11153718886855547,0.0311360040307045,0.11153718886855547,0.046741531938314436,0.1252254495024681,3536.0564453125,11.278025970458984,2.2207723760915297,0.2715371888685555
mass,0.47,0,1,9,0.1016532712520986,0.028245824947953226,0.1016532712520986,0.06237542886286974,0.10947283141314984,3647.650244140625,12.686776390075684,2.498368923102971,0.2816532712520986
mass,0.47,0,1,10,0.09579047089779749,0.026660826951265336,0.09579047089779749,0.044317246042191984,0.10016700960695743,3721.555244140625,14.096856422424317,2.7759654701144125,0.29579047089779753
mass,0.47,0,1,11,0.0861999153004801,0.023963910713791847,0.0861999153004801,0.03991865590214729,0.09070822864770889,3775.917900390625,15.50622413635254,3.0535620171258535,0.3061999153004801
mass,0.47,0,1,12,0.07986302804150319,0.022211359217762947,0.07986302804150319,0.04023267244920135,0.08447754740715027,3815.133037109375,16.916934967041016,3.331158564137295,0.3198630280415032
niveau,0.6067,0,0,1,0.627575694660018,0.17572379648685454,0.627575694660018,0.19877572625875473,0.28075790882110596,1097.49146484375,1.4098540258407593,0.27878588996905207,0.647575694660018
niveau,0.6067,0,0,2,0.4161349177308577,0.11766519203782082,0.4161349177308577,0.15865455225110053,0.2610158085823059,1833.58779296875,2.8205763339996337,0.5575717799381041,0.4561349177308577
niveau,0.6067,0,0,3,0.27424095384408437,0.0764350038766861,0.27424095384408437,0.09031090661883354,0.23302470833063127,2422.617431640625,4.230827560424805,0.8363576699071562,0.33424095384408437
niveau,0.6067,0,0,4,0.20414116569831856,0.05621155217289925,0.20414116569831856,0.05704583916813135,0.19960580691695212,2959.370234375,5.640328483581543,1.1151435598762083,0.28414116569831854
niveau,0.6067,0,0,5,0.16768291081853717,0.04615756973624229,0.16768291081853717,0.05026594080030918,0.1679898938536644,3297.9091015625,7.048564815521241,1.3939294498452603,0.2676829108185372
niveau,0.6067,0,0,6,0.14299064923071345,0.03924776680767536,0.14299064923071345,0.05608593925833702,0.14776706248521804,3537.542841796875,8.45398094177246,1.6727153398143124,0.26299064923071347
niveau,0.6067,0,0,7,0.12281353990590609,0.03363901771605015,0.12281353990590609,0.05225223578512669,0.12044716872274876,3659.148095703125,9.858903045654296,1.9515012297833647,0.2628135399059061
niveau,0.6067,0,0,8,0.10866950057055559,0.02986732490360737,0.10866950057055559,0.040041271969676016,0.09919527396559716,3753.547470703125,11.263824958801269,2.2302871197524166,0.2686695005705556
niveau,0.6067,0,0,9,0.09599084897441164,0.02641179271042347,0.09599084897441164,0.05434321843087673,0.08896623060107231,3804.31583984375,12.66278232574463,2.509073009721469,0.2759908489744116
niveau,0.6067,0,0,10,0.08642010947372572,0.023940255008637903,0.08642010947372572,0.04055001761764288,0.08248592801392078,3843.00693359375,14.061933822631836,2.7878588996905207,0.28642010947372576
niveau,0.6067,0,0,11,0.0796577969377395,0.022086051106452943,0.0796577969377395,0.044692772403359414,0.07745718128979207,3867.066728515625,15.461171112060548,3.0666447896595725,0.29965779693773953
niveau,0.6067,0,0,12,0.07457323938670704,0.02065896738320589,0.07457323938670704,0.04680983988568187,0.07434618361294269,3883.53474609375,16.86006217956543,3.345430679628625,0.314573239386707
niveau,0.7827,0,0,1,0.627575694660018,0.17572379648685454,0.627575694660018,0.19877572625875473,0.28075790882110596,1097.49146484375,1.4098540258407593,0.28022453597125907,0.647575694660018
niveau,0.7827,0,0,2,0.40002712703880194,0.11372330456972123,0.40002712703880194,0.1336705707013607,0.25446186840534213,1831.758369140625,2.8198473167419436,0.5604490719425181,0.4400271270388019
niveau,0.7827,0,0,3,0.2813570516442242,0.07846007734537125,0.2813570516442242,0.09640888698399067,0.21988380581140518,2482.860107421875,4.229793586730957,0.8406736079137772,0.3413570516442242
niveau,0.7827,0,0,4,0.2191871472861678,0.06070446729660034,0.2191871472861678,0.07367156371474266,0.18548647418618203,2934.24107421875,5.6397075271606445,1.1208981438850363,0.2991871472861678
niveau,0.7827,0,0,5,0.17391298557628157,0.0479570484906435,0.17391298557628157,0.06516557563096285,0.16702018931508064,3295.88443359375,7.047322311401367,1.4011226798562955,0.2739129855762816
niveau,0.7827,0,0,6,0.14285278059603324,0.03955156795680523,0.14285278059603324,0.06697805020958185,0.14030233450233937,3555.072802734375,8.451441802978515,1.6813472158275544,0.26285278059603323
niveau,0.7827,0,0,7,0.1265572070212986,0.034844546467065814,0.1265572070212986,0.05236645217984915,0.12050961457192898,3693.891884765625,9.851694679260254,1.9615717517988136,0.2665572070212986
niveau,0.7827,0,0,8,0.11141769605007497,0.030757098868489267,0.11141769605007497,0.05429184027016163,0.10856209903955459,3762.7435546875,11.254234504699706,2.2417962877700726,0.271417696050075
niveau,0.7827,0,0,9,0.10130481695573365,0.02785034291446209,0.10130481695573365,0.05136418901383877,0.09376990757882595,3824.1425,12.653262557983398,2.5220208237413315,0.2813048169557336
niveau,0.7827,0,0,10,0.09191182553882692,0.025301317498087884,0.09191182553882692,0.058478814214468,0.08644062213599682,3859.731083984375,14.048180236816407,2.802245359712591,0.29191182553882694
niveau,0.7827,0,0,11,0.08500232433068808,0.023441178128123283,0.08500232433068808,0.05216696169227362,0.07519801154732704,3886.361142578125,15.450002632141114,3.0824698956838494,0.3050023243306881
niveau,0.7827,0,0,12,0.07872416337547442,0.021766413748264313,0.07872416337547442,0.05164660448208451,0.07189318507909775,3901.99013671875,16.850798950195312,3.362694431655109,0.3187241633754744
niveau,0.548,0,0,1,0.627575694660018,0.17572379648685454,0.627575694660018,0.19877572625875473,0.28075790882110596,1097.49146484375,1.4098540258407593,0.27800502781445774,0.647575694660018
niveau,0.548,0,0,2,0.40963395727298385,0.11574860394001008,0.40963395727298385,0.12428261712193489,0.2527878111600876,1819.580341796875,2.82012825012207,0.5560100556289155,0.44963395727298383
niveau,0.548,0,0,3,0.27246001799598574,0.07646978497505189,0.27246001799598574,0.11967096015810967,0.22110156059265137,2373.697431640625,4.230903606414795,0.8340150834433733,0.33246001799598573
niveau,0.548,0,0,4,0.21175979403748446,0.05831730201840401,0.21175979403748446,0.07283478941768408,0.19009456589818,2851.0010546875,5.6402964019775395,1.112020111257831,0.2917597940374845
niveau,0.548,0,0,5,0.168573681396059,0.04669368714094162,0.168573681396059,0.055856361612677576,0.18080956302583218,3199.71763671875,7.049284267425537,1.3900251390722889,0.26857368139605897
niveau,0.548,0,0,6,0.14301562915606364,0.039600816518068314,0.14301562915606364,0.059545040540397165,0.1610884864628315,3440.580146484375,8.456708869934083,1.6680301668867465,0.26301562915606364
niveau,0.548,0,0,7,0.12322397068756122,0.03395360976457596,0.12322397068756122,0.059855856150388714,0.12642667688429354,3650.74130859375,9.862396736145019,1.9460351947012045,0.2632239706875612
niveau,0.548,0,0,8,0.10501596486657165,0.028934473618865014,0.10501596486657165,0.04930868258699775,0.10969954930245876,3739.414150390625,11.265641441345215,2.224040222515662,0.26501596486657164
niveau,0.548,0,0,9,0.09437099630265687,0.025926316678524016,0.09437099630265687,0.06957779955118895,0.10378870904445649,3783.50005859375,12.669943771362306,2.50204525033012,0.2743709963026569
niveau,0.548,0,0,10,0.0852066645200953,0.023458713889122008,0.0852066645200953,0.05220353731885553,0.08892139360308647,3827.4622265625,14.07111099243164,2.7800502781445777,0.2852066645200953
niveau,0.548,0,0,11,0.07919314422059821,0.021861592195928096,0.07919314422059821,0.05215124176815152,0.08173770256340504,3853.189970703125,15.475952033996583,3.0580553059590354,0.29919314422059823
niveau,0.548,0,0,12,0.07361502657370321,0.020348105877637863,0.07361502657370321,0.03544032407924533,0.07826346717774868,3872.050927734375,16.879426879882814,3.336060333773493,0.3136150265737032
niveau,0.4893,0,1,1,0.6774123094926897,0.18667216956615448,0.6774123094926897,0.22527129381895064,0.29410561561584475,1068.801865234375,1.4085367298126221,0.2812142470929151,0.6974123094926897
niveau,0.4893,0,1,2,0.4718290844885542,0.1313006868958473,0.4718290844885542,0.16920920491218566,0.2759589093923569,1824.78109375,2.8202321624755857,0.5624284941858302,0.5118290844885542
niveau,0.4893,0,1,3,0.3187601761701724,0.087724249958992,0.3187601761701724,0.10683983899652957,0.24564217358827592,2445.273642578125,4.2313422584533695,0.8436427412787453,0.3787601761701724
niveau,0.4893,0,1,4,0.2271562514838545,0.062445866018533705,0.2271562514838545,0.08224612183868885,0.20622686833143233,2962.054541015625,5.641411724090577,1.1248569883716604,0.3071562514838545
niveau,0.4893,0,1,5,0.18170314366882592,0.04985579192638397,0.18170314366882592,0.07038327522575855,0.17555455543100834,3325.251572265625,7.0494322586059575,1.4060712354645755,0.28170314366882593
niveau,0.4893,0,1,6,0.14757956916196968,0.040621117874979976,0.14757956916196968,0.05544554434716702,0.15473285295069217,3539.445498046875,8.455636596679687,1.6872854825574906,0.2675795691619697
niveau,0.4893,0,1,7,0.1240081831580646,0.03426482617855072,0.1240081831580646,0.07171809554100037,0.1363317807763815,3652.365068359375,9.86166675567627,1.9684997296504059,0.2640081831580646
niveau,0.4893,0,1,8,0.10911014865591223,0.03023200735449791,0.10911014865591223,0.07490471288561822,0.11336563900113106,3719.87619140625,11.267215270996093,2.2497139767433207,0.2691101486559122
niveau,0.4893,0,1,9,0.09856761352041384,0.027339756861329077,0.09856761352041384,0.045508115254342556,0.09926458209753036,3781.1716796875,12.673342170715332,2.530928223836236,0.2785676135204138
niveau,0.4893,0,1,10,0.08978739363568279,0.02486503303050995,0.08978739363568279,0.0563088833540678,0.08942365802824498,3816.60931640625,14.079137725830078,2.812142470929151,0.2897873936356828
niveau,0.4893,0,1,11,0.08099111643478041,0.022455686442553996,0.08099111643478041,0.05957122400403023,0.08029703475534916,3838.010283203125,15.48385311126709,3.093356718022066,0.3009911164347804
niveau,0.4893,0,1,12,0.07442458888017055,0.020608690194785596,0.07442458888017055,0.040287050567567345,0.07532496429979801,3866.61916015625,16.886348876953125,3.374570965114981,0.31442458888017055
niveau,0.548,0,1,1,0.6774123094926897,0.18667216956615448,0.6774123094926897,0.22967311173677443,0.29410561561584475,1068.801865234375,1.4085367298126221,0.2814804424058335,0.6974123094926897
niveau,0.548,0,1,2,0.4549189947453555,0.12583732277154921,0.4549189947453555,0.1534353092312813,0.27453390300273894,1833.068017578125,2.8193526458740235,0.562960884811667,0.4949189947453555
niveau,0.548,0,1,3,0.3065850123659979,0.08445088788866997,0.3065850123659979,0.11225066049024462,0.23374544113874435,2424.905185546875,4.2296071434021,0.8444413272175005,0.3665850123659979
niveau,0.548,0,1,4,0.217448211828255,0.05990806445479393,0.217448211828255,0.06470154404640198,0.2095521116256714,2870.024248046875,5.639332332611084,1.125921769623334,0.297448211828255
niveau,0.548,0,1,5,0.17439023643364832,0.04796799048781395,0.17439023643364832,0.06411709770560264,0.18261900179088117,3209.775390625,7.047059993743897,1.4074022120291676,0.27439023643364835
niveau,0.548,0,1,6,0.14422848818526443,0.0396449514478445,0.14422848818526443,0.05583321321755648,0.1577293772995472,3463.165146484375,8.455175743103027,1.688882654435001,0.26422848818526445
niveau,0.548,0,1,7,0.12410221480824166,0.03417450182139874,0.12410221480824166,0.052438938282430174,0.1307347748428583,3636.94798828125,9.863637542724609,1.9703630968408348,0.2641022148082417
niveau,0.548,0,1,8,0.10592758619832501,0.029150225296616553,0.10592758619832501,0.05280708737671375,0.10402820371091366,3749.65025390625,11.268682594299316,2.251843539246668,0.265927586198325
niveau,0.548,0,1,9,0.09507932214136056,0.026196156069636344,0.09507932214136056,0.047539974860847,0.09289377041161061,3792.885087890625,12.66750675201416,2.5333239816525017,0.27507932214136055
niveau,0.548,0,1,10,0.08648361453068118,0.02380619302392006,0.08648361453068118,0.03521392978727818,0.08532591454684735,3832.012197265625,14.072962532043457,2.814804424058335,0.28648361453068116
niveau,0.548,0,1,11,0.07957878771168855,0.021929132118821144,0.07957878771168855,0.051252999268472196,0.07976298563182355,3856.000947265625,15.47690284729004,3.0962848664641687,0.29957878771168855
niveau,0.548,0,1,12,0.07476321618284469,0.020626180246472357,0.07476321618284469,0.039779101461172105,0.07620969582349062,3880.47591796875,16.87568458557129,3.377765308870002,0.3147632161828447
niveau,0.9,0,0,1,0.627575694660018,0.17572379648685454,0.627575694660018,0.19877572625875473,0.28075790882110596,1097.49146484375,1.4098540258407593,0.2811548796870435,0.647575694660018
niveau,0.9,0,0,2,0.419740374350382,0.11839675724506378,0.419740374350382,0.15060646638274192,0.24819045782089233,1857.3040625,2.8197719860076904,0.562309759374087,0.45974037435038195
niveau,0.9,0,0,3,0.2696714213844173,0.07502650946378708,0.2696714213844173,0.08541857831180096,0.21224834457039832,2548.673330078125,4.229696865081787,0.8434646390611306,0.3296714213844173
niveau,0.9,0,0,4,0.21428054782344388,0.0590554179251194,0.21428054782344388,0.07633317470550537,0.19020563811063768,3004.546884765625,5.635693054199219,1.124619518748174,0.29428054782344387
niveau,0.9,0,0,5,0.17465969658715527,0.047765064835548404,0.17465969658715527,0.055749612115323546,0.1536909531801939,3372.836845703125,7.037834205627441,1.4057743984352176,0.2746596965871553
niveau,0.9,0,0,6,0.14481373576398446,0.03971802361309528,0.14481373576398446,0.05820596121251583,0.12915779739618302,3569.499287109375,8.438931694030762,1.6869292781222611,0.2648137357639845
niveau,0.9,0,0,7,0.12893743568223492,0.035260391607880595,0.12893743568223492,0.04741674717515707,0.11663741022348403,3701.781689453125,9.838172302246093,1.9680841578093047,0.26893743568223494
niveau,0.9,0,0,8,0.11780171121747543,0.03229910559952259,0.11780171121747543,0.06377235315740108,0.10519123196601868,3783.713251953125,11.233823204040528,2.249239037496348,0.27780171121747543
niveau,0.9,0,0,9,0.10893233340726091,0.029826716035604477,0.10893233340726091,0.05286333829164505,0.09381584733724595,3832.260166015625,12.632842063903809,2.5303939171833916,0.2889323334072609
niveau,0.9,0,0,10,0.09907207612623425,0.027071171179413794,0.09907207612623425,0.058214979395270344,0.08671487592160702,3866.566826171875,14.032069892883301,2.811548796870435,0.29907207612623427
niveau,0.9,0,0,11,0.09294169725811308,0.025342683270573617,0.09294169725811308,0.04758523859083653,0.07720576569437981,3892.9697265625,15.432066383361816,3.0927036765574787,0.31294169725811305
niveau,0.9,0,0,12,0.08629071285753938,0.02350535035133362,0.08629071285753938,0.0460586172901094,0.0726850850880146,3907.68486328125,16.838638610839844,3.3738585562445222,0.32629071285753936
mass,0.71,0,0,1,0.627575694660018,0.17572379648685454,0.627575694660018,0.19026715695858,0.28075790882110596,1097.49146484375,1.4098540258407593,0.27369132688424236,0.647575694660018
mass,0.71,0,0,2,0.43582747368600844,0.12261135935783386,0.43582747368600844,0.15613331779837608,0.27001959800720216,1744.572333984375,2.8196022415161135,0.5473826537684847,0.4758274736860084
mass,0.71,0,0,3,0.28616993525750173,0.08053145572543144,0.28616993525750173,0.09467072628438472,0.24212370395660401,2381.05439453125,4.229932479858398,0.8210739806527272,0.3461699352575017
mass,0.71,0,0,4,0.21571342504324267,0.06048042118549347,0.21571342504324267,0.08086128294467926,0.22002730160951614,2846.296865234375,5.641158084869385,1.0947653075369694,0.29571342504324266
mass,0.71,0,0,5,0.17414938776766292,0.047930060029029845,0.17414938776766292,0.053466261513531205,0.18193828389048577,3195.64220703125,7.049141750335694,1.3684566344212121,0.27414938776766296
mass,0.71,0,0,6,0.1451884594604934,0.040060702860355374,0.1451884594604934,0.07127706415951252,0.14714087039232254,3439.2257421875,8.458207130432129,1.6421479613054544,0.2651884594604934
mass,0.71,0,0,7,0.13190739277724617,0.036303647086024286,0.13190739277724617,0.062122628837823865,0.13027568876743317,3574.18017578125,9.869100799560547,1.9158392881896968,0.2719073927772462
mass,0.71,0,0,8,0.11763716027308002,0.03245488956570625,0.11763716027308002,0.0677489360421896,0.11809026800096036,3666.210048828125,11.278548965454101,2.189530615073939,0.27763716027308005
mass,0.71,0,0,9,0.1030077592689689,0.02834372043609619,0.1030077592689689,0.056586943566799164,0.10338252201676369,3768.535693359375,12.688138427734375,2.4632219419581816,0.2830077592689689
mass,0.71,0,0,10,0.09550576303776039,0.026270170882344245,0.09550576303776039,0.048662474788725374,0.09709866411983967,3818.16326171875,14.097994537353516,2.7369132688424243,0.2955057630377604
mass,0.71,0,0,11,0.08963600788649391,0.024599900469183922,0.08963600788649391,0.0443453723564744,0.08082160890102387,3860.91240234375,15.50682674407959,3.010604595726666,0.3096360078864939
mass,0.71,0,0,12,0.08380465706798475,0.02298207104206085,0.08380465706798475,0.046305050365626814,0.06942335955798626,3889.0280078125,16.914355545043946,3.2842959226109087,0.3238046570679847
niveau,0.6653,0,0,1,0.627575694660018,0.17572379648685454,0.627575694660018,0.19191521614789964,0.28075790882110596,1097.49146484375,1.4098540258407593,0.27948358668324846,0.647575694660018
niveau,0.6653,0,0,2,0.41627640670350324,0.11695709154009819,0.41627640670350324,0.14073515579104423,0.2533010083436966,1849.080068359375,2.8197215747833253,0.5589671733664969,0.4562764067035032
niveau,0.6653,0,0,3,0.2813495367903565,0.07809772819280625,0.2813495367903565,0.08833154238760471,0.22304683357477187,2496.235458984375,4.229323921203613,0.8384507600497454,0.3413495367903565
niveau,0.6653,0,0,4,0.20468777403304053,0.056375223845243454,0.20468777403304053,0.07103091739118099,0.1885348404943943,2950.455322265625,5.639004440307617,1.1179343467329939,0.2846877740330405
niveau,0.6653,0,0,5,0.16955323644725012,0.046370652019977567,0.16955323644725012,0.06833421446382999,0.1520358280837536,3276.27732421875,7.047196044921875,1.3974179334162424,0.26955323644725016
niveau,0.6653,0,0,6,0.1451924289232931,0.03979354575276375,0.1451924289232931,0.08138769686222076,0.13660125158727168,3499.755439453125,8.453014106750489,1.6769015200994908,0.2651924289232931
niveau,0.6653,0,0,7,0.12914647945608648,0.035486212372779845,0.12914647945608648,0.04070877796038985,0.11524164088070393,3667.96509765625,9.854332580566407,1.9563851067827394,0.2691464794560865
niveau,0.6653,0,0,8,0.11181637958877466,0.030769739076495172,0.11181637958877466,0.05130109421908855,0.10430594637989998,3766.6904296875,11.259988899230956,2.2358686934659877,0.2718163795887747
niveau,0.6653,0,0,9,0.09824142626822142,0.027031704261898996,0.09824142626822142,0.05439083818346262,0.08941599875688552,3822.781015625,12.661131553649902,2.5153522801492363,0.2782414262682214
niveau,0.6653,0,0,10,0.09077786448904282,0.025030006244778632,0.09077786448904282,0.04854534413665533,0.07917414598166943,3858.944130859375,14.058288917541503,2.794835866832485,0.29077786448904286
niveau,0.6653,0,0,11,0.0845214103450386,0.023341287449002265,0.0845214103450386,0.04472668377682567,0.07533981788903475,3881.008857421875,15.458451271057129,3.074319453515733,0.3045214103450386
niveau,0.6653,0,0,12,0.07746529177659538,0.021442092955112457,0.07746529177659538,0.04345396459102631,0.07205232217907906,3898.2355078125,16.8617862701416,3.3538030401989816,0.3174652917765954
niveau,0.7827,0,1,1,0.6774123094926897,0.18667216956615448,0.6774123094926897,0.22527129381895064,0.29410561561584475,1068.801865234375,1.4085367298126221,0.2782495986670255,0.6974123094926897
niveau,0.7827,0,1,2,0.44236450785542464,0.12319375351071357,0.44236450785542464,0.16315352968871594,0.27001254945993425,1830.293759765625,2.817919292449951,0.556499197334051,0.4823645078554246
niveau,0.7827,0,1,3,0.2942538358066117,0.08185928389430046,0.2942538358066117,0.09465652488172055,0.2326501077413559,2473.616875,4.227998847961426,0.8347487960010765,0.3542538358066117
niveau,0.7827,0,1,4,0.23004758279813298,0.06349217727780342,0.23004758279813298,0.07682641059160232,0.21291743278503417,2929.4320703125,5.637333278656006,1.112998394668102,0.310047582798133
niveau,0.7827,0,1,5,0.17784734646330447,0.04912612102925777,0.17784734646330447,0.06616513710469007,0.16791271165013313,3275.610517578125,7.0440480995178225,1.3912479933351276,0.27784734646330445
niveau,0.7827,0,1,6,0.14616891030320267,0.04036221325397491,0.14616891030320267,0.06341141577810049,0.1359049304574728,3507.819716796875,8.449555473327637,1.669497592002153,0.26616891030320267
niveau,0.7827,0,1,7,0.1254431675805378,0.03441284470260143,0.1254431675805378,0.04719905145466328,0.12215890213847161,3640.838564453125,9.853898620605468,1.9477471906691788,0.2654431675805378
niveau,0.7827,0,1,8,0.1100878104562978,0.030242261588573457,0.1100878104562978,0.04742964470759034,0.10371635258197784,3717.497509765625,11.252924194335938,2.225996789336204,0.2700878104562978
niveau,0.7827,0,1,9,0.09984015338012972,0.027576989158988,0.09984015338012972,0.04455438409000635,0.08777059026062489,3784.326318359375,12.656840896606445,2.5042463880032297,0.2798401533801297
niveau,0.7827,0,1,10,0.09275808361080776,0.025591638162732123,0.09275808361080776,0.0512026409432292,0.08052787967026234,3845.04705078125,14.055365180969238,2.782495986670255,0.2927580836108078
niveau,0.7827,0,1,11,0.08557858671419188,0.02358446307480335,0.08557858671419188,0.05015157472342253,0.07656145133078099,3870.668310546875,15.455134391784668,3.0607455853372807,0.3055785867141919
niveau,0.7827,0,1,12,0.07954884064759832,0.02197515092790127,0.07954884064759832,0.05726025030016899,0.07197282209992409,3892.606962890625,16.849779434204102,3.338995184004306,0.3195488406475983
niveau,0.724,0,0,1,0.627575694660018,0.17572379648685454,0.627575694660018,0.1908812341094017,0.28075790882110596,1097.49146484375,1.4098540258407593,0.2806251183780841,0.647575694660018
niveau,0.724,0,0,2,0.4254517954993177,0.12069868668913841,0.4254517954993177,0.14635239768773317,0.2605148643255234,1804.50943359375,2.8207390213012697,0.5612502367561683,0.4654517954993177
niveau,0.724,0,0,3,0.28701698249627317,0.08014287009835243,0.28701698249627317,0.09194242596626281,0.2157129603624344,2455.428056640625,4.230279216766357,0.8418753551342525,0.34701698249627316
niveau,0.724,0,0,4,0.21412541045041641,0.059325311928987504,0.21412541045041641,0.07544547505676746,0.17994323417544364,2929.680595703125,5.63773509979248,1.1225004735123365,0.2941254104504164
niveau,0.724,0,0,5,0.1746261578297354,0.048039958477020264,0.1746261578297354,0.05135943800210953,0.16023809127509595,3264.634228515625,7.046102466583252,1.4031255918904209,0.27462615782973543
niveau,0.724,0,0,6,0.1472317587930744,0.04041959837079048,0.1472317587930744,0.06572275098413229,0.13792315900325774,3520.702802734375,8.44845458984375,1.683750710268505,0.26723175879307437
niveau,0.724,0,0,7,0.12613390220409837,0.03471998997032642,0.12613390220409837,0.059960880279541016,0.11313451506197453,3663.034560546875,9.853917388916015,1.9643758286465893,0.2661339022040984
niveau,0.724,0,0,8,0.1151292423938091,0.031735578775405886,0.1151292423938091,0.04730562526732683,0.09989397875964641,3761.760341796875,11.257899780273437,2.245000947024673,0.2751292423938091
niveau,0.724,0,0,9,0.10449367881607204,0.028788810521364214,0.10449367881607204,0.04955640889704228,0.09096257075667381,3808.698427734375,12.655304412841797,2.5256260654027574,0.284493678816072
niveau,0.724,0,0,10,0.09350387098687708,0.025737213641405104,0.09350387098687708,0.03862385045737028,0.08189751297235488,3842.959267578125,14.055112991333008,2.8062511837808417,0.2935038709868771
niveau,0.724,0,0,11,0.08499580351483813,0.0234820244461298,0.08499580351483813,0.04527135636657476,0.07572406969964504,3872.421123046875,15.454238929748534,3.0868763021589256,0.3049958035148381
niveau,0.724,0,0,12,0.08008502271214542,0.022117832936346532,0.08008502271214542,0.05223347935825586,0.07300655897706747,3888.76908203125,16.85630226135254,3.36750142053701,0.3200850227121454
niveau,0.4893,0,0,1,0.627575694660018,0.17572379648685454,0.627575694660018,0.19877572625875473,0.28075790882110596,1097.49146484375,1.4098540258407593,0.2774982926280548,0.647575694660018
niveau,0.4893,0,0,2,0.43665296256616076,0.12314410790801049,0.43665296256616076,0.14894873663783073,0.2590063691139221,1764.22919921875,2.820348882675171,0.5549965852561096,0.47665296256616074
niveau,0.4893,0,0,3,0.29508786642272417,0.08187406197190285,0.29508786642272417,0.09147679097950459,0.21984763860702514,2365.374931640625,4.230021381378174,0.8324948778841645,0.35508786642272416
niveau,0.4893,0,0,4,0.2114930747753708,0.058219441771507265,0.2114930747753708,0.07577653001993895,0.19206725403666497,2867.84642578125,5.640164165496826,1.1099931705122192,0.2914930747753708
niveau,0.4893,0,0,5,0.17259992863159623,0.047635018825531006,0.17259992863159623,0.06053063925355673,0.1681927426159382,3293.745830078125,7.047881870269776,1.3874914631402744,0.2725999286315962
niveau,0.4893,0,0,6,0.14729128242975054,0.04031593501567841,0.14729128242975054,0.05838734351098537,0.14844274438917637,3528.47451171875,8.456414108276368,1.664989755768329,0.26729128242975053
niveau,0.4893,0,0,7,0.12629535214386223,0.03456105746328831,0.12629535214386223,0.06713731966912746,0.1246882651746273,3664.391953125,9.864385452270508,1.942488048396384,0.26629535214386224
niveau,0.4893,0,0,8,0.10925426535757615,0.029865064918994905,0.10925426535757615,0.05137357633560896,0.11361837461590767,3722.94087890625,11.271207237243653,2.2199863410244385,0.26925426535757613
niveau,0.4893,0,0,9,0.0954380834124248,0.026174742579460144,0.0954380834124248,0.04857383478432894,0.10236108675599098,3782.42859375,12.674689636230468,2.4974846336524936,0.2754380834124248
niveau,0.4893,0,0,10,0.0870915502487128,0.023903056792914868,0.0870915502487128,0.05100868476554751,0.09821110643446446,3825.356201171875,14.079510192871094,2.7749829262805488,0.2870915502487128
niveau,0.4893,0,0,11,0.08099309466609515,0.022223330661654474,0.08099309466609515,0.047010278478264805,0.09049229331314564,3853.256376953125,15.483906593322754,3.052481218908603,0.30099309466609514
niveau,0.4893,0,0,12,0.07576068752643676,0.02077623885124922,0.07576068752643676,0.04937809491530061,0.08318631425499916,3879.00212890625,16.886673583984376,3.329979511536658,0.31576068752643677
ucb,0.2626,0,0,1,0.627575694660018,0.17572379648685454,0.627575694660018,0.19877572625875473,0.28075790882110596,1097.49146484375,1.4098540258407593,0.2523904353248266,0.647575694660018
ucb,0.2626,0,0,2,0.4341703309845136,0.12167637288570404,0.4341703309845136,0.1412933027744293,0.2611460322141647,1714.66140625,2.8191731452941893,0.5047808706496532,0.47417033098451355
ucb,0.2626,0,0,3,0.28647255570547964,0.08114062175154686,0.28647255570547964,0.09120910570025444,0.2284119975566864,2294.9259765625,4.229764099121094,0.7571713059744798,0.34647255570547963
ucb,0.2626,0,0,4,0.2157118702884232,0.060803407654166225,0.2157118702884232,0.0884396192803979,0.21744171485304833,2668.95361328125,5.639382553100586,1.0095617412993063,0.2957118702884232
ucb,0.2626,0,0,5,0.17856692779642788,0.05031385570764542,0.17856692779642788,0.056331070959568026,0.19663274735212327,2964.4219140625,7.048913555145264,1.261952176624133,0.2785669277964279
ucb,0.2626,0,0,6,0.14751318950963277,0.04093243561685085,0.14751318950963277,0.05419083122164011,0.1815984608978033,3218.6060546875,8.457930641174316,1.5143426119489596,0.26751318950963276
ucb,0.2626,0,0,7,0.12882771830857595,0.03597788974642754,0.12882771830857595,0.05535037368535996,0.15998851366341113,3351.801474609375,9.867262725830079,1.7667330472737863,0.268827718308576
ucb,0.2626,0,0,8,0.11320079068667413,0.03140178896486759,0.11320079068667413,0.054473607670515775,0.14385222896933555,3450.014189453125,11.277695236206055,2.0191234825986126,0.27320079068667413
ucb,0.2626,0,0,9,0.10160093342737295,0.02819128945469856,0.10160093342737295,0.055162708722054955,0.14415221996605396,3506.888310546875,12.68747989654541,2.271513917923439,0.2816009334273729
ucb,0.2626,0,0,10,0.0938543500989004,0.026036994606256483,0.0938543500989004,0.056214582622051236,0.13541750714182854,3560.79953125,14.095739440917969,2.523904353248266,0.29385435009890043
ucb,0.2626,0,0,11,0.08797738680735742,0.02437958650290966,0.08797738680735742,0.06032179642468691,0.12821303829550743,3622.96423828125,15.505612487792968,2.7762947885730926,0.3079773868073574
ucb,0.2626,0,0,12,0.0809329871008592,0.022384903803467752,0.0809329871008592,0.053141330564394594,0.11490251392126083,3678.887060546875,16.91500602722168,3.028685223897919,0.32093298710085916
niveau,0.6067,0,1,1,0.6774123094926897,0.18667216956615448,0.6774123094926897,0.2184020273387432,0.29410561561584475,1068.801865234375,1.4085367298126221,0.27950749858515334,0.6974123094926897
niveau,0.6067,0,1,2,0.4882533088158903,0.13392463088035583,0.4882533088158903,0.18537751413881778,0.27107464224100114,1784.40982421875,2.8193404865264893,0.5590149971703067,0.5282533088158903
niveau,0.6067,0,1,3,0.3398593579879602,0.09188084259629249,0.3398593579879602,0.10187416858971118,0.24748535305261612,2430.389228515625,4.227772121429443,0.8385224957554601,0.3998593579879602
niveau,0.6067,0,1,4,0.22970096899646186,0.06261025816202163,0.22970096899646186,0.09143618017435073,0.21149077251553536,2908.7803125,5.636011333465576,1.1180299943406133,0.3097009689964619
niveau,0.6067,0,1,5,0.1730705354503096,0.047630465030670165,0.1730705354503096,0.05774862453341484,0.17731095038354397,3233.475185546875,7.043324642181396,1.397537492925767,0.27307053545030957
niveau,0.6067,0,1,6,0.14818645583122395,0.04061190478503704,0.14818645583122395,0.06814296320080757,0.15021054558455943,3487.16412109375,8.447915725708008,1.6770449915109202,0.2681864558312239
niveau,0.6067,0,1,7,0.12760406948504135,0.034884520545601844,0.12760406948504135,0.06909908019006253,0.12959929697215558,3632.20302734375,9.85483657836914,1.9565524900960738,0.26760406948504134
niveau,0.6067,0,1,8,0.1126412926222624,0.03094281755387783,0.1126412926222624,0.050754425767809155,0.11160807058215141,3751.51017578125,11.260995292663575,2.2360599886812267,0.2726412926222624
niveau,0.6067,0,1,9,0.10087802922762186,0.027831419855356216,0.10087802922762186,0.04389120243489742,0.095307751968503,3800.1475390625,12.664134559631348,2.5155674872663805,0.28087802922762184
niveau,0.6067,0,1,10,0.09040194341256001,0.02500283233821392,0.09040194341256001,0.04929936680942774,0.09093896999955177,3835.999091796875,14.066499519348145,2.795074985851534,0.29040194341256004
niveau,0.6067,0,1,11,0.0830126851311644,0.022974394224584103,0.0830126851311644,0.04468797169625759,0.08407645277678967,3866.5774609375,15.463054733276367,3.074582484436687,0.3030126851311644
niveau,0.6067,0,1,12,0.07687266709407496,0.021302371434867382,0.07687266709407496,0.04879118826240301,0.07385317608714104,3886.442490234375,16.86232276916504,3.3540899830218405,0.31687266709407497
niveau,0.372,0,0,1,0.627575694660018,0.17572379648685454,0.627575694660018,0.20606848269701003,0.28075790882110596,1097.49146484375,1.4098540258407593,0.2773455326600621,0.647575694660018
niveau,0.372,0,0,2,0.418783296178341,0.11770292192697525,0.418783296178341,0.13696058824658394,0.25176685392856596,1812.35720703125,2.8213905239105226,0.5546910653201242,0.45878329617834096
niveau,0.372,0,0,3,0.28560954314051945,0.07969256743788719,0.28560954314051945,0.10016859531402587,0.22458807349205018,2398.6303125,4.23150405883789,0.8320365979801864,0.34560954314051945
niveau,0.372,0,0,4,0.22773443644535296,0.06354510188102722,0.22773443644535296,0.07072995834052563,0.19610907450318338,2753.176201171875,5.641728363037109,1.1093821306402485,0.307734436445353
niveau,0.372,0,0,5,0.17618729849433573,0.04872051276266575,0.17618729849433573,0.06009028632193804,0.17724456295371055,3131.45736328125,7.050481643676758,1.3867276633003107,0.27618729849433576
niveau,0.372,0,0,6,0.14767240119608527,0.040781638845801355,0.14767240119608527,0.06379319451749325,0.15584022492170335,3430.63380859375,8.460393676757812,1.6640731959603727,0.26767240119608526
niveau,0.372,0,0,7,0.12787257122412396,0.03495914652943611,0.12787257122412396,0.05323008917272091,0.13887604877352713,3568.17611328125,9.869745445251464,1.941418728620435,0.267872571224124
niveau,0.372,0,0,8,0.1150407209211519,0.03140737995505333,0.1150407209211519,0.05130695175379515,0.12644101724028586,3650.6258203125,11.276107597351075,2.218764261280497,0.2750407209211519
niveau,0.372,0,0,9,0.1045666982079015,0.028594911098480225,0.1045666982079015,0.05580828033387661,0.11816021844744683,3703.76748046875,12.683683471679688,2.496109793940559,0.2845666982079015
niveau,0.372,0,0,10,0.09217934920230403,0.025355451628565787,0.09217934920230403,0.04575826905667782,0.10486598521471023,3785.997578125,14.089244804382325,2.7734553266006214,0.29217934920230404
niveau,0.372,0,0,11,0.08408276849779533,0.02317036036401987,0.08408276849779533,0.045909619405865666,0.09946603238582612,3815.118916015625,15.495050773620605,3.0508008592606832,0.30408276849779536
niveau,0.372,0,0,12,0.07685381826072984,0.021240002885460855,0.07685381826072984,0.04848020691424608,0.09762570768594742,3844.308935546875,16.904222946166993,3.3281463919207455,0.31685381826072984
niveau,0.3133,0,0,1,0.627575694660018,0.17572379648685454,0.627575694660018,0.19781917303800584,0.28075790882110596,1097.49146484375,1.4098540258407593,0.27613435955097276,0.647575694660018
niveau,0.3133,0,0,2,0.43192962840149235,0.12121718287467957,0.43192962840149235,0.12825988352298737,0.2512438490986824,1796.603857421875,2.821225471496582,0.5522687191019455,0.47192962840149233
niveau,0.3133,0,0,3,0.3115636936003987,0.08652472272515296,0.3115636936003987,0.10569339852780103,0.22994055300951005,2355.064296875,4.231409149169922,0.8284030786529183,0.3715636936003987
niveau,0.3133,0,0,4,0.22693850459715445,0.06251328438520432,0.22693850459715445,0.06411234624683856,0.1964099968969822,2860.75806640625,5.640813636779785,1.104537438203891,0.30693850459715444
niveau,0.3133,0,0,5,0.18470405706492457,0.05106734149158001,0.18470405706492457,0.057694841511547565,0.16745160400867462,3230.046240234375,7.050996284484864,1.380671797754864,0.2847040570649246
niveau,0.3133,0,0,6,0.15473916438468432,0.042774292081594466,0.15473916438468432,0.06348699431866407,0.15754140585660933,3463.366162109375,8.459939956665039,1.6568061573058366,0.2747391643846843
niveau,0.3133,0,0,7,0.12855974531271397,0.035268501490354535,0.12855974531271397,0.05496654912829399,0.12762851156294347,3609.08265625,9.868704719543457,1.9329405168568095,0.268559745312714
niveau,0.3133,0,0,8,0.1130335620096524,0.03107621058821678,0.1130335620096524,0.04089930854737758,0.1135034904628992,3703.799130859375,11.276792945861816,2.209074876407782,0.2730335620096524
niveau,0.3133,0,0,9,0.10074192751624786,0.027666035778820514,0.10074192751624786,0.04519661854952574,0.10414262212812901,3770.524287109375,12.684192276000976,2.485209235958755,0.2807419275162478
niveau,0.3133,0,0,10,0.08906002066038159,0.02458327554166317,0.08906002066038159,0.060384808368980886,0.0954459235817194,3809.038056640625,14.091319427490234,2.761343595509728,0.2890600206603816
niveau,0.3133,0,0,11,0.08208503020929886,0.02265874411910772,0.08208503020929886,0.039846887532621625,0.085984096378088,3839.684521484375,15.49839012145996,3.0374779550607003,0.3020850302092989
niveau,0.3133,0,0,12,0.07574481730457648,0.02094286248087883,0.07574481730457648,0.048194758482277396,0.08342245280742645,3854.912236328125,16.903908081054688,3.313612314611673,0.3157448173045765
niveau,0.724,0,1,1,0.6774123094926897,0.18667216956615448,0.6774123094926897,0.22974613472819327,0.29410561561584475,1068.801865234375,1.4085367298126221,0.2796504376820909,0.6974123094926897
niveau,0.724,0,1,2,0.4423019304302538,0.12331778198480606,0.4423019304302538,0.17097906954586506,0.2673846688866615,1825.0383984375,2.8187403011322023,0.5593008753641818,0.48230193043025377
niveau,0.724,0,1,3,0.2944863125478739,0.08166595682501793,0.2944863125478739,0.10127165354788303,0.23088109150528907,2490.52603515625,4.229338722229004,0.8389513130462728,0.3544863125478739
niveau,0.724,0,1,4,0.22112463983774414,0.06079411402344704,0.22112463983774414,0.06603778734803199,0.18949093118309976,2958.02681640625,5.637059154510498,1.1186017507283637,0.3011246398377441
niveau,0.724,0,1,5,0.17984783346015637,0.04938515037298202,0.17984783346015637,0.05786415159702301,0.16677002862095833,3284.080078125,7.044923229217529,1.3982521884104546,0.2798478334601564
niveau,0.724,0,1,6,0.15029544389265528,0.04140355512499809,0.15029544389265528,0.051502681374549865,0.13800578981637954,3534.6908984375,8.448905830383302,1.6779026260925456,0.27029544389265525
niveau,0.724,0,1,7,0.12898160585033522,0.035586788728833196,0.12898160585033522,0.05417882613837719,0.11932840764522552,3671.982763671875,9.85145751953125,1.9575530637746366,0.26898160585033526
niveau,0.724,0,1,8,0.11251364513589687,0.03104795090854168,0.11251364513589687,0.04453588189557195,0.10129010237753391,3759.63408203125,11.248886413574219,2.2372035014567273,0.2725136451358969
niveau,0.724,0,1,9,0.10095747122404157,0.027890331596136093,0.10095747122404157,0.04407926559448242,0.08789157204329967,3812.179560546875,12.64379753112793,2.5168539391388185,0.2809574712240416
niveau,0.724,0,1,10,0.09159761067352842,0.025355241671204568,0.09159761067352842,0.043925846107304094,0.08015393942594529,3841.77171875,14.045889587402344,2.7965043768209092,0.2915976106735284
niveau,0.724,0,1,11,0.08352266109845387,0.0231674413010478,0.08352266109845387,0.03739730281755328,0.07655417025089264,3870.185703125,15.446156005859375,3.076154814503,0.3035226610984539
niveau,0.724,0,1,12,0.07920328005808676,0.021972361244261263,0.07920328005808676,0.041708153896033766,0.07445718787610531,3885.214267578125,16.847552947998047,3.355805252185091,0.31920328005808674
mass,0.77,0,0,1,0.627575694660018,0.17572379648685454,0.627575694660018,0.2030514219403267,0.28075790882110596,1097.49146484375,1.4098540258407593,0.2736858155446437,0.647575694660018
mass,0.77,0,0,2,0.41494960207065895,0.11651418715715409,0.41494960207065895,0.15278491750359535,0.26513526499271395,1807.219619140625,2.8208196544647217,0.5473716310892874,0.45494960207065893
mass,0.77,0,0,3,0.30526836561582327,0.08555722415447235,0.30526836561582327,0.11650828406214714,0.2427946597337723,2366.97115234375,4.231516532897949,0.8210574466339312,0.36526836561582327
mass,0.77,0,0,4,0.23017964677032313,0.06441453039646149,0.23017964677032313,0.07507407076656819,0.20526755198836327,2865.248798828125,5.642361869812012,1.0947432621785749,0.3101796467703231
mass,0.77,0,0,5,0.18108998580948435,0.05004010498523712,0.18108998580948435,0.06682512018829584,0.16627176731824875,3235.572734375,7.05227575302124,1.3684290777232186,0.28108998580948436
mass,0.77,0,0,6,0.14902548043305888,0.041061926037073135,0.14902548043305888,0.04732218869030476,0.13184983253479005,3513.250380859375,8.462819480895996,1.6421148932678624,0.26902548043305885
mass,0.77,0,0,7,0.13196131767679126,0.03654095239937306,0.13196131767679126,0.060761745609343054,0.11253069467842579,3660.1959765625,9.872403030395509,1.9158007088125062,0.27196131767679127
mass,0.77,0,0,8,0.11576225601996856,0.03207443118095398,0.11576225601996856,0.05246353793889284,0.09449018761515618,3776.74771484375,11.28167205810547,2.1894865243571497,0.27576225601996857
mass,0.77,0,0,9,0.10734519791025543,0.029743001461029053,0.10734519791025543,0.0685790117457509,0.08680431298911571,3824.079384765625,12.69069076538086,2.4631723399017935,0.2873451979102554
mass,0.77,0,0,10,0.09757027379788452,0.0268851700425148,0.09757027379788452,0.05774492546916008,0.07947437234222889,3859.4678125,14.100089874267578,2.7368581554464373,0.29757027379788453
mass,0.77,0,0,11,0.09048746142000885,0.0249037167429924,0.09048746142000885,0.04692714422941208,0.07488696530461311,3886.09826171875,15.509939002990723,3.010543970991081,0.3104874614200088
mass,0.77,0,0,12,0.08589721138009578,0.023633838519454,0.08589721138009578,0.06306493178009986,0.0723781005293131,3903.362841796875,16.919915618896486,3.284229786535725,0.32589721138009575
ucb,0.6082,0,0,1,0.627575694660018,0.17572379648685454,0.627575694660018,0.19877572625875473,0.28075790882110596,1097.49146484375,1.4098540258407593,0.2670131925485717,0.647575694660018
ucb,0.6082,0,0,2,0.4523521285578554,0.1278454154729843,0.4523521285578554,0.16275097608566283,0.2689754503965378,1815.3219921875,2.8207696437835694,0.5340263850971434,0.4923521285578554
ucb,0.6082,0,0,3,0.2812092852283843,0.07817468211054802,0.2812092852283843,0.10396019414067269,0.23345493286848068,2438.75390625,4.231675243377685,0.8010395776457152,0.3412092852283843
ucb,0.6082,0,0,4,0.21039591079023093,0.05748779341578483,0.21039591079023093,0.09382177583873272,0.20758573949337006,2909.89935546875,5.641584911346436,1.0680527701942868,0.2903959107902309
ucb,0.6082,0,0,5,0.17274423100917072,0.04698091648519039,0.17274423100917072,0.06792877655476331,0.1792594526708126,3181.560361328125,7.052356243133545,1.3350659627428587,0.2727442310091707
ucb,0.6082,0,0,6,0.149238225654093,0.04079510003328323,0.149238225654093,0.06990629747509956,0.1659816800057888,3322.4275,8.461914176940917,1.6020791552914304,0.269238225654093
ucb,0.6082,0,0,7,0.13360299198863668,0.03649907626211643,0.13360299198863668,0.07350528202950954,0.15458900846540927,3430.315322265625,9.87279525756836,1.8690923478400023,0.2736029919886367
ucb,0.6082,0,0,8,0.11459034433190003,0.03158803105354309,0.11459034433190003,0.07607315549626946,0.13936775825917722,3539.004677734375,11.284205703735351,2.1361055403885736,0.27459034433190005
ucb,0.6082,0,0,9,0.10372807665988638,0.028617253080010414,0.10372807665988638,0.052698888778686524,0.13369643695652486,3615.99205078125,12.694075241088868,2.4031187329371457,0.28372807665988636
ucb,0.6082,0,0,10,0.09554597229521482,0.02632372036576271,0.09554597229521482,0.06347463559359312,0.12584127940237522,3675.31330078125,14.103894805908203,2.6701319254857174,0.29554597229521484
ucb,0.6082,0,0,11,0.08725374593284695,0.02399461079388857,0.08725374593284695,0.048648811653256414,0.11939239747822285,3706.31955078125,15.514179000854492,2.937145118034289,0.30725374593284693
ucb,0.6082,0,0,12,0.07968169899085722,0.021977621763944626,0.07968169899085722,0.06663821257650852,0.11089165158569812,3741.825888671875,16.924679565429688,3.204158310582861,0.3196816989908572
niveau,0.8413,0,0,1,0.627575694660018,0.17572379648685454,0.627575694660018,0.197788974493742,0.28075790882110596,1097.49146484375,1.4098540258407593,0.2804765826603398,0.647575694660018
niveau,0.8413,0,0,2,0.4191858095215093,0.11857770770788192,0.4191858095215093,0.1441263161599636,0.2570805501937866,1823.218427734375,2.8204792022705076,0.5609531653206796,0.4591858095215093
niveau,0.8413,0,0,3,0.27757501725394645,0.07805600836873054,0.27757501725394645,0.08384460113942623,0.22711269050836563,2505.458173828125,4.228946685791016,0.8414297479810194,0.33757501725394645
niveau,0.8413,0,0,4,0.21121930978658546,0.05852585107088089,0.21121930978658546,0.07028287179768085,0.18685343280434608,3007.76328125,5.635812397003174,1.1219063306413593,0.29121930978658545
niveau,0.8413,0,0,5,0.17491127526944794,0.0478730046749115,0.17491127526944794,0.0547300298884511,0.16393245354294778,3359.060234375,7.03922887802124,1.4023829133016992,0.2749112752694479
niveau,0.8413,0,0,6,0.1494890332148906,0.04101370014250279,0.1494890332148906,0.049405171275138854,0.13287950821220876,3574.879609375,8.438895225524902,1.6828594959620389,0.2694890332148906
niveau,0.8413,0,0,7,0.1349137845271361,0.036934945881366726,0.1349137845271361,0.06485515747219324,0.12015871606767177,3689.216591796875,9.842279815673828,1.9633360786223788,0.2749137845271361
niveau,0.8413,0,0,8,0.11958908451006359,0.03268120437860489,0.11958908451006359,0.07072890833020211,0.10910648800432682,3757.207822265625,11.244186401367188,2.2438126612827185,0.2795890845100636
niveau,0.8413,0,0,9,0.10822895855914214,0.029612151011824607,0.10822895855914214,0.042391483895480635,0.09172028265893459,3822.360322265625,12.638567581176758,2.524289243943058,0.2882289585591421
niveau,0.8413,0,0,10,0.09786312778888843,0.026861448362469672,0.09786312778888843,0.0567519111931324,0.08382722713053227,3859.58876953125,14.039249534606933,2.8047658266033983,0.29786312778888846
niveau,0.8413,0,0,11,0.09110022956393102,0.02502146951854229,0.09110022956393102,0.037809236384928224,0.07651866130530834,3883.669140625,15.441606063842773,3.0852424092637376,0.311100229563931
niveau,0.8413,0,0,12,0.08476611783716648,0.02335994191467762,0.08476611783716648,0.057769975885748864,0.07306450728327035,3904.58482421875,16.839078063964845,3.3657189919240778,0.32476611783716647
ucb,1.0648,0,0,1,0.627575694660018,0.17572379648685454,0.627575694660018,0.19877572625875473,0.28075790882110596,1097.49146484375,1.4098540258407593,0.2684816145307074,0.647575694660018
ucb,1.0648,0,0,2,0.4583484257804548,0.12865040093660354,0.4583484257804548,0.16822358280420302,0.2610172426700592,1806.048369140625,2.820503931045532,0.5369632290614148,0.4983484257804548
ucb,1.0648,0,0,3,0.2852456290633754,0.07846453681588172,0.2852456290633754,0.1120235376432538,0.2236407533288002,2535.869873046875,4.230626354217529,0.8054448435921223,0.3452456290633754
ucb,1.0648,0,0,4,0.2262895355811108,0.062013579607009886,0.2262895355811108,0.07699373062700034,0.18186008244752883,2965.085478515625,5.642374153137207,1.0739264581228296,0.30628953558111083
ucb,1.0648,0,0,5,0.1794797117122372,0.04910545989871025,0.1794797117122372,0.06344235949218273,0.15874733850359918,3291.516845703125,7.0512721061706545,1.3424080726535372,0.2794797117122372
ucb,1.0648,0,0,6,0.15482127126611625,0.0422879396378994,0.15482127126611625,0.059051627963781356,0.13593879990279675,3518.81658203125,8.460143089294434,1.6108896871842446,0.2748212712661162
ucb,1.0648,0,0,7,0.1302672577408323,0.035866742730140684,0.1302672577408323,0.0451845321431756,0.12104436621069908,3626.076708984375,9.870835571289062,1.8793713017149523,0.2702672577408323
ucb,1.0648,0,0,8,0.11350825451766804,0.03137622453272343,0.11350825451766804,0.0545971167832613,0.10718003824353219,3711.501845703125,11.27950855255127,2.147852916245659,0.273508254517668
ucb,1.0648,0,0,9,0.1018521309767924,0.028108326271176338,0.1018521309767924,0.054271308071911335,0.09588197119534016,3758.52015625,12.690231742858886,2.416334530776367,0.2818521309767924
ucb,1.0648,0,0,10,0.09065632613429195,0.025015946179628372,0.09065632613429195,0.05836871072649956,0.08687187276780606,3803.913525390625,14.097965850830079,2.6848161453070745,0.29065632613429193
ucb,1.0648,0,0,11,0.08339516403229083,0.023059047386050226,0.08339516403229083,0.05592112272977829,0.07956231020390987,3847.453798828125,15.508058166503906,2.9532977598377816,0.30339516403229083
ucb,1.0648,0,0,12,0.07755418741089418,0.02147266738116741,0.07755418741089418,0.03815822269767523,0.07533989660441875,3867.21779296875,16.91897491455078,3.2217793743684893,0.31755418741089414
eid,3.2631,0,0,1,0.627575694660018,0.17572379648685454,0.627575694660018,0.19877572625875473,0.28075790882110596,1097.49146484375,1.4098540258407593,0.2813910214595186,0.647575694660018
eid,3.2631,0,0,2,0.4531483889672463,0.12869826808571816,0.4531483889672463,0.1701095397770405,0.26869892835617065,1572.652724609375,2.8152697467803955,0.5627820429190372,0.4931483889672463
eid,3.2631,0,0,3,0.3089121881471531,0.0864494863897562,0.3089121881471531,0.1239325637370348,0.24603385269641875,2069.135166015625,4.223176136016845,0.8441730643785559,0.3689121881471531
eid,3.2631,0,0,4,0.25212974561195856,0.07115903757512569,0.25212974561195856,0.1062224618345499,0.23080473721027375,2348.8765234375,5.627712516784668,1.1255640858380744,0.33212974561195857
eid,3.2631,0,0,5,0.198851464672724,0.05575717493891716,0.198851464672724,0.09597635634243488,0.19536748200654983,2605.528388671875,7.033345947265625,1.4069551072975932,0.298851464672724
eid,3.2631,0,0,6,0.155651866454909,0.04371315263211727,0.155651866454909,0.0869850444048643,0.18021725848317147,2822.758115234375,8.442738647460937,1.6883461287571118,0.275651866454909
eid,3.2631,0,0,7,0.13080863908053128,0.03673380620777607,0.13080863908053128,0.06651440396904945,0.15476461961865426,3004.16802734375,9.84924991607666,1.9697371502166305,0.2708086390805313
eid,3.2631,0,0,8,0.1204751970281253,0.03374830100685358,0.1204751970281253,0.05639640711247921,0.14258880868554116,3146.0059765625,11.258755340576172,2.251128171676149,0.2804751970281253
eid,3.2631,0,0,9,0.10719701833522696,0.030002085603773595,0.10719701833522696,0.05308372275903821,0.13043051414191723,3263.320458984375,12.666256370544433,2.5325191931356676,0.28719701833522693
eid,3.2631,0,0,10,0.098640956420358,0.02756700348109007,0.098640956420358,0.06306599654257297,0.12329875700175762,3368.36123046875,14.074925422668457,2.8139102145951864,0.29864095642035804
eid,3.2631,0,0,11,0.08778467139701279,0.024420099072158336,0.08778467139701279,0.045230946093797686,0.11427458859980107,3457.864443359375,15.482415962219239,3.0953012360547048,0.3077846713970128
eid,3.2631,0,0,12,0.08002035359451455,0.022157546430826187,0.08002035359451455,0.05844478860497475,0.10366675548255444,3563.6052734375,16.89173698425293,3.3766922575142235,0.32002035359451453
niveau,0.8413,0,1,1,0.6774123094926897,0.18667216956615448,0.6774123094926897,0.22527129381895064,0.29410561561584475,1068.801865234375,1.4085367298126221,0.2766828904075858,0.6974123094926897
niveau,0.8413,0,1,2,0.43989590880776747,0.12267356097698212,0.43989590880776747,0.1532764756679535,0.27161460131406784,1837.129931640625,2.8192797470092774,0.5533657808151716,0.47989590880776745
niveau,0.8413,0,1,3,0.3083677577322426,0.08526091411709785,0.3083677577322426,0.11152077600359916,0.245789213180542,2494.50322265625,4.2293564987182615,0.8300486712227575,0.3683677577322426
niveau,0.8413,0,1,4,0.22854050610766996,0.06338347941637039,0.22854050610766996,0.06848987266421318,0.21707018211483955,2917.0536328125,5.636713943481445,1.1067315616303433,0.30854050610767
niveau,0.8413,0,1,5,0.17843960080119353,0.0490149250626564,0.17843960080119353,0.060200832188129424,0.18317296728491783,3296.878876953125,7.041518669128418,1.3834144520379292,0.27843960080119357
niveau,0.8413,0,1,6,0.15128320012284008,0.04164220578968525,0.15128320012284008,0.05103730484843254,0.1358764872699976,3562.135,8.44439380645752,1.660097342445515,0.2712832001228401
niveau,0.8413,0,1,7,0.136193077096405,0.037393115162849426,0.136193077096405,0.05617490991950035,0.11553122505545615,3681.896279296875,9.84247959136963,1.936780232853101,0.276193077096405
niveau,0.8413,0,1,8,0.12118419999465355,0.03322553187608719,0.12118419999465355,0.05875348657369614,0.10447825327515602,3768.7478515625,11.236574745178222,2.2134631232606865,0.28118419999465355
niveau,0.8413,0,1,9,0.10873074485638615,0.029951449781656266,0.10873074485638615,0.04981125444173813,0.08956739366054535,3819.811201171875,12.632414512634277,2.4901460136682725,0.28873074485638617
niveau,0.8413,0,1,10,0.09889552476691015,0.02724887229502201,0.09889552476691015,0.05585590373724699,0.08031528428196907,3861.436201171875,14.029961090087891,2.7668289040758585,0.29889552476691017
niveau,0.8413,0,1,11,0.09038535283702036,0.024957022294402123,0.09038535283702036,0.05054984897375107,0.0756921548396349,3881.637958984375,15.424518127441406,3.043511794483444,0.31038535283702035
niveau,0.8413,0,1,12,0.0840293176471377,0.023198339492082595,0.0840293176471377,0.05864597007632256,0.07011134289205075,3898.071220703125,16.82439682006836,3.32019468489103,0.3240293176471377
mass,0.53,0,1,1,0.6774123094926897,0.18667216956615448,0.6774123094926897,0.22527129381895064,0.29410561561584475,1068.801865234375,1.4085367298126221,0.2785310198102767,0.6974123094926897
mass,0.53,0,1,2,0.4532422728740099,0.12441865086555481,0.4532422728740099,0.14287602961063384,0.2660469835996628,1782.09822265625,2.818981256484985,0.5570620396205535,0.4932422728740099
mass,0.53,0,1,3,0.30359169456430374,0.08392806202173234,0.30359169456430374,0.08247952982783317,0.22376299455761908,2362.0834375,4.229158611297607,0.8355930594308302,0.36359169456430374
mass,0.53,0,1,4,0.23038426433799464,0.06394601210951806,0.23038426433799464,0.07600223913788795,0.20589711800217628,2726.781220703125,5.6389572715759275,1.114124079241107,0.31038426433799465
mass,0.53,0,1,5,0.1947299162456959,0.05417081519961357,0.1947299162456959,0.05906074648723006,0.19144644394516944,2994.61841796875,7.0489726066589355,1.3926550990513837,0.2947299162456959
mass,0.53,0,1,6,0.15134051781250196,0.04202035404741764,0.15134051781250196,0.0454618564248085,0.16345821999013424,3286.20642578125,8.459855918884278,1.6711861188616604,0.27134051781250196
mass,0.53,0,1,7,0.13232579278202267,0.03686586961150169,0.13232579278202267,0.04883005740121007,0.14053354382514954,3472.76669921875,9.870898551940918,1.9497171386719372,0.2723257927820227
mass,0.53,0,1,8,0.118048588939034,0.03285817094147205,0.118048588939034,0.06276860076934099,0.12610358469188213,3607.382705078125,11.281686744689942,2.228248158482214,0.278048588939034
mass,0.53,0,1,9,0.10288660575177504,0.028513553962111474,0.10288660575177504,0.04972166702151298,0.1122847381979227,3702.6700390625,12.690971031188965,2.5067791782924904,0.28288660575177504
mass,0.53,0,1,10,0.0921177086960585,0.025419930964708327,0.0921177086960585,0.058155669793486596,0.09116843886673451,3760.26474609375,14.099082946777344,2.7853101981027675,0.2921177086960585
mass,0.53,0,1,11,0.08294506594879597,0.022887943536043166,0.08294506594879597,0.04308218035846949,0.08437554016709328,3810.513916015625,15.508349990844726,3.0638412179130436,0.302945065948796
mass,0.53,0,1,12,0.07763859353568033,0.021390396729111673,0.07763859353568033,0.0508313187584281,0.08099428549408913,3849.16396484375,16.91864143371582,3.3423722377233207,0.3176385935356803
mass,0.83,0,0,1,0.627575694660018,0.17572379648685454,0.627575694660018,0.1960989010334015,0.28075790882110596,1097.49146484375,1.4098540258407593,0.27304201004871476,0.647575694660018
mass,0.83,0,0,2,0.4302743177101805,0.12166043922305107,0.4302743177101805,0.1580520310997963,0.2569713848829269,1844.23208984375,2.8209142112731933,0.5460840200974295,0.47027431771018047
mass,0.83,0,0,3,0.29584707410781436,0.08188977494835853,0.29584707410781436,0.11418979987502098,0.22612241223454477,2460.10302734375,4.231828136444092,0.8191260301461444,0.35584707410781435
mass,0.83,0,0,4,0.23080755336069983,0.06362552933394909,0.23080755336069983,0.08357015997171402,0.19465595200657845,2968.427890625,5.642704067230224,1.092168040194859,0.3108075533606998
mass,0.83,0,0,5,0.19472029729799314,0.053503749743103984,0.19472029729799314,0.07005165413022041,0.16649304166436196,3244.6765625,7.0521571159362795,1.365210050243574,0.29472029729799315
mass,0.83,0,0,6,0.15440399501334678,0.04236602120101452,0.15440399501334678,0.0782469492405653,0.14098682664334775,3490.041708984375,8.463135681152345,1.6382520602922888,0.2744039950133468
mass,0.83,0,0,7,0.1316913499886271,0.03627201586961746,0.1316913499886271,0.07013368129730224,0.11367770209908486,3695.720703125,9.873505363464355,1.9112940703410037,0.2716913499886271
mass,0.83,0,0,8,0.11994093864896711,0.03299102187156677,0.11994093864896711,0.06491506323218346,0.10540864728391171,3763.509853515625,11.283570289611816,2.184336080389718,0.27994093864896713
mass,0.83,0,0,9,0.10799457752940064,0.029723550379276275,0.10799457752940064,0.08160639703273773,0.09241546370089054,3814.072666015625,12.692308006286622,2.457378090438433,0.2879945775294006
mass,0.83,0,0,10,0.10111272968028409,0.027830017507076265,0.10111272968028409,0.049495877996087075,0.08733441799879074,3855.220869140625,14.10207305908203,2.730420100487148,0.30111272968028413
mass,0.83,0,0,11,0.09456813963277393,0.026001318022608758,0.09456813963277393,0.0795184288918972,0.08010239094495773,3881.742431640625,15.513161392211915,3.0034621105358625,0.3145681396327739
mass,0.83,0,0,12,0.08748169054757604,0.024027652740478515,0.08748169054757604,0.05579827193170786,0.07432784341275692,3905.38263671875,16.922984313964843,3.2765041205845775,0.32748169054757603
mass,0.47,0,0,1,0.627575694660018,0.17572379648685454,0.627575694660018,0.19529212325811385,0.28075790882110596,1097.49146484375,1.4098540258407593,0.274759665011273,0.647575694660018
mass,0.47,0,0,2,0.44884080054684766,0.12582431495189667,0.44884080054684766,0.1518162089586258,0.25132538348436356,1678.799990234375,2.8156457328796387,0.549519330022546,0.48884080054684764
mass,0.47,0,0,3,0.3294000040270664,0.09213384553790092,0.3294000040270664,0.10717478200793266,0.23284430906176568,2177.193076171875,4.224045944213867,0.8242789950338191,0.38940000402706637
mass,0.47,0,0,4,0.2488203649880532,0.06988603778183461,0.2488203649880532,0.09101251229643821,0.2092019048333168,2536.965029296875,5.633101558685302,1.099038660045092,0.3288203649880532
mass,0.47,0,0,5,0.18458227368220062,0.05165545143187046,0.18458227368220062,0.08047903308644891,0.20035094127058983,2831.462578125,7.04236759185791,1.3737983250563652,0.2845822736822006
mass,0.47,0,0,6,0.1537141186189306,0.04301848731935024,0.1537141186189306,0.0781657064706087,0.18189780376851558,3061.366513671875,8.4533402633667,1.6485579900676381,0.2737141186189306
mass,0.47,0,0,7,0.13181939045599975,0.036816608905792234,0.13181939045599975,0.054637754037976265,0.14813982285559177,3306.01408203125,9.863833656311035,1.9233176550789113,0.2718193904559998
mass,0.47,0,0,8,0.11630769068973627,0.032420133277773856,0.11630769068973627,0.050460479222238064,0.13504715338349343,3470.58865234375,11.273449440002441,2.198077320090184,0.27630769068973626
mass,0.47,0,0,9,0.10612576052226758,0.029498958960175514,0.10612576052226758,0.04830710716545582,0.11090157210826873,3601.156298828125,12.683794975280762,2.4728369851014573,0.28612576052226757
mass,0.47,0,0,10,0.09746763619156955,0.027002173364162444,0.09746763619156955,0.0448194433003664,0.09603708736598492,3678.566435546875,14.093142623901366,2.7475966501127305,0.2974676361915696
mass,0.47,0,0,11,0.08758880401695279,0.02423372320830822,0.08758880401695279,0.050995022840797904,0.0853215841203928,3735.535947265625,15.503357620239258,3.022356315124003,0.30758880401695277
mass,0.47,0,0,12,0.07988072021556875,0.022139633744955062,0.07988072021556875,0.050499832145869734,0.08167378306388855,3776.337333984375,16.91161651611328,3.2971159801352763,0.31988072021556874
mass,0.71,0,1,1,0.6774123094926897,0.18667216956615448,0.6774123094926897,0.22693046510219575,0.29410561561584475,1068.801865234375,1.4085367298126221,0.2804205924544173,0.6974123094926897
mass,0.71,0,1,2,0.42640999099607463,0.11797796100378037,0.42640999099607463,0.13523259870707988,0.25866294831037523,1799.31591796875,2.819534893035889,0.5608411849088346,0.4664099909960746
mass,0.71,0,1,3,0.30155539753699584,0.08441239506006241,0.30155539753699584,0.09101147115230561,0.2281971149146557,2395.119990234375,4.230030670166015,0.8412617773632519,0.36155539753699584
mass,0.71,0,1,4,0.2320761247724808,0.06481768637895584,0.2320761247724808,0.07761904306709766,0.20591675177216529,2822.9840625,5.64077579498291,1.1216823698176692,0.3120761247724808
mass,0.71,0,1,5,0.1808478092695702,0.049678177088499066,0.1808478092695702,0.07381036572158337,0.18125245660543443,3180.780947265625,7.0494109153747555,1.4021029622720866,0.2808478092695702
mass,0.71,0,1,6,0.1521635285778003,0.04164218723773956,0.1521635285778003,0.05870705038309097,0.14752080745995044,3457.89439453125,8.458596458435059,1.6825235547265038,0.2721635285778003
mass,0.71,0,1,7,0.13208587859551044,0.03617258168756962,0.13208587859551044,0.054296131730079654,0.12739111229777336,3632.39791015625,9.869302749633789,1.9629441471809213,0.2720858785955105
mass,0.71,0,1,8,0.11587829793948622,0.03178503140807152,0.11587829793948622,0.05691148087382317,0.11249647527933121,3717.128759765625,11.281164131164552,2.2433647396353384,0.2758782979394862
mass,0.71,0,1,9,0.10424621503357943,0.028557194918394087,0.10424621503357943,0.051804568395018576,0.095551752820611,3799.342724609375,12.68737361907959,2.523785332089756,0.28424621503357944
mass,0.71,0,1,10,0.09568869396565466,0.026199867948889732,0.09568869396565466,0.04004264391958714,0.09158576533198357,3837.614892578125,14.097239189147949,2.8042059245441733,0.29568869396565467
mass,0.71,0,1,11,0.08765889952625644,0.023964212611317634,0.08765889952625644,0.0728091881237924,0.08178654227405786,3868.05935546875,15.507310981750487,3.0846265169985903,0.30765889952625647
mass,0.71,0,1,12,0.08195026643281204,0.022439477369189262,0.08195026643281204,0.05122668374329806,0.07783379260450601,3891.186611328125,16.915229949951172,3.3650471094530077,0.32195026643281205
ucb,0.8047,0,0,1,0.627575694660018,0.17572379648685454,0.627575694660018,0.1989884117245674,0.28075790882110596,1097.49146484375,1.4098540258407593,0.26761769731296225,0.647575694660018
ucb,0.8047,0,0,2,0.4586859990996037,0.12882598876953125,0.4586859990996037,0.16676659256219864,0.2629546457529068,1813.329482421875,2.821412162780762,0.5352353946259245,0.4986859990996037
ucb,0.8047,0,0,3,0.28383182646544997,0.07831665322184563,0.28383182646544997,0.09416080743074418,0.2249671646952629,2460.60275390625,4.2320068740844725,0.8028530919388868,0.34383182646544996
ucb,0.8047,0,0,4,0.21458559630756524,0.059380631297826766,0.21458559630756524,0.07684688113629817,0.1964619439840317,2930.238623046875,5.6420086479187015,1.070470789251849,0.29458559630756526
ucb,0.8047,0,0,5,0.17794724824964964,0.049237600788474084,0.17794724824964964,0.07169508032500743,0.16731057658791543,3181.345712890625,7.052606945037842,1.3380884865648113,0.27794724824964967
ucb,0.8047,0,0,6,0.15218424274595402,0.04195297077298164,0.15218424274595402,0.06333453077822923,0.14961712568998337,3356.8389453125,8.463355293273926,1.6057061838777735,0.272184242745954
ucb,0.8047,0,0,7,0.13361667122884857,0.036909046322107314,0.13361667122884857,0.06973727840930223,0.13138022758066653,3503.692470703125,9.873128471374512,1.873323881190736,0.2736166712288486
ucb,0.8047,0,0,8,0.1186774987043855,0.032692521810531616,0.1186774987043855,0.061274921484291554,0.12220774367451667,3584.0201171875,11.281689262390136,2.140941578503698,0.2786774987043855
ucb,0.8047,0,0,9,0.10433104131450315,0.028720763400197028,0.10433104131450315,0.048309026099741456,0.10905472829937934,3669.640947265625,12.692399215698241,2.4085592758166605,0.28433104131450315
ucb,0.8047,0,0,10,0.09451016146108306,0.025837729424238204,0.09451016146108306,0.05673384264111519,0.09554475836455822,3734.579658203125,14.101688041687012,2.6761769731296225,0.29451016146108305
ucb,0.8047,0,0,11,0.08660639182250651,0.023642359599471093,0.08660639182250651,0.045387730933725834,0.08389519736170768,3784.123212890625,15.511959686279297,2.9437946704425846,0.3066063918225065
ucb,0.8047,0,0,12,0.08147213430080505,0.0222269943729043,0.08147213430080505,0.036613145507872105,0.08113733515143394,3819.9740234375,16.92174430847168,3.211412367755547,0.321472134300805
eid,4.3174,0,0,1,0.627575694660018,0.17572379648685454,0.627575694660018,0.19877572625875473,0.28075790882110596,1097.49146484375,1.4098540258407593,0.28171301786089314,0.647575694660018
eid,4.3174,0,0,2,0.44894178316389655,0.12710923478007316,0.44894178316389655,0.1697644104063511,0.2621076911687851,1572.413642578125,2.8159494495391844,0.5634260357217863,0.4889417831638965
eid,4.3174,0,0,3,0.3068310263143059,0.08640683017671108,0.3068310263143059,0.11413067243993283,0.23897376120090486,1966.3436328125,4.224154205322265,0.8451390535826795,0.3668310263143059
eid,4.3174,0,0,4,0.23842741654781704,0.06740111716091633,0.23842741654781704,0.10441781304776669,0.21121428802609443,2268.865078125,5.631076011657715,1.1268520714435726,0.31842741654781703
eid,4.3174,0,0,5,0.1877378668148943,0.05287998877465725,0.1877378668148943,0.08354564316570759,0.20315998211503028,2554.66435546875,7.040693664550782,1.408565089304466,0.2877378668148943
eid,4.3174,0,0,6,0.15715366913799955,0.04429217144846916,0.15715366913799955,0.07241611298173666,0.18204300254583358,2753.845751953125,8.44938247680664,1.690278107165359,0.27715366913799955
eid,4.3174,0,0,7,0.13227606673966524,0.03742223482578993,0.13227606673966524,0.07978655070066452,0.18256313279271125,2948.801845703125,9.857108459472656,1.9719911250262523,0.27227606673966526
eid,4.3174,0,0,8,0.11550684986668804,0.03264734379947185,0.11550684986668804,0.06479104544967412,0.15301025427877904,3155.369052734375,11.266058311462402,2.253704142887145,0.27550684986668805
eid,4.3174,0,0,9,0.10528633047813468,0.029736549966037272,0.10528633047813468,0.06928597947582603,0.14141200087964534,3275.630986328125,12.675164070129394,2.5354171607480387,0.2852863304781347
eid,4.3174,0,0,10,0.09490480427388105,0.02673787821084261,0.09490480427388105,0.05075330767780542,0.130242487937212,3365.7715625,14.081383628845215,2.817130178608932,0.29490480427388105
eid,4.3174,0,0,11,0.08478645210089725,0.02382450319826603,0.08478645210089725,0.048843508921563625,0.11738560743629932,3465.054296875,15.490610656738282,3.098843196469825,0.3047864521008973
eid,4.3174,0,0,12,0.0785336972853205,0.02201373379677534,0.0785336972853205,0.07791694628074765,0.10879337050020695,3539.763291015625,16.8985538482666,3.380556214330718,0.3185336972853205
eid,5.7123,0,0,1,0.627575694660018,0.17572379648685454,0.627575694660018,0.202838736474514,0.28075790882110596,1097.49146484375,1.4098540258407593,0.28185841453494503,0.647575694660018
eid,5.7123,0,0,2,0.45477806765046486,0.12834809616208076,0.45477806765046486,0.17040803477168084,0.2624652361869812,1566.76873046875,2.8144639682769776,0.5637168290698901,0.49477806765046484
eid,5.7123,0,0,3,0.3317262036896366,0.09423009514808654,0.3317262036896366,0.1349715355038643,0.23955483704805375,1961.855107421875,4.221218643188476,0.8455752436048352,0.3917262036896366
eid,5.7123,0,0,4,0.24384062945759308,0.06840166956186294,0.24384062945759308,0.09743976943194867,0.2116129995882511,2304.3655078125,5.628184871673584,1.1274336581397801,0.32384062945759307
eid,5.7123,0,0,5,0.19193825929820185,0.05387321546673775,0.19193825929820185,0.07913424905389548,0.19011886566877365,2592.73693359375,7.037172069549561,1.4092920726747253,0.29193825929820183
eid,5.7123,0,0,6,0.16471904115410765,0.04626034893095493,0.16471904115410765,0.08649646025151014,0.17066783130168914,2794.699423828125,8.445333633422852,1.6911504872096703,0.2847190411541076
eid,5.7123,0,0,7,0.1357274577041182,0.0380977500975132,0.1357274577041182,0.057002901751548055,0.16170043498277664,3024.70021484375,9.853103866577149,1.9730089017446155,0.2757274577041182
eid,5.7123,0,0,8,0.1124271658374324,0.03156783051788807,0.1124271658374324,0.0650365524739027,0.14360119961202145,3200.633017578125,11.259082412719726,2.2548673162795603,0.27242716583743243
eid,5.7123,0,0,9,0.09790941077227767,0.02733310457319021,0.09790941077227767,0.04936175961047411,0.1272665546834469,3356.624306640625,12.667663269042968,2.5367257308145055,0.27790941077227765
eid,5.7123,0,0,10,0.08904799270650977,0.024851924628019332,0.08904799270650977,0.05105194732546806,0.11343556091189384,3461.178076171875,14.076473388671875,2.8185841453494507,0.28904799270650977
eid,5.7123,0,0,11,0.08212562147072575,0.022920653596520423,0.08212562147072575,0.0333989518135786,0.10657165590673685,3559.6677734375,15.48590877532959,3.1004425598843954,0.30212562147072575
eid,5.7123,0,0,12,0.07578147287706193,0.02112496644258499,0.07578147287706193,0.0429400397837162,0.09895117975771427,3617.571376953125,16.894493255615235,3.3823009744193406,0.31578147287706193
eid,10.0,0,1,1,0.6774123094926897,0.18667216956615448,0.6774123094926897,0.22527129381895064,0.29410561561584475,1068.801865234375,1.4085367298126221,0.2749533489043824,0.6974123094926897
eid,10.0,0,1,2,0.48212875602920136,0.13500895142555236,0.48212875602920136,0.19695767357945443,0.2867876482009888,1559.224169921875,2.8153294372558593,0.5499066978087648,0.5221287560292014
eid,10.0,0,1,3,0.34768975176336864,0.09783063009381295,0.34768975176336864,0.14243614383041858,0.2646148005127907,1983.2040234375,4.223597660064697,0.8248600467131473,0.40768975176336864
eid,10.0,0,1,4,0.25784427420295464,0.07247963607311249,0.25784427420295464,0.12606786131858827,0.2269509220123291,2335.7070703125,5.630120811462402,1.0998133956175296,0.33784427420295465
eid,10.0,0,1,5,0.20138931893779918,0.05738153234124184,0.20138931893779918,0.09529190462082625,0.20582541421055794,2634.1132421875,7.036171779632569,1.3747667445219123,0.3013893189377992
eid,10.0,0,1,6,0.15530433200090255,0.04369997218251229,0.15530433200090255,0.08400192759931087,0.18217366442084312,2892.491455078125,8.445809860229492,1.6497200934262946,0.27530433200090254
eid,10.0,0,1,7,0.13267185654388966,0.0372580960392952,0.13267185654388966,0.06274140253663063,0.16273800358176232,3088.67115234375,9.85433464050293,1.924673442330677,0.2726718565438897
eid,10.0,0,1,8,0.1187794939825094,0.03319648414850235,0.1187794939825094,0.0709883265569806,0.14309386521577835,3236.590537109375,11.262534294128418,2.199626791235059,0.2787794939825094
eid,10.0,0,1,9,0.10922852718720286,0.03048433907330036,0.10922852718720286,0.06512964934110642,0.12641286052763462,3365.550576171875,12.669957275390624,2.474580140139442,0.2892285271872028
eid,10.0,0,1,10,0.10064992695377754,0.0281034255027771,0.10064992695377754,0.054797811284661296,0.12290961638092995,3470.546962890625,14.077882537841797,2.7495334890438246,0.30064992695377757
eid,10.0,0,1,11,0.09077236136442429,0.025322514474391936,0.09077236136442429,0.06537709984928369,0.10977971374988556,3585.75517578125,15.486364631652831,3.0244868379482064,0.3107723613644243
eid,10.0,0,1,12,0.08446371136501728,0.023581276945769787,0.08446371136501728,0.04427590485662222,0.1055418759584427,3652.108603515625,16.894430923461915,3.299440186852589,0.3244637113650173
mass,0.59,0,0,1,0.627575694660018,0.17572379648685454,0.627575694660018,0.20145923346281053,0.28075790882110596,1097.49146484375,1.4098540258407593,0.27396120208703595,0.647575694660018
mass,0.59,0,0,2,0.41367089254114897,0.1162994122505188,0.41367089254114897,0.13903761595487596,0.26374551504850385,1697.0373828125,2.8171439933776856,0.5479224041740719,0.45367089254114895
mass,0.59,0,0,3,0.2950214549178399,0.08322407051920891,0.2950214549178399,0.11931918993592262,0.23782705426216125,2278.6266015625,4.225483207702637,0.8218836062611079,0.3550214549178399
mass,0.59,0,0,4,0.23683288272279351,0.06622360944747925,0.23683288272279351,0.08206138756126165,0.2034601339697838,2688.2833984375,5.6347236061096195,1.0958448083481438,0.31683288272279353
mass,0.59,0,0,5,0.1910145371104604,0.05274275124073029,0.1910145371104604,0.07391854502260685,0.1786699889600277,3003.667353515625,7.046078147888184,1.36980601043518,0.29101453711046044
mass,0.59,0,0,6,0.16001999844433898,0.04400864318013191,0.16001999844433898,0.07309787414968014,0.16687734335660934,3274.592734375,8.456069145202637,1.6437672125222158,0.280019998444339
mass,0.59,0,0,7,0.13285740463109952,0.03644902989268303,0.13285740463109952,0.06285964965820312,0.14803365588188172,3486.636474609375,9.865101203918456,1.917728414609252,0.27285740463109953
mass,0.59,0,0,8,0.11300932559772738,0.031093109920620917,0.11300932559772738,0.04622763821855187,0.1261453966796398,3607.643955078125,11.275372161865235,2.1916896166962876,0.2730093255977274
mass,0.59,0,0,9,0.10210282460467754,0.02799624316394329,0.10210282460467754,0.0509795149974525,0.1083932165056467,3705.417841796875,12.686303520202637,2.465650818783324,0.2821028246046775
mass,0.59,0,0,10,0.09612386279327731,0.026328790709376337,0.09612386279327731,0.05359601359814405,0.10240711353719234,3740.113974609375,14.094965934753418,2.73961202087036,0.2961238627932773
mass,0.59,0,0,11,0.08916719638981058,0.02444854035973549,0.08916719638981058,0.04927549384534359,0.09177348516881466,3761.34923828125,15.506347694396972,3.0135732229573957,0.3091671963898106
mass,0.59,0,0,12,0.08336270369737601,0.02290667988359928,0.08336270369737601,0.05322160016745329,0.08400361053645611,3807.905556640625,16.9163045501709,3.2875344250444316,0.323362703697376
niveau,0.4307,0,1,1,0.6774123094926897,0.18667216956615448,0.6774123094926897,0.21113821774721145,0.29410561561584475,1068.801865234375,1.4085367298126221,0.28244200857123364,0.6974123094926897
niveau,0.4307,0,1,2,0.48442237050174064,0.13458184242248536,0.48442237050174064,0.17961730264127254,0.26885523051023485,1817.24376953125,2.8192168521881102,0.5648840171424673,0.5244223705017407
niveau,0.4307,0,1,3,0.3085309380378218,0.08522676423192024,0.3085309380378218,0.11124980427324772,0.23190147846937179,2481.293447265625,4.228700733184814,0.847326025713701,0.3685309380378218
niveau,0.4307,0,1,4,0.22545307243839346,0.06209115788340568,0.22545307243839346,0.0823428787663579,0.20268305882811546,2920.685576171875,5.637928009033203,1.1297680342849346,0.3054530724383935
niveau,0.4307,0,1,5,0.18304712313702506,0.050267729386687277,0.18304712313702506,0.05758388720452785,0.17994890227913857,3289.92296875,7.0465544319152835,1.4122100428561684,0.28304712313702507
niveau,0.4307,0,1,6,0.15351759741171012,0.04201229974627495,0.15351759741171012,0.05926544591784477,0.15177438251674175,3469.1896484375,8.453732109069824,1.694652051427402,0.2735175974117101
niveau,0.4307,0,1,7,0.13386315573985874,0.036696463078260425,0.13386315573985874,0.0551820208132267,0.13860585175454618,3608.173720703125,9.86339282989502,1.9770940599986357,0.27386315573985875
niveau,0.4307,0,1,8,0.1166022542560311,0.03197394512593746,0.1166022542560311,0.06086545050144196,0.12208552032709122,3716.567109375,11.269938850402832,2.259536068569869,0.27660225425603113
niveau,0.4307,0,1,9,0.10031904850844592,0.027615472301840784,0.10031904850844592,0.05990287762135267,0.10231695860624314,3787.019140625,12.676004753112792,2.5419780771411027,0.2803190485084459
niveau,0.4307,0,1,10,0.09010325554128527,0.02493258334696293,0.09010325554128527,0.04374935206025839,0.08925598837435246,3825.015556640625,14.082339935302734,2.8244200857123367,0.2901032555412853
niveau,0.4307,0,1,11,0.08174873061370734,0.022621060572564602,0.08174873061370734,0.05659959070384502,0.0817594513297081,3849.28259765625,15.48833469390869,3.1068620942835703,0.3017487306137073
niveau,0.4307,0,1,12,0.07550160631759101,0.020872244574129582,0.07550160631759101,0.04594276748597622,0.07797950215637683,3878.28208984375,16.893060455322267,3.389304102854804,0.315501606317591
mass,0.65,0,0,1,0.627575694660018,0.17572379648685454,0.627575694660018,0.1989547374844551,0.28075790882110596,1097.49146484375,1.4098540258407593,0.27374307628643385,0.647575694660018
mass,0.65,0,0,2,0.4395115011991754,0.12367415696382522,0.4395115011991754,0.15107180461287498,0.2641696661710739,1692.0899609375,2.817507419586182,0.5474861525728677,0.4795115011991754
mass,0.65,0,0,3,0.3263613109902319,0.09145286649465562,0.3263613109902319,0.1243305541574955,0.22335430070757867,2253.447041015625,4.228138542175293,0.8212292288593016,0.3863613109902319
mass,0.65,0,0,4,0.26412476068296853,0.07400619216263295,0.26412476068296853,0.10339049078524112,0.20079442337155343,2605.495888671875,5.639532566070557,1.0949723051457354,0.34412476068296854
mass,0.65,0,0,5,0.2030824922699937,0.05709707722067833,0.2030824922699937,0.08586680851876735,0.18728957548737526,2864.24056640625,7.050234851837158,1.3687153814321693,0.30308249226999373
mass,0.65,0,0,6,0.16666057078918212,0.04627317108213901,0.16666057078918212,0.06610055878758431,0.17268552258610725,3166.4991015625,8.460696907043458,1.6424584577186032,0.2866605707891821
mass,0.65,0,0,7,0.1337536389988153,0.037370455116033555,0.1337536389988153,0.057998572811484336,0.14268737308681012,3449.543427734375,9.871807403564453,1.9162015340050371,0.27375363899881533
mass,0.65,0,0,8,0.12175115828957211,0.03378695622086525,0.12175115828957211,0.06199410684406757,0.13060728535056115,3561.9513671875,11.283509635925293,2.189944610291471,0.2817511582895721
mass,0.65,0,0,9,0.11028871322854426,0.030795679464936256,0.11028871322854426,0.06475418236106634,0.11807025730609894,3644.084541015625,12.693317108154297,2.463687686577905,0.29028871322854427
mass,0.65,0,0,10,0.09734525783841173,0.026884560659527778,0.09734525783841173,0.06897554095834493,0.10609111741185188,3760.829248046875,14.10397590637207,2.7374307628643386,0.29734525783841176
mass,0.65,0,0,11,0.09019655417076818,0.02487492360174656,0.09019655417076818,0.06091420624405146,0.09525693431496621,3820.85419921875,15.512615966796876,3.0111738391507723,0.3101965541707682
mass,0.65,0,0,12,0.0848134023796354,0.023343141674995422,0.0848134023796354,0.04886255547404289,0.08178917773067951,3854.358330078125,16.9219970703125,3.2849169154372064,0.3248134023796354
ucb,0.1985,0,0,1,0.627575694660018,0.17572379648685454,0.627575694660018,0.19877572625875473,0.28075790882110596,1097.49146484375,1.4098540258407593,0.24076392771986624,0.647575694660018
ucb,0.1985,0,0,2,0.42833604845789686,0.12123681217432022,0.42833604845789686,0.14617264688014983,0.26196015894412994,1717.75099609375,2.818666353225708,0.4815278554397325,0.46833604845789684
ucb,0.1985,0,0,3,0.31244706060570926,0.08743209227919578,0.31244706060570926,0.08358493573963642,0.23448899745941162,2243.639736328125,4.228312339782715,0.7222917831595987,0.37244706060570926
ucb,0.1985,0,0,4,0.24498886621958474,0.06873572453856468,0.24498886621958474,0.10051871582865715,0.22683286413550377,2592.182470703125,5.637826328277588,0.963055710879465,0.3249888662195847
ucb,0.1985,0,0,5,0.2007435739691367,0.05610818900167942,0.2007435739691367,0.0829336927831173,0.19973568990826607,2835.788037109375,7.049071006774902,1.2038196385993314,0.3007435739691367
ucb,0.1985,0,0,6,0.1555397185847949,0.04297463096678257,0.1555397185847949,0.07697533171623945,0.16477516375482082,3075.6198046875,8.456817054748536,1.4445835663191975,0.27553971858479487
ucb,0.1985,0,0,7,0.1337728512929563,0.03710503377020359,0.1337728512929563,0.05967186197638512,0.14830151170492173,3185.165234375,9.864047241210937,1.6853474940390638,0.2737728512929563
ucb,0.1985,0,0,8,0.1183042212555197,0.032913574278354646,0.1183042212555197,0.04938251916319132,0.1415642561763525,3303.1643359375,11.273536872863769,1.92611142175893,0.2783042212555197
ucb,0.1985,0,0,9,0.1046973849585005,0.029244313910603524,0.1046973849585005,0.05494670011103153,0.13104198239743708,3430.021201171875,12.683707313537598,2.1668753494787962,0.2846973849585005
ucb,0.1985,0,0,10,0.09632106493245184,0.026898720860481264,0.09632106493245184,0.056814241260290145,0.12605905964970587,3512.078623046875,14.09276885986328,2.4076392771986628,0.29632106493245186
ucb,0.1985,0,0,11,0.09012775366242635,0.02515560921281576,0.09012775366242635,0.040701878517866136,0.12109605967998505,3566.133369140625,15.501785125732422,2.6484032049185284,0.31012775366242634
ucb,0.1985,0,0,12,0.08347497813708554,0.023309825509786605,0.08347497813708554,0.05650937480852008,0.11276537150144578,3619.464736328125,16.911660232543944,2.889167132638395,0.32347497813708553
ucb,0.3474,0,1,1,0.6774123094926897,0.18667216956615448,0.6774123094926897,0.22527129381895064,0.29410561561584475,1068.801865234375,1.4085367298126221,0.27456339989323164,0.6974123094926897
ucb,0.3474,0,1,2,0.44057286032799275,0.12294558614492417,0.44057286032799275,0.15317325763404369,0.2639408096671104,1809.586455078125,2.8192918205261233,0.5491267997864633,0.48057286032799273
ucb,0.3474,0,1,3,0.30897708512945665,0.0869265116751194,0.30897708512945665,0.11284687206149101,0.2488492488861084,2329.95455078125,4.229488658905029,0.823690199679695,0.36897708512945665
ucb,0.3474,0,1,4,0.22975398767001323,0.06433606028556824,0.22975398767001323,0.07839591547846794,0.2156831920146942,2733.2056640625,5.638687171936035,1.0982535995729266,0.3097539876700132
ucb,0.3474,0,1,5,0.18302078885403325,0.05133079409599304,0.18302078885403325,0.06389193654060364,0.19309760868549347,3001.5065625,7.048164863586425,1.3728169994661585,0.28302078885403326
ucb,0.3474,0,1,6,0.15392589570153517,0.042955959290266035,0.15392589570153517,0.06478634670376777,0.16371369794011115,3235.033173828125,8.456957969665527,1.64738039935939,0.27392589570153514
ucb,0.3474,0,1,7,0.13414380072510007,0.03757184699177742,0.13414380072510007,0.06342290118336677,0.15077971220016478,3358.844501953125,9.8675146484375,1.9219437992526218,0.2741438007251001
ucb,0.3474,0,1,8,0.12155683943666908,0.03410929977893829,0.12155683943666908,0.04527133841067552,0.13450969010591507,3463.892587890625,11.275930061340333,2.196507199145853,0.2815568394366691
ucb,0.3474,0,1,9,0.11096768243086026,0.031226829253137113,0.11096768243086026,0.06571732308715582,0.1263441313058138,3542.801748046875,12.68531177520752,2.471070599039085,0.29096768243086024
ucb,0.3474,0,1,10,0.10442347801372195,0.029413575641810893,0.10442347801372195,0.06086000923067331,0.12267889700829983,3585.2412890625,14.094640159606934,2.745633998932317,0.30442347801372194
ucb,0.3474,0,1,11,0.09302292071489923,0.025922580137848854,0.09302292071489923,0.05827843517065048,0.11381019547581672,3642.85052734375,15.503750762939454,3.020197398825548,0.31302292071489923
ucb,0.3474,0,1,12,0.08570333699765702,0.023754462786018848,0.08570333699765702,0.05613430887460709,0.1069037066400051,3689.793935546875,16.91184684753418,3.29476079871878,0.325703336997657
mass,0.41,0,1,1,0.6774123094926897,0.18667216956615448,0.6774123094926897,0.22527129381895064,0.29410561561584475,1068.801865234375,1.4085367298126221,0.27794472658541053,0.6974123094926897
mass,0.41,0,1,2,0.47129584796056073,0.13021378129720687,0.47129584796056073,0.14511780366301535,0.2718846270442009,1696.501611328125,2.8161618232727053,0.5558894531708211,0.5112958479605607
mass,0.41,0,1,3,0.3132752851497635,0.08740610644221306,0.3132752851497635,0.10681588649749756,0.25162547290325166,2223.03728515625,4.225187950134277,0.8338341797562316,0.3732752851497635
mass,0.41,0,1,4,0.2427698799917389,0.06857066586613655,0.2427698799917389,0.09296658247709275,0.21856483846902847,2588.02013671875,5.63341215133667,1.1117789063416421,0.3227698799917389
mass,0.41,0,1,5,0.19607476617281094,0.05568109579384327,0.19607476617281094,0.06513667717576027,0.1874801543354988,2896.2544921875,7.0432641983032225,1.3897236329270528,0.2960747661728109
mass,0.41,0,1,6,0.1576898327683077,0.04495695523917675,0.1576898327683077,0.06719433695077896,0.15502134278416635,3156.939755859375,8.451876220703125,1.6676683595124633,0.2776898327683077
mass,0.41,0,1,7,0.13476974351350246,0.0382574512809515,0.13476974351350246,0.049970877692103385,0.13652560114860535,3326.362880859375,9.860842094421386,1.945613086097874,0.2747697435135025
mass,0.41,0,1,8,0.12119291616141052,0.03431283138692379,0.12119291616141052,0.06486577179282904,0.12417201101779937,3471.392158203125,11.272195701599122,2.2235578126832842,0.2811929161614105
mass,0.41,0,1,9,0.10459961381700329,0.029454608857631685,0.10459961381700329,0.054486071690917015,0.11689473263919353,3567.91310546875,12.68181095123291,2.501502539268695,0.28459961381700327
mass,0.41,0,1,10,0.09415319556689829,0.02638613261282444,0.09415319556689829,0.04280913606286049,0.09816726416349411,3671.340712890625,14.092827568054199,2.7794472658541056,0.2941531955668983
mass,0.41,0,1,11,0.08591617066570846,0.02405667871236801,0.08591617066570846,0.048287289999425415,0.08584298007190228,3756.597705078125,15.502066802978515,3.057391992439516,0.3059161706657085
mass,0.41,0,1,12,0.07952218657437475,0.022188303470611574,0.07952218657437475,0.048980124462395906,0.0806864570826292,3801.170771484375,16.91205177307129,3.3353367190249266,0.31952218657437476
niveau,0.2547,0,0,1,0.627575694660018,0.17572379648685454,0.627575694660018,0.19877572625875473,0.28075790882110596,1097.49146484375,1.4098540258407593,0.2762012397249539,0.647575694660018
niveau,0.2547,0,0,2,0.4206249912317784,0.11696183502674103,0.4206249912317784,0.1382353588938713,0.24865306705236434,1806.768828125,2.8199313926696776,0.5524024794499078,0.46062499123177836
niveau,0.2547,0,0,3,0.2967036969870578,0.08259745374321938,0.2967036969870578,0.10731139220297337,0.22855484426021577,2374.1023046875,4.23032018661499,0.8286037191748619,0.3567036969870578
niveau,0.2547,0,0,4,0.22703400570052698,0.06263475298881531,0.22703400570052698,0.08379123449325561,0.21679794073104858,2777.168154296875,5.641461410522461,1.1048049588998157,0.30703400570052697
niveau,0.2547,0,0,5,0.18091738095879809,0.04953708305954933,0.18091738095879809,0.05310280658304691,0.1865035805106163,3159.4204296875,7.050741672515869,1.38100619862477,0.2809173809587981
niveau,0.2547,0,0,6,0.1594686346384013,0.04341647364199162,0.1594686346384013,0.07059929117560387,0.17511626735329627,3342.499541015625,8.45875675201416,1.6572074383497237,0.2794686346384013
niveau,0.2547,0,0,7,0.13523194593732835,0.03739823065698147,0.13523194593732835,0.07926154371351003,0.15173558108508586,3519.72205078125,9.867578086853028,1.9334086780746778,0.27523194593732836
niveau,0.2547,0,0,8,0.11796926816128503,0.03244990460574627,0.11796926816128503,0.0535996986925602,0.12589021742343903,3637.240458984375,11.275999298095703,2.2096099177996313,0.27796926816128503
niveau,0.2547,0,0,9,0.10502055583545626,0.029050401598215102,0.10502055583545626,0.06374473929405212,0.11148688673973084,3722.650830078125,12.684931640625,2.4858111575245854,0.28502055583545627
niveau,0.2547,0,0,10,0.09367499010905994,0.025933621115982533,0.09367499010905994,0.05733460579067469,0.0950559564679861,3777.870048828125,14.092698287963866,2.76201239724954,0.29367499010905995
niveau,0.2547,0,0,11,0.0847982848380896,0.023539477474987507,0.0847982848380896,0.04457192331552506,0.08795269578695297,3813.890224609375,15.502020950317382,3.0382136369744934,0.3047982848380896
niveau,0.2547,0,0,12,0.07712555680271546,0.021393541283905505,0.07712555680271546,0.05173902578651905,0.08135566979646683,3855.16333984375,16.908885650634765,3.3144148766994475,0.3171255568027155
ucb,0.15,0,1,1,0.6774123094926897,0.18667216956615448,0.6774123094926897,0.2282850104570389,0.29410561561584475,1068.801865234375,1.4085367298126221,0.24057736732686558,0.6974123094926897
ucb,0.15,0,1,2,0.4555578868735093,0.12507861644029616,0.4555578868735093,0.15450446762144565,0.26344293147325515,1784.8216015625,2.817307987213135,0.48115473465373115,0.49555788687350927
ucb,0.15,0,1,3,0.33734588935719684,0.09295797049999237,0.33734588935719684,0.11803616464138031,0.23244834661483765,2227.21830078125,4.226795616149903,0.7217321019805968,0.39734588935719684
ucb,0.15,0,1,4,0.26459002859017017,0.07316316828131676,0.26459002859017017,0.09476069703698159,0.21295537918806076,2576.246904296875,5.63590103149414,0.9623094693074623,0.3445900285901702
ucb,0.15,0,1,5,0.19483589021952677,0.05515985295176506,0.19483589021952677,0.07519599322229624,0.18799092829227448,2895.271611328125,7.045607261657715,1.202886836634328,0.2948358902195268
ucb,0.15,0,1,6,0.15783326751679091,0.04474919125437737,0.15783326751679091,0.0626571286842227,0.17713819295167924,3099.7034375,8.453618431091309,1.4434642039611936,0.27783326751679094
ucb,0.15,0,1,7,0.13554351372130097,0.03824748553335667,0.13554351372130097,0.055077580362558366,0.1652490358054638,3262.175361328125,9.860825653076171,1.6840415712880592,0.275543513721301
ucb,0.15,0,1,8,0.1215954917435694,0.03438550733029842,0.1215954917435694,0.058033738471567634,0.15270940020680426,3334.263310546875,11.269433059692382,1.9246189386149246,0.2815954917435694
ucb,0.15,0,1,9,0.11049721857665425,0.031201350018382073,0.11049721857665425,0.06142906110733747,0.13781534381210803,3441.948037109375,12.679755783081054,2.1651963059417905,0.2904972185766542
ucb,0.15,0,1,10,0.10247333819532715,0.02891572140157223,0.10247333819532715,0.05174248203635216,0.12961644262075425,3506.932548828125,14.088998184204101,2.405773673268656,0.3024733381953272
ucb,0.15,0,1,11,0.09292367703016598,0.026220086589455606,0.09292367703016598,0.06808721516281366,0.11885050430893898,3543.462275390625,15.496951141357421,2.6463510405955213,0.312923677030166
ucb,0.15,0,1,12,0.08730911589206962,0.024652401953935622,0.08730911589206962,0.03134219422936439,0.10856262467801571,3589.315,16.905839767456055,2.886928407922387,0.3273091158920696
niveau,0.196,0,0,1,0.627575694660018,0.17572379648685454,0.627575694660018,0.20306229680776597,0.28075790882110596,1097.49146484375,1.4098540258407593,0.27511235600570216,0.647575694660018
niveau,0.196,0,0,2,0.4441885718934413,0.12278533935546875,0.4441885718934413,0.15225401908159256,0.2567868658900261,1756.45169921875,2.8209249114990236,0.5502247120114043,0.4841885718934413
niveau,0.196,0,0,3,0.3037718742666467,0.0852914522588253,0.3037718742666467,0.11374564275145531,0.2261321449279785,2309.638359375,4.231422672271728,0.8253370680171065,0.3637718742666467
niveau,0.196,0,0,4,0.2394215642750373,0.06659395806491375,0.2394215642750373,0.09035454142838717,0.19859409272670747,2799.4262109375,5.641590003967285,1.1004494240228087,0.3194215642750373
niveau,0.196,0,0,5,0.20031194597564542,0.05543764591217041,0.20031194597564542,0.0796282384544611,0.17622579798102378,3140.058623046875,7.053143501281738,1.375561780028511,0.3003119459756454
niveau,0.196,0,0,6,0.16234150246175852,0.044847017750144005,0.16234150246175852,0.061379791498184205,0.16304033726453782,3367.319775390625,8.460869293212891,1.650674136034213,0.2823415024617585
niveau,0.196,0,0,7,0.13567411102428137,0.03770737200975418,0.13567411102428137,0.06926776852458716,0.13884245082736016,3563.435888671875,9.869872245788574,1.9257864920399153,0.2756741110242814
niveau,0.196,0,0,8,0.12388820849940195,0.034355349242687225,0.12388820849940195,0.0652016020938754,0.12544436663389205,3658.54634765625,11.278473739624024,2.2008988480456173,0.28388820849940194
niveau,0.196,0,0,9,0.11304300472054321,0.031220057681202888,0.11304300472054321,0.05435064010322094,0.11436377294361591,3723.2057421875,12.686781845092774,2.4760112040513196,0.29304300472054323
niveau,0.196,0,0,10,0.10360617742495658,0.028480748161673546,0.10360617742495658,0.05827820848673582,0.09770050674676894,3777.724287109375,14.095782470703124,2.751123560057022,0.3036061774249566
niveau,0.196,0,0,11,0.09345225428564595,0.025797985196113586,0.09345225428564595,0.04505179639905691,0.08765616796910763,3804.510166015625,15.503759727478027,3.0262359160627237,0.31345225428564594
niveau,0.196,0,0,12,0.0860177400749843,0.02394499160349369,0.0860177400749843,0.05246716983616352,0.08306491367518902,3832.584921875,16.911090240478515,3.301348272068426,0.3260177400749843
ucb,1.864,0,0,1,0.627575694660018,0.17572379648685454,0.627575694660018,0.19877572625875473,0.28075790882110596,1097.49146484375,1.4098540258407593,0.2716464782125937,0.647575694660018
ucb,1.864,0,0,2,0.5170635227045728,0.14417301893234252,0.5170635227045728,0.2087530744075775,0.2619313234090805,1810.719951171875,2.821796541213989,0.5432929564251874,0.5570635227045728
ucb,1.864,0,0,3,0.32599894175180855,0.08963675618171692,0.32599894175180855,0.10621384300291538,0.2316215765476227,2642.548603515625,4.23334867477417,0.8149394346377812,0.38599894175180854
ucb,1.864,0,0,4,0.24715367559487803,0.06686852619051933,0.24715367559487803,0.0741688846796751,0.20086553514003755,3163.46259765625,5.643652782440186,1.0865859128503748,0.327153675594878
ucb,1.864,0,0,5,0.18853542857438846,0.051300181299448015,0.18853542857438846,0.06223885715007782,0.16208058312535287,3430.123330078125,7.0533528137207036,1.3582323910629688,0.28853542857438846
ucb,1.864,0,0,6,0.16166928959265825,0.04405659347772598,0.16166928959265825,0.06199266288429499,0.14220339618623257,3608.902265625,8.462198753356933,1.6298788692755624,0.28166928959265825
ucb,1.864,0,0,7,0.1357997496331395,0.03710446193814278,0.1357997496331395,0.06098840955644846,0.11213848151266576,3704.589736328125,9.871608123779296,1.9015253474881562,0.2757997496331395
ucb,1.864,0,0,8,0.12052038014201844,0.0330394384264946,0.12052038014201844,0.04810173735022545,0.0982514326274395,3766.86076171875,11.280523376464844,2.1731718257007495,0.2805203801420184
ucb,1.864,0,0,9,0.10725139735718196,0.02938565470278263,0.10725139735718196,0.06370442137122154,0.09081098429858685,3805.006943359375,12.690264854431152,2.4448183039133435,0.28725139735718197
ucb,1.864,0,0,10,0.09983677955154706,0.027365764901041985,0.09983677955154706,0.05455391641706228,0.08785365954041481,3830.524443359375,14.099903450012206,2.7164647821259376,0.2998367795515471
ucb,1.864,0,0,11,0.08982782212011134,0.024809553548693658,0.08982782212011134,0.05002313956618309,0.08348586328327656,3848.308505859375,15.511242179870605,2.9881112603385307,0.30982782212011134
ucb,1.864,0,0,12,0.08201755285721164,0.02263915292918682,0.08201755285721164,0.041626665238291026,0.07500048413872719,3869.6820703125,16.921341018676756,3.2597577385511247,0.3220175528572116
mass,0.53,0,0,1,0.627575694660018,0.17572379648685454,0.627575694660018,0.20589713782072067,0.28075790882110596,1097.49146484375,1.4098540258407593,0.2736780566240971,0.647575694660018
mass,0.53,0,0,2,0.4411164436033907,0.12394891023635864,0.4411164436033907,0.15655290842056274,0.2604989370703697,1657.8096484375,2.8174341773986815,0.5473561132481942,0.4811164436033907
mass,0.53,0,0,3,0.3494057074852224,0.09942648336291313,0.3494057074852224,0.13303574662655593,0.23965379238128662,2153.52287109375,4.227537536621094,0.8210341698722914,0.4094057074852224
mass,0.53,0,0,4,0.24314957448778185,0.06884154170751572,0.24314957448778185,0.0950879741087556,0.2155791936814785,2617.402998046875,5.638360366821289,1.0947122264963884,0.32314957448778187
mass,0.53,0,0,5,0.18449236257789198,0.05149452514946461,0.18449236257789198,0.06812068074941635,0.1937873438000679,2996.757041015625,7.049336128234863,1.3683902831204857,0.284492362577892
mass,0.53,0,0,6,0.15806828738429346,0.04412112906575203,0.15806828738429346,0.05793247029185295,0.15910055927932262,3261.917197265625,8.459382781982422,1.6420683397445828,0.27806828738429346
mass,0.53,0,0,7,0.13580070141468265,0.037740012034773826,0.13580070141468265,0.06588840864598751,0.13042635321617127,3419.972666015625,9.868916625976562,1.91574639636868,0.27580070141468266
mass,0.53,0,0,8,0.11666200095122103,0.03243530467152596,0.11666200095122103,0.05762273121625185,0.11792047031223774,3521.632099609375,11.280232849121093,2.189424452992777,0.27666200095122107
mass,0.53,0,0,9,0.10462758431655347,0.02906094253063202,0.10462758431655347,0.05674510832875967,0.11054264701902866,3641.786162109375,12.69044750213623,2.463102509616874,0.28462758431655344
mass,0.53,0,0,10,0.09452540663461831,0.026183584704995155,0.09452540663461831,0.04478025319054723,0.1015425631403923,3722.764580078125,14.09776668548584,2.7367805662409714,0.29452540663461835
mass,0.53,0,0,11,0.0870059174441875,0.024052067026495934,0.0870059174441875,0.04683152735233307,0.0954363588988781,3780.190947265625,15.508316917419434,3.0104586228650683,0.3070059174441875
mass,0.53,0,0,12,0.08018723390556243,0.022169305607676507,0.08018723390556243,0.04972407586872578,0.08962016627192497,3808.73392578125,16.917998275756837,3.2841366794891655,0.3201872339055624
eid,7.558,0,0,1,0.627575694660018,0.17572379648685454,0.627575694660018,0.1974008372426033,0.28075790882110596,1097.49146484375,1.4098540258407593,0.2832304003252648,0.647575694660018
eid,7.558,0,0,2,0.4525543304346061,0.12781249731779099,0.4525543304346061,0.18580101251602174,0.2602968442440033,1569.213896484375,2.8145485305786133,0.5664608006505296,0.49255433043460606
eid,7.558,0,0,3,0.3362377509737935,0.09506832972168923,0.3362377509737935,0.12838969752192497,0.24257366299629213,1954.535615234375,4.2231048965454105,0.8496912009757945,0.3962377509737935
eid,7.558,0,0,4,0.2757258930112336,0.0787250404059887,0.2757258930112336,0.12012891113758087,0.2189302483201027,2215.96798828125,5.629615173339844,1.1329216013010592,0.35572589301123364
eid,7.558,0,0,5,0.21107861529464714,0.05953871361911297,0.21107861529464714,0.0943505335599184,0.1958541029691696,2511.724091796875,7.035437450408936,1.4161520016263243,0.31107861529464714
eid,7.558,0,0,6,0.1635448710150116,0.045794558972120286,0.1635448710150116,0.07949423581361771,0.16473199486732482,2782.646181640625,8.44197582244873,1.699382401951589,0.2835448710150116
eid,7.558,0,0,7,0.13585768019852731,0.03823703311383724,0.13585768019852731,0.05621934100985527,0.15361304849386215,3001.83654296875,9.851368713378907,1.982612802276854,0.2758576801985273
eid,7.558,0,0,8,0.12029288665246832,0.03395744763314724,0.12029288665246832,0.05333884835243225,0.14351952642202379,3132.48244140625,11.260396766662598,2.2658432026021185,0.2802928866524683
eid,7.558,0,0,9,0.10836732716356332,0.03057370774447918,0.10836732716356332,0.04651053920388222,0.13813859932124614,3277.57287109375,12.66999324798584,2.5490736029273835,0.2883673271635633
eid,7.558,0,0,10,0.10111852741747546,0.02846368446946144,0.10111852741747546,0.04941700592637062,0.12903678767383098,3364.959716796875,14.079444274902343,2.8323040032526485,0.30111852741747547
eid,7.558,0,0,11,0.09039185129875273,0.025371654033660887,0.09039185129875273,0.03863015219569206,0.11940033972263336,3470.347666015625,15.487209739685058,3.115534403577913,0.31039185129875274
eid,7.558,0,0,12,0.07981940275373811,0.02241661701351404,0.07981940275373811,0.049937067329883573,0.11018519297242164,3569.887216796875,16.89552299499512,3.398764803903178,0.3198194027537381
mass,0.65,0,1,1,0.6774123094926897,0.18667216956615448,0.6774123094926897,0.22441134840250015,0.29410561561584475,1068.801865234375,1.4085367298126221,0.27911699307694415,0.6974123094926897
mass,0.65,0,1,2,0.45823955116782583,0.12534085035324097,0.45823955116782583,0.14391698583960533,0.26398537755012513,1772.348974609375,2.817651462554932,0.5582339861538883,0.4982395511678258
mass,0.65,0,1,3,0.3116355387625272,0.0856089399755001,0.3116355387625272,0.09519493699073792,0.22501448929309845,2354.859326171875,4.2274461936950685,0.8373509792308325,0.3716355387625272
mass,0.65,0,1,4,0.23244738064522302,0.06463699713349343,0.23244738064522302,0.08566846661269664,0.2016128768026829,2767.138017578125,5.638166408538819,1.1164679723077766,0.31244738064522304
mass,0.65,0,1,5,0.18625620044220015,0.05168466106057167,0.18625620044220015,0.05073411326855421,0.1823980714380741,3120.806376953125,7.048820896148682,1.3955849653847208,0.2862562004422001
mass,0.65,0,1,6,0.1574892840243123,0.04380845718085766,0.1574892840243123,0.06195646725594997,0.1557469803094864,3364.69556640625,8.458157653808593,1.674701958461665,0.2774892840243123
mass,0.65,0,1,7,0.1360413252711406,0.03767186321318149,0.1360413252711406,0.06522556345909834,0.13192004531621934,3532.349443359375,9.868119125366212,1.9538189515386093,0.2760413252711406
mass,0.65,0,1,8,0.11700174884153236,0.032210666313767435,0.11700174884153236,0.04647123645991087,0.12061624988913536,3657.603896484375,11.27757526397705,2.2329359446155532,0.2770017488415324
mass,0.65,0,1,9,0.10916304670022131,0.029942977875471115,0.10916304670022131,0.0613726301304996,0.11216762967407704,3737.45341796875,12.687456932067871,2.5120529376924976,0.2891630467002213
mass,0.65,0,1,10,0.10102909442321607,0.027737596035003663,0.10102909442321607,0.05561068367213011,0.0978200064599514,3815.9744921875,14.0968896484375,2.7911699307694415,0.30102909442321607
mass,0.65,0,1,11,0.09467700323349403,0.025913327112793923,0.09467700323349403,0.06093737564980984,0.08910138010978699,3856.805224609375,15.506663208007813,3.0702869238463855,0.314677003233494
mass,0.65,0,1,12,0.08882384466674546,0.02436287611722946,0.08882384466674546,0.06040352147072554,0.08407327555119991,3878.595341796875,16.915853881835936,3.34940391692333,0.32882384466674547
eid,1.0648,0,0,1,0.627575694660018,0.17572379648685454,0.627575694660018,0.19877572625875473,0.28075790882110596,1097.49146484375,1.4098540258407593,0.2822136692004278,0.647575694660018
eid,1.0648,0,0,2,0.4774765356340998,0.13556695088744164,0.4774765356340998,0.1694892567396164,0.2763147246837616,1525.234814453125,2.8140464210510254,0.5644273384008556,0.5174765356340998
eid,1.0648,0,0,3,0.36784360772444125,0.10395304664969444,0.36784360772444125,0.13524746030569076,0.2581957131624222,1872.950146484375,4.2210495567321775,0.8466410076012835,0.42784360772444124
eid,1.0648,0,0,4,0.2839895807244572,0.08141464099287987,0.2839895807244572,0.10803727649152278,0.22962936729192734,2166.597578125,5.626566600799561,1.1288546768017111,0.3639895807244572
eid,1.0648,0,0,5,0.24024786787267385,0.06885094538331032,0.24024786787267385,0.09175384216010571,0.22244312196969987,2372.134052734375,7.034734268188476,1.4110683460021392,0.34024786787267386
eid,1.0648,0,0,6,0.19320135076327685,0.05532014422118664,0.19320135076327685,0.0834671664237976,0.20382301807403563,2618.879189453125,8.441693878173828,1.693282015202567,0.3132013507632768
eid,1.0648,0,0,7,0.14527242872850685,0.04141890302300453,0.14527242872850685,0.07984321700409054,0.17996708795428276,2846.090966796875,9.849871749877929,1.975495684402995,0.2852724287285069
eid,1.0648,0,0,8,0.11626345912208964,0.032880254946649076,0.11626345912208964,0.060683642067015174,0.1600801604986191,3066.035595703125,11.258226509094237,2.2577093536034223,0.27626345912208966
eid,1.0648,0,0,9,0.10458733067701599,0.029369701147079468,0.10458733067701599,0.066843431442976,0.15218432657420636,3189.38701171875,12.668246955871583,2.5399230228038503,0.28458733067701597
eid,1.0648,0,0,10,0.09063351535368926,0.025247942060232162,0.09063351535368926,0.08246474344283343,0.13579694025218486,3285.4615625,14.07779125213623,2.8221366920042783,0.29063351535368925
eid,1.0648,0,0,11,0.08285115455672878,0.02307488925755024,0.08285115455672878,0.0626086113601923,0.12852035097777845,3353.44908203125,15.486166229248047,3.104350361204706,0.3028511545567288
eid,1.0648,0,0,12,0.07643321083224774,0.021192042790353298,0.07643321083224774,0.05151363993063569,0.11966287463903427,3458.32681640625,16.895465469360353,3.386564030405134,0.31643321083224774
mass,0.59,0,1,1,0.6774123094926897,0.18667216956615448,0.6774123094926897,0.22105413049459458,0.29410561561584475,1068.801865234375,1.4085367298126221,0.27924840826385955,0.6974123094926897
mass,0.59,0,1,2,0.45651138057528506,0.12482164949178695,0.45651138057528506,0.1574660374224186,0.2540185561776161,1771.58078125,2.8176827907562254,0.5584968165277191,0.49651138057528504
mass,0.59,0,1,3,0.3218663654088852,0.08848656967282295,0.3218663654088852,0.0988255961984396,0.2202450942993164,2342.306513671875,4.228017272949219,0.8377452247915788,0.3818663654088852
mass,0.59,0,1,4,0.2358832230437595,0.0654117326438427,0.2358832230437595,0.07410366550087928,0.20081518679857255,2818.195361328125,5.639769878387451,1.1169936330554382,0.3158832230437595
mass,0.59,0,1,5,0.19675254954452953,0.05479102090001106,0.19675254954452953,0.0738667356967926,0.18377374172210692,3118.13171875,7.049415016174317,1.396242041319298,0.29675254954452956
mass,0.59,0,1,6,0.15835735622528674,0.043903541564941403,0.15835735622528674,0.06395657069981098,0.1538097257912159,3386.13806640625,8.459176979064942,1.6754904495831575,0.27835735622528673
mass,0.59,0,1,7,0.13648773534199937,0.037714804261922835,0.13648773534199937,0.05653755813837051,0.13043126352131368,3544.328681640625,9.869400711059571,1.9547388578470173,0.2764877353419994
mass,0.59,0,1,8,0.11729312866084893,0.03221156567335129,0.11729312866084893,0.048350277226418256,0.1162563269585371,3653.575,11.280348205566407,2.2339872661108764,0.27729312866084893
mass,0.59,0,1,9,0.10928126815871973,0.02995204918086529,0.10928126815871973,0.06604764968156815,0.10568368822336197,3703.744814453125,12.690079879760741,2.5132356743747364,0.28928126815871974
mass,0.59,0,1,10,0.10110165249334697,0.027628858834505082,0.10110165249334697,0.04950265564024448,0.09403697244822978,3765.486787109375,14.100277862548829,2.792484082638596,0.30110165249334697
mass,0.59,0,1,11,0.09291348346413685,0.025482687428593637,0.09291348346413685,0.046073434352874754,0.09052908092737198,3793.957333984375,15.509319763183594,3.0717324909024555,0.31291348346413683
mass,0.59,0,1,12,0.08559091892347259,0.023538712859153748,0.08559091892347259,0.05571505930274725,0.0869428040087223,3821.960546875,16.918825607299805,3.350980899166315,0.3255909189234726
mass,0.77,0,1,1,0.6774123094926897,0.18667216956615448,0.6774123094926897,0.2214871095120907,0.29410561561584475,1068.801865234375,1.4085367298126221,0.28117243086065474,0.6974123094926897
mass,0.77,0,1,2,0.4602084308155879,0.12714612171053885,0.4602084308155879,0.15325735203921795,0.2774102449417114,1866.705244140625,2.819901189804077,0.5623448617213095,0.5002084308155879
mass,0.77,0,1,3,0.32244506524662364,0.08909726440906525,0.32244506524662364,0.10066339295357465,0.25309106141328813,2460.61640625,4.231320571899414,0.8435172925819643,0.38244506524662364
mass,0.77,0,1,4,0.22897314936614457,0.06406121090054512,0.22897314936614457,0.0849753113090992,0.20988018408417702,2922.90568359375,5.642482814788818,1.124689723442619,0.30897314936614456
mass,0.77,0,1,5,0.178442685392136,0.0495782245695591,0.178442685392136,0.06308687429875136,0.17413056433200835,3275.356328125,7.053902378082276,1.4058621543032739,0.278442685392136
mass,0.77,0,1,6,0.156534774154213,0.04325394600629807,0.156534774154213,0.0633567351475358,0.14614201441407204,3502.98869140625,8.463563499450684,1.6870345851639286,0.276534774154213
mass,0.77,0,1,7,0.139436624239459,0.03862850226461887,0.139436624239459,0.06750575106590986,0.1323965587466955,3590.84958984375,9.873677253723145,1.9682070160245835,0.27943662423945903
mass,0.77,0,1,8,0.12646256557565663,0.03489720083773136,0.12646256557565663,0.06163313575088978,0.11104451909661293,3704.9314453125,11.284138984680176,2.249379446885238,0.28646256557565664
mass,0.77,0,1,9,0.11152848994201664,0.030729884281754494,0.11152848994201664,0.06033173374831677,0.09766018487513066,3771.180966796875,12.692607765197755,2.530551877745893,0.29152848994201663
mass,0.77,0,1,10,0.10201555908759032,0.02806389845907688,0.10201555908759032,0.06345138996839524,0.08838998757302761,3818.22310546875,14.102272682189941,2.8117243086065478,0.3020155590875903
mass,0.77,0,1,11,0.09452814041233609,0.02607933945953846,0.09452814041233609,0.05531865790486336,0.08377648167312145,3843.11369140625,15.51185001373291,3.0928967394672022,0.3145281404123361
mass,0.77,0,1,12,0.08776564889629158,0.024118914008140563,0.08776564889629158,0.040651916600763796,0.07611888222396374,3882.8380859375,16.920307846069335,3.374069170327857,0.32776564889629156
eid,0.3474,0,1,1,0.6774123094926897,0.18667216956615448,0.6774123094926897,0.22527129381895064,0.29410561561584475,1068.801865234375,1.4085367298126221,0.2842481084781077,0.6974123094926897
eid,0.3474,0,1,2,0.46131466657862796,0.12970517456531525,0.46131466657862796,0.16575135603547098,0.2888887411355972,1595.6772265625,2.813783521652222,0.5684962169562154,0.501314666578628
eid,0.3474,0,1,3,0.3465471002071018,0.09865166619420052,0.3465471002071018,0.11123035535216332,0.2585333144664764,2012.141748046875,4.219146595001221,0.8527443254343232,0.4065471002071018
eid,0.3474,0,1,4,0.25944082700115034,0.07412722319364548,0.25944082700115034,0.10868201822042466,0.23586878836154937,2313.007919921875,5.626707553863525,1.1369924339124309,0.33944082700115036
eid,0.3474,0,1,5,0.21472639053333775,0.06206296741962433,0.21472639053333775,0.08102893568575383,0.22139593750238418,2525.73498046875,7.035358486175537,1.4212405423905388,0.31472639053333773
eid,0.3474,0,1,6,0.1736967079650193,0.0501723425090313,0.1736967079650193,0.10501922365278006,0.20248309075832366,2722.272041015625,8.444025115966797,1.7054886508686464,0.2936967079650193
eid,0.3474,0,1,7,0.13656203113104637,0.03903260909020901,0.13656203113104637,0.05949697397649288,0.1783863262832165,2906.97970703125,9.852625617980957,1.9897367593467543,0.2765620311310464
eid,0.3474,0,1,8,0.11950420970419134,0.033996918201446534,0.11950420970419134,0.05703848101198673,0.15848221212625505,3068.10650390625,11.262265663146973,2.2739848678248618,0.2795042097041913
eid,0.3474,0,1,9,0.10783178590050518,0.030712309330701827,0.10783178590050518,0.06115431807935238,0.1527441270649433,3163.9317578125,12.670085296630859,2.5582329763029694,0.2878317859005052
eid,0.3474,0,1,10,0.09780834343087019,0.027948378510773184,0.09780834343087019,0.06099597230553627,0.14773208022117615,3267.404462890625,14.079176788330079,2.8424810847810775,0.2978083434308702
eid,0.3474,0,1,11,0.08814034407226128,0.025106686502695083,0.08814034407226128,0.05018472254276276,0.13477944895625116,3351.031376953125,15.487632865905761,3.126729193259185,0.30814034407226126
eid,0.3474,0,1,12,0.0806481321304648,0.022804600857198237,0.0806481321304648,0.050830221325159075,0.12894317604601382,3424.294091796875,16.897027053833007,3.410977301737293,0.3206481321304648
niveau,0.2547,0,1,1,0.6774123094926897,0.18667216956615448,0.6774123094926897,0.22811632722616196,0.29410561561584475,1068.801865234375,1.4085367298126221,0.2829020925044703,0.6974123094926897
niveau,0.2547,0,1,2,0.46005100250554704,0.12804530382156373,0.46005100250554704,0.1640522763133049,0.2666214135289192,1771.369384765625,2.8190965938568113,0.5658041850089406,0.500051002505547
niveau,0.2547,0,1,3,0.3436276366419102,0.096657859608531,0.3436276366419102,0.1222700010240078,0.24466221809387206,2252.151630859375,4.228910598754883,0.8487062775134109,0.4036276366419102
niveau,0.2547,0,1,4,0.2350466568926376,0.06629468582570552,0.2350466568926376,0.08856952764093876,0.21289797693490983,2783.002578125,5.638912410736084,1.1316083700178812,0.3150466568926376
niveau,0.2547,0,1,5,0.1879296962663582,0.05286533802747726,0.1879296962663582,0.06811305984854699,0.18359448850154877,3151.825107421875,7.048805046081543,1.4145104625223515,0.2879296962663582
niveau,0.2547,0,1,6,0.15684386105798742,0.04384409934282303,0.15684386105798742,0.0829731947183609,0.15633050240576268,3476.511474609375,8.459120788574218,1.6974125550268218,0.2768438610579874
niveau,0.2547,0,1,7,0.13661075892681565,0.038062894120812416,0.13661075892681565,0.06895248711109161,0.13153597727417946,3602.605869140625,9.86834140777588,1.9803146475312923,0.27661075892681564
niveau,0.2547,0,1,8,0.11736687861494287,0.03264320857822895,0.11736687861494287,0.062231463752686976,0.11232895180583,3700.1035546875,11.27837028503418,2.2632167400357623,0.27736687861494286
niveau,0.2547,0,1,9,0.10011081573106662,0.02776303045451641,0.10011081573106662,0.04834834795445204,0.09622801169753074,3776.547470703125,12.683913307189941,2.5461188325402326,0.2801108157310666
niveau,0.2547,0,1,10,0.09179771277662359,0.025444018207490444,0.09179771277662359,0.04258421611040831,0.08952535696327686,3804.29224609375,14.093058776855468,2.829020925044703,0.2917977127766236
niveau,0.2547,0,1,11,0.08326048596967862,0.023100647553801538,0.08326048596967862,0.061005794815719126,0.0845507362484932,3844.16767578125,15.500638809204101,3.111923017549173,0.30326048596967864
niveau,0.2547,0,1,12,0.07624214338410296,0.02115780796855688,0.07624214338410296,0.059148761071264745,0.0798751387745142,3868.1565234375,16.909268264770507,3.3948251100536435,0.31624214338410295
ucb,0.8047,0,1,1,0.6774123094926897,0.18667216956615448,0.6774123094926897,0.22527129381895064,0.29410561561584475,1068.801865234375,1.4085367298126221,0.28106329683059206,0.6974123094926897
ucb,0.8047,0,1,2,0.5349893585925458,0.14666497766971587,0.5349893585925458,0.1788069324195385,0.26688665568828585,1791.3244921875,2.8199325942993165,0.5621265936611841,0.5749893585925459
ucb,0.8047,0,1,3,0.32580163991775263,0.09056485250592232,0.32580163991775263,0.09728354915976524,0.22601737797260285,2430.26833984375,4.230976524353028,0.8431898904917762,0.3858016399177526
ucb,0.8047,0,1,4,0.2480201409934667,0.06859334543347359,0.2480201409934667,0.09160238921642304,0.1999095058441162,2891.12189453125,5.641008968353272,1.1242531873223682,0.3280201409934667
ucb,0.8047,0,1,5,0.18787789277649444,0.05285478375852108,0.18787789277649444,0.08301877647638321,0.17005917713046073,3176.42578125,7.050747356414795,1.4053164841529604,0.28787789277649445
ucb,0.8047,0,1,6,0.15939183202954282,0.04451031021773815,0.15939183202954282,0.0677295695990324,0.14556582942605018,3404.807265625,8.46156364440918,1.6863797809835523,0.2793918320295428
ucb,0.8047,0,1,7,0.1369080087642607,0.03840517684817314,0.1369080087642607,0.06269533351063729,0.12468999795615673,3527.191923828125,9.871845588684081,1.9674430778141445,0.2769080087642607
ucb,0.8047,0,1,8,0.1219068985991862,0.03409791670739651,0.1219068985991862,0.05679890476167202,0.11718732200562954,3606.79318359375,11.281566734313964,2.2485063746447365,0.2819068985991862
ucb,0.8047,0,1,9,0.11002121872644231,0.03079330325126648,0.11002121872644231,0.063319146130234,0.11613266237080097,3642.499716796875,12.6921187210083,2.5295696714753286,0.2900212187264423
ucb,0.8047,0,1,10,0.09833345212769011,0.027359433621168137,0.09833345212769011,0.07495106756687164,0.10912862166762352,3692.637822265625,14.10001522064209,2.810632968305921,0.29833345212769014
ucb,0.8047,0,1,11,0.09077233344858947,0.025284591764211654,0.09077233344858947,0.06655504874885082,0.10189826965332031,3743.454892578125,15.509076004028321,3.0916962651365125,0.31077233344858946
ucb,0.8047,0,1,12,0.08293466037129703,0.023038904778659344,0.08293466037129703,0.05281949870288372,0.09631755881011486,3779.1702734375,16.91793701171875,3.3727595619671047,0.32293466037129703
ucb,1.4088,0,0,1,0.627575694660018,0.17572379648685454,0.627575694660018,0.19877572625875473,0.28075790882110596,1097.49146484375,1.4098540258407593,0.27060407219221816,0.647575694660018
ucb,1.4088,0,0,2,0.5130509747134204,0.14312579721212387,0.5130509747134204,0.18037017673254013,0.26098311245441436,1797.26029296875,2.821427879333496,0.5412081443844363,0.5530509747134205
ucb,1.4088,0,0,3,0.3125624206148919,0.08638541325926781,0.3125624206148919,0.10754035890102387,0.24034805744886398,2599.604912109375,4.232471923828125,0.8118122165766545,0.3725624206148919
ucb,1.4088,0,0,4,0.23755162992967496,0.0649739983677864,0.23755162992967496,0.08278162252157927,0.20433543175458907,3067.572998046875,5.642487602233887,1.0824162887688726,0.31755162992967495
ucb,1.4088,0,0,5,0.18673090002208212,0.05117569521069527,0.18673090002208212,0.07205391064286232,0.16918267145752908,3352.873173828125,7.051962280273438,1.353020360961091,0.2867309000220821
ucb,1.4088,0,0,6,0.16009762300453909,0.04349617563188076,0.16009762300453909,0.05889161054044962,0.14990640990436077,3510.373798828125,8.462530632019043,1.623624433153309,0.2800976230045391
ucb,1.4088,0,0,7,0.13758683214929218,0.037323088720440864,0.13758683214929218,0.07159450499340891,0.1295791732519865,3622.7783203125,9.871495056152344,1.8942285053455272,0.2775868321492922
ucb,1.4088,0,0,8,0.12008191529115182,0.032831068709492685,0.12008191529115182,0.04973852515220642,0.11554399907588958,3686.1360546875,11.281665878295899,2.1648325775377453,0.28008191529115184
ucb,1.4088,0,0,9,0.10587928636577436,0.02904419794678688,0.10587928636577436,0.05757281243801117,0.10237527176737786,3742.4894140625,12.691501388549804,2.4354366497299633,0.28587928636577437
ucb,1.4088,0,0,10,0.0943489867253543,0.025960082188248634,0.0943489867253543,0.042569271586835385,0.0952087588608265,3785.198251953125,14.100196151733398,2.706040721922182,0.2943489867253543
ucb,1.4088,0,0,11,0.08489789169010332,0.02340435318648815,0.08489789169010332,0.05054701738059521,0.08584897875785828,3828.732861328125,15.510612678527831,2.9766447941143994,0.30489789169010334
ucb,1.4088,0,0,12,0.07955476139838225,0.021915250048041342,0.07955476139838225,0.03476899560540914,0.07957416184246541,3859.065439453125,16.920799560546875,3.247248866306618,0.31955476139838224
eid,7.558,0,1,1,0.6774123094926897,0.18667216956615448,0.6774123094926897,0.23956532627344132,0.29410561561584475,1068.801865234375,1.4085367298126221,0.27479114784548675,0.6974123094926897
eid,7.558,0,1,2,0.49313594814961575,0.13777369439601897,0.49313594814961575,0.20015703544020652,0.2921584105491638,1544.58173828125,2.814054222106934,0.5495822956909735,0.5331359481496157
eid,7.558,0,1,3,0.3606986831567734,0.10159404382109642,0.3606986831567734,0.15329624176025392,0.27549793779850007,1976.896923828125,4.221360378265381,0.8243734435364602,0.4206986831567734
eid,7.558,0,1,4,0.28795592589356567,0.0810636256635189,0.28795592589356567,0.10617803029716015,0.25313497066497803,2297.317939453125,5.628924331665039,1.099164591381947,0.3679559258935657
eid,7.558,0,1,5,0.22386261053281958,0.062820450887084,0.22386261053281958,0.09455215439200401,0.2290933471918106,2572.24759765625,7.034769954681397,1.3739557392274337,0.3238626105328196
eid,7.558,0,1,6,0.17469303389307694,0.04970941998064518,0.17469303389307694,0.08578349880874157,0.18196347922086717,2814.943876953125,8.43924144744873,1.6487468870729205,0.29469303389307694
eid,7.558,0,1,7,0.13989016101764856,0.03962998807430267,0.13989016101764856,0.06925511211156846,0.1692921994626522,3030.994150390625,9.8467720413208,1.9235380349184075,0.2798901610176486
eid,7.558,0,1,8,0.11819005483252781,0.033211973160505295,0.11819005483252781,0.07805044153705239,0.15018405698239803,3187.32951171875,11.254606742858886,2.198329182763894,0.2781900548325278
eid,7.558,0,1,9,0.10287045293777294,0.028808650076389313,0.10287045293777294,0.05713240693323314,0.1301405506581068,3341.4255078125,12.660890274047851,2.4731203306093805,0.2828704529377729
eid,7.558,0,1,10,0.09609908220507558,0.026869428753852845,0.09609908220507558,0.07814945958554745,0.12660037711262703,3415.465126953125,14.070980262756347,2.7479114784548675,0.2960990822050756
eid,7.558,0,1,11,0.08848457961932571,0.024689042940735817,0.08848457961932571,0.056577606685459615,0.1210053501278162,3517.111796875,15.480501098632812,3.022702626300354,0.30848457961932574
eid,7.558,0,1,12,0.0817360753104758,0.02275712285190821,0.0817360753104758,0.05788536695763469,0.11250494219362736,3575.894765625,16.89077796936035,3.297493774145841,0.32173607531047577
mass,0.35,0,0,1,0.627575694660018,0.17572379648685454,0.627575694660018,0.19877572625875473,0.28075790882110596,1097.49146484375,1.4098540258407593,0.27807031900001067,0.647575694660018
mass,0.35,0,0,2,0.45058514738470024,0.12545782804489136,0.45058514738470024,0.15519655093550683,0.257748564183712,1619.04609375,2.8148320865631105,0.5561406380000213,0.4905851473847002
mass,0.35,0,0,3,0.3511065672066229,0.09795364648103715,0.3511065672066229,0.13001075319945812,0.24293429225683214,2018.00025390625,4.222458438873291,0.8342109570000321,0.4111065672066229
mass,0.35,0,0,4,0.2721817255296965,0.07569912314414978,0.2721817255296965,0.1114115520566702,0.21996057987213136,2323.489248046875,5.63219108581543,1.1122812760000427,0.3521817255296965
mass,0.35,0,0,5,0.21443608581522774,0.0596502510458231,0.21443608581522774,0.08880352273583413,0.21941590964794158,2627.36904296875,7.042186698913574,1.3903515950000536,0.31443608581522775
mass,0.35,0,0,6,0.1618550480732387,0.04478620298206806,0.1618550480732387,0.059130423925817015,0.1871110425889492,2942.945390625,8.452056999206542,1.6684219140000642,0.2818550480732387
mass,0.35,0,0,7,0.13861896437760174,0.038439409881830214,0.13861896437760174,0.06781151678413153,0.16972819060087205,3142.167431640625,9.86143741607666,1.9464922330000751,0.27861896437760175
mass,0.35,0,0,8,0.12063007205114742,0.03339931093156338,0.12063007205114742,0.04822053212672472,0.14765569433569908,3336.39203125,11.271175384521484,2.2245625520000853,0.28063007205114743
mass,0.35,0,0,9,0.10438430147406702,0.029052708595991135,0.10438430147406702,0.05986982483416796,0.12657609298825265,3486.049169921875,12.681168022155761,2.5026328710000962,0.284384301474067
mass,0.35,0,0,10,0.09226644889541724,0.025622521340847016,0.09226644889541724,0.053893735595047475,0.11263140462338925,3575.04095703125,14.09265926361084,2.780703190000107,0.29226644889541725
mass,0.35,0,0,11,0.08466431387339064,0.023408490270376205,0.08466431387339064,0.05764582850039005,0.09735279336571694,3708.18966796875,15.50239616394043,3.0587735090001176,0.30466431387339066
mass,0.35,0,0,12,0.07837010252487082,0.02163970671594143,0.07837010252487082,0.0416547591984272,0.09307595878839493,3766.19046875,16.912797317504882,3.3368438280001285,0.3183701025248708
eid,10.0,0,0,1,0.627575694660018,0.17572379648685454,0.627575694660018,0.1890332108736038,0.28075790882110596,1097.49146484375,1.4098540258407593,0.28105013587512073,0.647575694660018
eid,10.0,0,0,2,0.4594030647568973,0.1297535653412342,0.4594030647568973,0.17416351810097694,0.26801836013793945,1566.2061328125,2.8153403663635252,0.5621002717502415,0.4994030647568973
eid,10.0,0,0,3,0.325093636394271,0.09103194057941437,0.325093636394271,0.13042456805706024,0.24541611343622208,1998.47603515625,4.22258581161499,0.8431504076253623,0.385093636394271
eid,10.0,0,0,4,0.26000813181796756,0.0725319580733776,0.26000813181796756,0.09892114855349064,0.2270800629258156,2291.03220703125,5.630238304138183,1.124200543500483,0.3400081318179676
eid,10.0,0,0,5,0.2046622786849529,0.057099103778600696,0.2046622786849529,0.09102064363658428,0.2035346594452858,2571.262578125,7.038092021942139,1.4052506793756039,0.3046622786849529
eid,10.0,0,0,6,0.16616697815071024,0.0461297332495451,0.16616697815071024,0.07683662123978138,0.17618467792868614,2782.08533203125,8.446119918823243,1.6863008152507246,0.28616697815071024
eid,10.0,0,0,7,0.14097119357258422,0.03911121062934399,0.14097119357258422,0.06292232919484377,0.1625315836071968,2983.383203125,9.85572914123535,1.9673509511258456,0.28097119357258427
eid,10.0,0,0,8,0.11931487241773357,0.03315798781812191,0.11931487241773357,0.08063964545726776,0.14975146546959878,3163.846552734375,11.263571510314941,2.248401087000966,0.27931487241773356
eid,10.0,0,0,9,0.10120658578264045,0.028053627759218217,0.10120658578264045,0.06784044243395329,0.13793529480695724,3297.168154296875,12.672258758544922,2.529451222876087,0.28120658578264046
eid,10.0,0,0,10,0.0932281075795582,0.025776930153369904,0.0932281075795582,0.05145275000482798,0.13870023235678672,3373.945322265625,14.082400169372558,2.8105013587512078,0.2932281075795582
eid,10.0,0,0,11,0.08393048878356853,0.02332981936633587,0.08393048878356853,0.06006036838516593,0.12442818619310855,3456.49865234375,15.489066963195802,3.0915514946263283,0.30393048878356854
eid,10.0,0,0,12,0.07777779533828273,0.021627709083259106,0.07777779533828273,0.03868879102170467,0.10252660021185875,3584.957841796875,16.897513427734374,3.3726016305014492,0.3177777953382827
ucb,2.4662,0,0,1,0.627575694660018,0.17572379648685454,0.627575694660018,0.19742501348257066,0.28075790882110596,1097.49146484375,1.4098540258407593,0.2724919182085432,0.647575694660018
ucb,2.4662,0,0,2,0.5337984255302175,0.14862696021795274,0.5337984255302175,0.18709023535251618,0.2592126423120499,1811.48447265625,2.8218665313720703,0.5449838364170864,0.5737984255302175
ucb,2.4662,0,0,3,0.3359524891056664,0.09157350093126297,0.3359524891056664,0.09922848485410213,0.2280756202340126,2699.987119140625,4.232938957214356,0.8174757546256296,0.3959524891056664
ucb,2.4662,0,0,4,0.2526528961701624,0.06858635246753693,0.2526528961701624,0.07406425818800927,0.19692363813519478,3148.776611328125,5.643215236663818,1.0899676728341727,0.3326528961701624
ucb,2.4662,0,0,5,0.19354707563489273,0.05262315556406975,0.19354707563489273,0.0728264106810093,0.1631607899069786,3406.954521484375,7.053037986755371,1.362459591042716,0.29354707563489274
ucb,2.4662,0,0,6,0.16286232684571503,0.04424521148204803,0.16286232684571503,0.08038896039128303,0.14407145470380783,3573.428974609375,8.46169921875,1.6349515092512592,0.282862326845715
ucb,2.4662,0,0,7,0.1393501301453737,0.03798291191458702,0.1393501301453737,0.07254975579679013,0.12256239935755729,3689.31888671875,9.869940605163574,1.9074434274598024,0.2793501301453737
ucb,2.4662,0,0,8,0.12308812825426214,0.03369147203862667,0.12308812825426214,0.06115276865661144,0.11128016620874405,3749.79587890625,11.280015754699708,2.1799353456683455,0.28308812825426216
ucb,2.4662,0,0,9,0.10820379809536647,0.029721524193882944,0.10820379809536647,0.06059918724000454,0.09289196953177452,3807.923310546875,12.689935073852538,2.452427263876889,0.28820379809536645
ucb,2.4662,0,0,10,0.09852880705850535,0.02717154920101166,0.09852880705850535,0.0552429948747158,0.0848645456135273,3836.80822265625,14.100657501220702,2.724919182085432,0.2985288070585054
ucb,2.4662,0,0,11,0.09114030596931601,0.025158343315124513,0.09114030596931601,0.06208801828324795,0.07985780753195286,3857.24271484375,15.510384216308594,2.997411100293975,0.311140305969316
ucb,2.4662,0,0,12,0.08522082866753417,0.0235044214874506,0.08522082866753417,0.0509499005228281,0.07635940968990326,3873.229140625,16.921435241699218,3.2699030185025184,0.32522082866753416
ucb,0.15,0,0,1,0.627575694660018,0.17572379648685454,0.627575694660018,0.19877572625875473,0.28075790882110596,1097.49146484375,1.4098540258407593,0.22825373212186,0.647575694660018
ucb,0.15,0,0,2,0.44539371096636254,0.12663055837154388,0.44539371096636254,0.15500951752066613,0.26510547459125516,1674.24716796875,2.816294403076172,0.45650746424372,0.4853937109663625
ucb,0.15,0,0,3,0.30898675146160515,0.08764833360910415,0.30898675146160515,0.10523354589939117,0.23800199329853058,2168.27970703125,4.225614166259765,0.6847611963655801,0.36898675146160514
ucb,0.15,0,0,4,0.2407541708896244,0.0680803482234478,0.2407541708896244,0.10675875343382359,0.23707087397575377,2487.897314453125,5.635007762908936,0.91301492848744,0.3207541708896244
ucb,0.15,0,0,5,0.19507831960531066,0.055077976137399676,0.19507831960531066,0.08215509310364723,0.2051371356844902,2733.250986328125,7.045310802459717,1.1412686606093,0.29507831960531067
ucb,0.15,0,0,6,0.1706854478920554,0.04807364217936993,0.1706854478920554,0.0735523021966219,0.19316972121596337,2976.580537109375,8.454157333374024,1.3695223927311602,0.2906854478920554
ucb,0.15,0,0,7,0.13942689134048428,0.03923838205635548,0.13942689134048428,0.05246418815106153,0.17838957361876964,3133.8151953125,9.862608222961425,1.5977761248530202,0.27942689134048426
ucb,0.15,0,0,8,0.12548562892063506,0.03544231317937374,0.12548562892063506,0.06697439316660166,0.1583785752207041,3292.7060546875,11.273046760559081,1.82602985697488,0.28548562892063506
ucb,0.15,0,0,9,0.1107252919372856,0.03121047705411911,0.1107252919372856,0.0496084401011467,0.14910358361899853,3402.49951171875,12.680665473937989,2.05428358909674,0.2907252919372856
ucb,0.15,0,0,10,0.10031112379589802,0.02821576941758394,0.10031112379589802,0.04271949119865894,0.1324208600819111,3480.757001953125,14.089524192810059,2.2825373212186,0.300311123795898
ucb,0.15,0,0,11,0.09470693692375871,0.026642283610999584,0.09470693692375871,0.04647213727235794,0.1311246206611395,3542.16802734375,15.499371871948242,2.5107910533404603,0.31470693692375873
ucb,0.15,0,0,12,0.08593527636803917,0.024071651957929135,0.08593527636803917,0.04234142571687698,0.1251359039545059,3613.81083984375,16.908686065673827,2.7390447854623203,0.32593527636803915
niveau,0.1373,0,0,1,0.627575694660018,0.17572379648685454,0.627575694660018,0.20031728595495224,0.28075790882110596,1097.49146484375,1.4098540258407593,0.2744753300934098,0.647575694660018
niveau,0.1373,0,0,2,0.44991926971954166,0.12537488505244254,0.44991926971954166,0.15287549987435342,0.2574809521436691,1741.077744140625,2.8206802940368654,0.5489506601868196,0.48991926971954164
niveau,0.1373,0,0,3,0.32430474557094546,0.090770805478096,0.32430474557094546,0.11397932425141334,0.24149172753095627,2299.892177734375,4.230772094726563,0.8234259902802294,0.38430474557094546
niveau,0.1373,0,0,4,0.24943114067395677,0.06914783246815205,0.24943114067395677,0.09008577387779951,0.21284706071019172,2797.028447265625,5.641964702606201,1.0979013203736392,0.3294311406739568
niveau,0.1373,0,0,5,0.20388153191304778,0.05630116730928421,0.20388153191304778,0.0818601494282484,0.18130719691514968,3186.680224609375,7.051963634490967,1.3723766504670492,0.3038815319130478
niveau,0.1373,0,0,6,0.1638610810434704,0.04511091485619545,0.1638610810434704,0.07246075376868248,0.15972840160131455,3387.186123046875,8.46210334777832,1.646851980560459,0.2838610810434704
niveau,0.1373,0,0,7,0.13945505687149795,0.03827223092317581,0.13945505687149795,0.06246328935027123,0.1363129096478224,3564.50923828125,9.871088485717774,1.9213273106538689,0.27945505687149796
niveau,0.1373,0,0,8,0.12747636885136585,0.03515356443822384,0.12747636885136585,0.06888251710683108,0.12497259184718132,3665.306611328125,11.281602630615234,2.1958026407472784,0.28747636885136585
niveau,0.1373,0,0,9,0.11241070374365102,0.031142993196845055,0.11241070374365102,0.0660880146920681,0.11433102428913117,3735.041728515625,12.690244102478028,2.470277970840688,0.292410703743651
niveau,0.1373,0,0,10,0.10238308682797607,0.028603049144148827,0.10238308682797607,0.07283242858946323,0.10593585595488549,3768.14376953125,14.099708251953125,2.7447533009340983,0.3023830868279761
niveau,0.1373,0,0,11,0.09317585113001674,0.02600844740867615,0.09317585113001674,0.061486166156828406,0.0982208027690649,3802.363564453125,15.5075541305542,3.019228631027508,0.3131758511300167
niveau,0.1373,0,0,12,0.08491608344124606,0.02376073841005564,0.08491608344124606,0.06651712171733379,0.08605076491832733,3848.742724609375,16.916595153808593,3.293703961120918,0.32491608344124606
eid,1.864,0,1,1,0.6774123094926897,0.18667216956615448,0.6774123094926897,0.22527129381895064,0.29410561561584475,1068.801865234375,1.4085367298126221,0.2764587004707816,0.6974123094926897
eid,1.864,0,1,2,0.48805097878486914,0.1357971438765526,0.48805097878486914,0.18545191377401352,0.2918115544319153,1552.288466796875,2.813713340759277,0.5529174009415632,0.5280509787848692
eid,1.864,0,1,3,0.3610500792997559,0.10157159373164176,0.3610500792997559,0.13059712797403336,0.2759006270766258,1984.309296875,4.219321823120117,0.8293761014123447,0.4210500792997559
eid,1.864,0,1,4,0.2758916310121465,0.07812982857227325,0.2758916310121465,0.11105597004294396,0.2561427903175354,2270.12134765625,5.626608810424805,1.1058348018831263,0.3558916310121465
eid,1.864,0,1,5,0.21765027805795215,0.06193574942648411,0.21765027805795215,0.07152634836733342,0.22564974620938302,2578.723515625,7.031969699859619,1.382293502353908,0.31765027805795215
eid,1.864,0,1,6,0.18297345452718028,0.05228616401553154,0.18297345452718028,0.1129311417043209,0.1964984655380249,2792.026201171875,8.440207290649415,1.6587522028246895,0.3029734545271803
eid,1.864,0,1,7,0.14974190101518625,0.04292035218328238,0.14974190101518625,0.06218264419585466,0.17604289099574089,2982.743193359375,9.848898391723633,1.9352109032954712,0.28974190101518627
eid,1.864,0,1,8,0.11956560802350338,0.03380995523184538,0.11956560802350338,0.057656623609364036,0.1610366877168417,3153.427412109375,11.25670051574707,2.2116696037662527,0.2795656080235034
eid,1.864,0,1,9,0.10477185790664452,0.029510796517133713,0.10477185790664452,0.0539443789049983,0.14124161660671233,3299.0758203125,12.66444496154785,2.4881283042370343,0.2847718579066445
eid,1.864,0,1,10,0.09143028600598276,0.025619628168642522,0.09143028600598276,0.054289122745394706,0.12192030787467957,3416.124658203125,14.072688865661622,2.764587004707816,0.29143028600598275
eid,1.864,0,1,11,0.08597999433378878,0.024086514823138713,0.08597999433378878,0.04037823030725121,0.1147502040117979,3497.8146484375,15.481683235168457,3.0410457051785973,0.30597999433378875
eid,1.864,0,1,12,0.07779639874868734,0.02169518992304802,0.07779639874868734,0.045478881224989894,0.10382508538663388,3571.81005859375,16.890986328125,3.317504405649379,0.3177963987486873
eid,0.4597,0,0,1,0.627575694660018,0.17572379648685454,0.627575694660018,0.19877572625875473,0.28075790882110596,1097.49146484375,1.4098540258407593,0.28072568474803117,0.647575694660018
eid,0.4597,0,0,2,0.5032942300122657,0.1420042808353901,0.5032942300122657,0.18978758290410042,0.27313619911670683,1485.845830078125,2.814332809448242,0.5614513694960623,0.5432942300122657
eid,0.4597,0,0,3,0.37743411063826826,0.10690544001758098,0.37743411063826826,0.13302808053791523,0.2661746120452881,1902.73408203125,4.218831310272217,0.8421770542440936,0.43743411063826826
eid,0.4597,0,0,4,0.25739977566272054,0.07297823779284954,0.25739977566272054,0.09011226426810026,0.22675376445055007,2299.22896484375,5.625499877929688,1.1229027389921247,0.33739977566272056
eid,0.4597,0,0,5,0.19792275740974824,0.05588666044175625,0.19792275740974824,0.09761465296149253,0.21609246268868446,2570.384736328125,7.032705917358398,1.4036284237401562,0.2979227574097483
eid,0.4597,0,0,6,0.16328841079777334,0.04595276415348053,0.16328841079777334,0.07098173584789037,0.19515202388167383,2766.63376953125,8.43933177947998,1.6843541084881872,0.28328841079777334
eid,0.4597,0,0,7,0.14235845587820137,0.039936930760741236,0.14235845587820137,0.07291697673499584,0.1812962831556797,2925.4765625,9.847417640686036,1.9650797932362185,0.2823584558782014
eid,0.4597,0,0,8,0.1197942375616501,0.034052681922912595,0.1197942375616501,0.05894473508000374,0.15564657911658286,3054.255185546875,11.256771049499513,2.2458054779842493,0.2797942375616501
eid,0.4597,0,0,9,0.10657924571682262,0.030258055813610553,0.10657924571682262,0.06339668706059456,0.13989686608314514,3173.49158203125,12.666610870361328,2.526531162732281,0.2865792457168226
eid,0.4597,0,0,10,0.09658453509260706,0.027354027070105078,0.09658453509260706,0.06155896555632353,0.13987429916858674,3243.92580078125,14.075260734558105,2.8072568474803123,0.29658453509260707
eid,0.4597,0,0,11,0.09018436003760837,0.02553971916437149,0.09018436003760837,0.051901073157787324,0.12600953243672847,3331.4934375,15.48274211883545,3.087982532228343,0.31018436003760835
eid,0.4597,0,0,12,0.08072768441367653,0.023003377467393876,0.08072768441367653,0.04642067521810531,0.12146454982459545,3427.83390625,16.891691741943358,3.3687082169763745,0.3207276844136765
niveau,0.3133,0,1,1,0.6774123094926897,0.18667216956615448,0.6774123094926897,0.22253921180963515,0.29410561561584475,1068.801865234375,1.4085367298126221,0.2837554937189755,0.6974123094926897
niveau,0.3133,0,1,2,0.4810086059056967,0.13170994877815245,0.4810086059056967,0.17863342955708503,0.27269791811704636,1822.0912890625,2.8192433071136476,0.567510987437951,0.5210086059056968
niveau,0.3133,0,1,3,0.34414327063515576,0.09328939527273178,0.34414327063515576,0.09294250585138798,0.23904135540127755,2439.382568359375,4.22979995727539,0.8512664811569266,0.40414327063515576
niveau,0.3133,0,1,4,0.25678622434252557,0.0696505405008793,0.25678622434252557,0.09242192536592483,0.2039942854642868,2885.019130859375,5.64107494354248,1.135021974875902,0.3367862243425256
niveau,0.3133,0,1,5,0.20052088039809426,0.05454129129648209,0.20052088039809426,0.08609514631330967,0.19071920916438104,3207.042275390625,7.049695091247559,1.4187774685948777,0.30052088039809427
niveau,0.3133,0,1,6,0.16217898008718745,0.044092408269643786,0.16217898008718745,0.04822463527321816,0.15484003707766533,3461.55765625,8.460674514770508,1.7025329623138532,0.28217898008718745
niveau,0.3133,0,1,7,0.1418391591197562,0.038610189855098724,0.1418391591197562,0.05628728646785021,0.13569150783121586,3601.2559765625,9.870701828002929,1.9862884560328289,0.2818391591197562
niveau,0.3133,0,1,8,0.12111481385827635,0.033175543770194056,0.12111481385827635,0.060972721353173255,0.12063803113996982,3699.34041015625,11.279347229003907,2.270043949751804,0.28111481385827636
niveau,0.3133,0,1,9,0.09998059144757511,0.027474348619580268,0.09998059144757511,0.05317215446382761,0.10505938187241554,3782.301044921875,12.685940399169922,2.55379944347078,0.2799805914475751
niveau,0.3133,0,1,10,0.09196145160995928,0.025307344272732735,0.09196145160995928,0.060522335320711135,0.09630877032876015,3819.221767578125,14.09455982208252,2.8375549371897555,0.2919614516099593
niveau,0.3133,0,1,11,0.08475307409472449,0.023362560346722603,0.08475307409472449,0.0448878320120275,0.09453462772071361,3840.70623046875,15.500067100524902,3.1213104309087307,0.3047530740947245
niveau,0.3133,0,1,12,0.07884153314653874,0.02170062679797411,0.07884153314653874,0.04559626521542668,0.08005409173667431,3865.221298828125,16.90669502258301,3.4050659246277064,0.31884153314653874
ucb,1.0648,0,1,1,0.6774123094926897,0.18667216956615448,0.6774123094926897,0.22527129381895064,0.29410561561584475,1068.801865234375,1.4085367298126221,0.2820979399373755,0.6974123094926897
ucb,1.0648,0,1,2,0.5553961851509275,0.15164311915636064,0.5553961851509275,0.20823906496167183,0.26894794791936877,1775.808203125,2.8200297927856446,0.564195879874751,0.5953961851509275
ucb,1.0648,0,1,3,0.32625997834691634,0.08975206092000007,0.32625997834691634,0.11667745925486088,0.22490885823965073,2498.59076171875,4.231543102264404,0.8462938198121265,0.38625997834691633
ucb,1.0648,0,1,4,0.23325713346225307,0.064565599411726,0.23325713346225307,0.09144664883613586,0.19678949654102326,2974.888349609375,5.641481876373291,1.128391759749502,0.3132571334622531
ucb,1.0648,0,1,5,0.18645177740699284,0.05148796692490578,0.18645177740699284,0.07312088441103697,0.1676825675368309,3352.337626953125,7.052905712127686,1.4104896996868774,0.28645177740699285
ucb,1.0648,0,1,6,0.16019565809493663,0.044370582103729246,0.16019565809493663,0.0681115847826004,0.14169455088675023,3502.20203125,8.46284812927246,1.692587639624253,0.28019565809493663
ucb,1.0648,0,1,7,0.1401371201364315,0.03882928229868412,0.1401371201364315,0.06417719673365355,0.1261696398258209,3619.14728515625,9.874215354919434,1.9746855795616285,0.28013712013643155
ucb,1.0648,0,1,8,0.12253578809172941,0.0340781993418932,0.12253578809172941,0.0615556375682354,0.11664392508566379,3686.52568359375,11.28584846496582,2.256783519499004,0.2825357880917294
ucb,1.0648,0,1,9,0.11196068055464703,0.030965133011341094,0.11196068055464703,0.049369592145085336,0.11061423793435096,3759.81701171875,12.69493766784668,2.5388814594363796,0.291960680554647
ucb,1.0648,0,1,10,0.10179782392531526,0.028080086037516595,0.10179782392531526,0.06073081690818071,0.10013413473963738,3808.527939453125,14.104390144348145,2.820979399373755,0.3017978239253153
ucb,1.0648,0,1,11,0.09338254194839025,0.025849728286266326,0.09338254194839025,0.06722336567938328,0.08707772746682167,3841.609501953125,15.513168258666992,3.10307733931113,0.31338254194839027
ucb,1.0648,0,1,12,0.08518647453243013,0.023661861717700957,0.08518647453243013,0.04820876680314541,0.08321621928364038,3866.40025390625,16.924014968872072,3.385175279248506,0.3251864745324301
niveau,0.9,0,1,1,0.6774123094926897,0.18667216956615448,0.6774123094926897,0.22527129381895064,0.29410561561584475,1068.801865234375,1.4085367298126221,0.2745794498609999,0.6974123094926897
niveau,0.9,0,1,2,0.44194566302148225,0.12255739569664001,0.44194566302148225,0.1484059015661478,0.2685141497850418,1877.82828125,2.8192216968536377,0.5491588997219998,0.48194566302148223
niveau,0.9,0,1,3,0.308990868437645,0.08559867337346078,0.308990868437645,0.09577369589358568,0.23138368278741836,2506.086142578125,4.227503299713135,0.8237383495829999,0.368990868437645
niveau,0.9,0,1,4,0.22295934974526113,0.06124875426292419,0.22295934974526113,0.0628025221824646,0.1924566347897053,2987.87052734375,5.634951286315918,1.0983177994439997,0.3029593497452611
niveau,0.9,0,1,5,0.18554391395775696,0.05059660941362381,0.18554391395775696,0.05819063313305378,0.16668810680508614,3339.280732421875,7.038438835144043,1.3728972493049998,0.28554391395775697
niveau,0.9,0,1,6,0.1621821172639551,0.04413997612893581,0.1621821172639551,0.0517275382950902,0.14786670848727226,3544.190908203125,8.44134593963623,1.6474766991659997,0.2821821172639551
niveau,0.9,0,1,7,0.14060056385544759,0.038436279222369196,0.14060056385544759,0.06642747964709997,0.116249321103096,3677.491875,9.838241386413575,1.9220561490269998,0.2806005638554476
niveau,0.9,0,1,8,0.12259270702992804,0.03350252419710159,0.12259270702992804,0.05531947180628777,0.10479097381234169,3769.628935546875,11.235921859741211,2.1966355988879993,0.28259270702992806
niveau,0.9,0,1,9,0.11063922756921533,0.03017327331006527,0.11063922756921533,0.057670584209263326,0.09160545535385609,3818.54677734375,12.638464279174805,2.4712150487489994,0.29063922756921534
niveau,0.9,0,1,10,0.10221832782095375,0.027835688516497613,0.10221832782095375,0.04505338467657566,0.08488367773592471,3858.108134765625,14.033764801025391,2.7457944986099996,0.30221832782095376
niveau,0.9,0,1,11,0.09322833915626433,0.025509073436260223,0.09322833915626433,0.05397772654891014,0.07822571717202663,3883.661640625,15.438498420715332,3.0203739484709993,0.31322833915626436
niveau,0.9,0,1,12,0.08679922628662144,0.023691264018416404,0.08679922628662144,0.05477392971515656,0.07231331020593643,3903.9291015625,16.83272644042969,3.2949533983319994,0.32679922628662145
ucb,0.3474,0,0,1,0.627575694660018,0.17572379648685454,0.627575694660018,0.19861031502485274,0.28075790882110596,1097.49146484375,1.4098540258407593,0.260180406064416,0.647575694660018
ucb,0.3474,0,0,2,0.43157234492611934,0.12205540418624877,0.43157234492611934,0.15529419228434563,0.26610912024974825,1744.029716796875,2.8199309635162355,0.520360812128832,0.4715723449261193
ucb,0.3474,0,0,3,0.33377207182904817,0.09391314446926118,0.33377207182904817,0.11783724784851074,0.2553414449095726,2304.5804296875,4.230458850860596,0.7805412181932481,0.39377207182904816
ucb,0.3474,0,0,4,0.23551721597411868,0.06641231775283814,0.23551721597411868,0.08147302009165287,0.20600957542657852,2737.487607421875,5.641089267730713,1.040721624257664,0.3155172159741187
ucb,0.3474,0,0,5,0.19266308406576513,0.054084606394171716,0.19266308406576513,0.06844745360314847,0.1811379846930504,3036.624130859375,7.049585590362549,1.3009020303220802,0.29266308406576513
ucb,0.3474,0,0,6,0.16067185169460962,0.04491610802710056,0.16067185169460962,0.07371635876595974,0.16771517969667912,3244.979599609375,8.459422874450684,1.5610824363864961,0.2806718516946096
ucb,0.3474,0,0,7,0.14167655992425116,0.039702676236629486,0.14167655992425116,0.05904476620256901,0.1476216573268175,3363.621640625,9.868232612609864,1.8212628424509123,0.28167655992425117
ucb,0.3474,0,0,8,0.12283616287733047,0.034411046206951144,0.12283616287733047,0.06782541789114475,0.12882939234375954,3490.87943359375,11.279061241149902,2.081443248515328,0.2828361628773305
ucb,0.3474,0,0,9,0.10815737132439482,0.030300971642136573,0.10815737132439482,0.04552901562303305,0.11112077236175537,3568.040205078125,12.688705215454101,2.3416236545797444,0.2881573713243948
ucb,0.3474,0,0,10,0.0976491548178843,0.027230728194117548,0.0976491548178843,0.06851362939924002,0.10433708734810353,3620.509130859375,14.09854248046875,2.6018040606441604,0.29764915481788434
ucb,0.3474,0,0,11,0.08628304078391613,0.024160751886665822,0.08628304078391613,0.05642465822398662,0.09821765504777431,3679.523349609375,15.509033699035644,2.8619844667085763,0.3062830407839161
ucb,0.3474,0,0,12,0.08157120411697596,0.022841501533985138,0.08157120411697596,0.06906577967107295,0.09405683606863022,3724.1810546875,16.919941940307616,3.1221648727729923,0.32157120411697593
eid,4.3174,0,1,1,0.6774123094926897,0.18667216956615448,0.6774123094926897,0.2263552141189575,0.29410561561584475,1068.801865234375,1.4085367298126221,0.27474840332288286,0.6974123094926897
eid,4.3174,0,1,2,0.47606815064218366,0.13206234097480773,0.47606815064218366,0.18670110806822776,0.2848376727104187,1581.93125,2.8149028491973875,0.5494968066457657,0.5160681506421837
eid,4.3174,0,1,3,0.3353021850346785,0.09490796476602555,0.3353021850346785,0.12569793581962585,0.2729432010650635,2001.879619140625,4.220826969146729,0.8242452099686487,0.3953021850346785
eid,4.3174,0,1,4,0.2684385943961874,0.07578468501567841,0.2684385943961874,0.11470854490995407,0.2400723697245121,2316.965849609375,5.627716941833496,1.0989936132915314,0.3484385943961874
eid,4.3174,0,1,5,0.20593173421770486,0.05839912332594395,0.20593173421770486,0.09451445713639259,0.21672378554940225,2594.00287109375,7.035842971801758,1.3737420166144145,0.30593173421770486
eid,4.3174,0,1,6,0.16873096082871425,0.047688290923833844,0.16873096082871425,0.09011452682316304,0.19747727423906325,2837.113291015625,8.444250984191894,1.6484904199372974,0.28873096082871424
eid,4.3174,0,1,7,0.1437574439390362,0.04053559720516205,0.1437574439390362,0.076738460958004,0.16988590672612192,3039.12080078125,9.853194046020509,1.9232388232601805,0.28375744393903624
eid,4.3174,0,1,8,0.12070441144452561,0.03398376911878586,0.12070441144452561,0.07242578819394112,0.15830633245408535,3204.661083984375,11.262308769226074,2.197987226583063,0.2807044114445256
eid,4.3174,0,1,9,0.105854796568737,0.029820810854434967,0.105854796568737,0.05798473227769137,0.1447524466365576,3327.032177734375,12.670348129272462,2.472735629905946,0.285854796568737
eid,4.3174,0,1,10,0.09746487220440979,0.027391377389431,0.09746487220440979,0.04581829734146595,0.12418314807116985,3438.51505859375,14.080022163391114,2.747484033228829,0.2974648722044098
eid,4.3174,0,1,11,0.08867139040110475,0.02482281841337681,0.08867139040110475,0.06420472610741854,0.11599972940981389,3533.01669921875,15.489882164001465,3.022232436551712,0.30867139040110475
eid,4.3174,0,1,12,0.08045329395241542,0.022471374124288557,0.08045329395241542,0.06015460927039385,0.10315053105354309,3594.475361328125,16.897421188354492,3.296980839874595,0.3204532939524154
niveau,0.1373,0,1,1,0.6774123094926897,0.18667216956615448,0.6774123094926897,0.23158345907926559,0.29410561561584475,1068.801865234375,1.4085367298126221,0.28361060715280473,0.6974123094926897
niveau,0.1373,0,1,2,0.49426733864765865,0.13506624579429627,0.49426733864765865,0.18117019325494765,0.26694116711616517,1763.182734375,2.8179057312011717,0.5672212143056095,0.5342673386476586
niveau,0.1373,0,1,3,0.36726411603160486,0.10044773519039155,0.36726411603160486,0.12881224036216735,0.25298565983772275,2335.99494140625,4.2284981155395505,0.8508318214584142,0.42726411603160486
niveau,0.1373,0,1,4,0.2697945345570371,0.0741030129790306,0.2697945345570371,0.10299513466656209,0.22368486762046813,2842.178212890625,5.638208999633789,1.134442428611219,0.34979453455703713
niveau,0.1373,0,1,5,0.20087106202354252,0.05537228807806969,0.20087106202354252,0.0803201748430729,0.18285789757966994,3215.48947265625,7.047877349853516,1.4180530357640238,0.3008710620235425
niveau,0.1373,0,1,6,0.16322740808432784,0.04530828237533569,0.16322740808432784,0.08494208663702012,0.16194232419133187,3411.91486328125,8.457565879821777,1.7016636429168284,0.28322740808432784
niveau,0.1373,0,1,7,0.14118211621204016,0.039249847456812856,0.14118211621204016,0.05602100517600775,0.15061466574668883,3565.3552734375,9.867347946166992,1.9852742500696332,0.28118211621204015
niveau,0.1373,0,1,8,0.12532288930143604,0.03455847449600696,0.12532288930143604,0.06992866583168507,0.12719349101185798,3689.021162109375,11.277306327819824,2.268884857222438,0.285322889301436
niveau,0.1373,0,1,9,0.113989733375804,0.031322728917002676,0.113989733375804,0.0495949237793684,0.10628105729818343,3751.469580078125,12.687439231872558,2.5524954643752427,0.293989733375804
niveau,0.1373,0,1,10,0.10378038564597429,0.028460753336548805,0.10378038564597429,0.07059033505618573,0.10203411653637887,3803.330224609375,14.09750831604004,2.8361060715280475,0.3037803856459743
niveau,0.1373,0,1,11,0.09307826169742314,0.025728811770677568,0.09307826169742314,0.05506505757570267,0.08932260245084762,3840.326982421875,15.50688907623291,3.119716678680852,0.31307826169742314
niveau,0.1373,0,1,12,0.08581696896065245,0.023724491745233535,0.08581696896065245,0.046441122442483905,0.08069253310561181,3869.45515625,16.91655632019043,3.4033272858336567,0.32581696896065243
niveau,0.372,0,1,1,0.6774123094926897,0.18667216956615448,0.6774123094926897,0.22527129381895064,0.29410561561584475,1068.801865234375,1.4085367298126221,0.28348135837120936,0.6974123094926897
niveau,0.372,0,1,2,0.4666177773716538,0.12758006364107133,0.4666177773716538,0.16658067189157008,0.26001450419425964,1840.65498046875,2.8204481029510498,0.5669627167424187,0.5066177773716538
niveau,0.372,0,1,3,0.31571391240483043,0.08631231814622879,0.31571391240483043,0.1083674905449152,0.23491622537374496,2414.925810546875,4.230415668487549,0.8504440751136281,0.37571391240483043
niveau,0.372,0,1,4,0.24616947894488142,0.06720891654491425,0.24616947894488142,0.09005056276917457,0.22135659500956537,2822.2607421875,5.640502948760986,1.1339254334848374,0.3261694789448814
niveau,0.372,0,1,5,0.1910285198293691,0.052261275202035905,0.1910285198293691,0.0870884259045124,0.19391661763191223,3153.418994140625,7.051374416351319,1.417406791856047,0.2910285198293691
niveau,0.372,0,1,6,0.16204171230540318,0.044116719216108324,0.16204171230540318,0.06808117628097535,0.15725031808018686,3396.86115234375,8.459225006103516,1.7008881502272561,0.2820417123054032
niveau,0.372,0,1,7,0.14132465246555825,0.038233710378408434,0.14132465246555825,0.05825510829687119,0.14615116357803346,3550.545234375,9.868762130737304,1.9843695085984656,0.28132465246555827
niveau,0.372,0,1,8,0.12398984983017936,0.033825927898287776,0.12398984983017936,0.0721868409961462,0.13463698834180832,3622.027490234375,11.27558723449707,2.267850866969675,0.2839898498301794
niveau,0.372,0,1,9,0.1033175576641094,0.028430429846048356,0.1033175576641094,0.048139396980404855,0.11034055195748806,3747.230205078125,12.684733200073243,2.551332225340884,0.2833175576641094
niveau,0.372,0,1,10,0.09334760542283906,0.02583250530064106,0.09334760542283906,0.058594989851117135,0.1025071021169424,3795.46046875,14.092262153625489,2.834813583712094,0.29334760542283905
niveau,0.372,0,1,11,0.08336872239475568,0.023131150491535662,0.08336872239475568,0.05731901910156011,0.100641655549407,3822.41390625,15.498839836120606,3.1182949420833026,0.30336872239475565
niveau,0.372,0,1,12,0.07709515839331826,0.02132609933614731,0.07709515839331826,0.05223137391731143,0.09477773882448673,3846.287890625,16.905555725097656,3.4017763004545123,0.31709515839331825
mass,0.83,0,1,1,0.6774123094926897,0.18667216956615448,0.6774123094926897,0.2267632731795311,0.29410561561584475,1068.801865234375,1.4085367298126221,0.28347092320288847,0.6974123094926897
mass,0.83,0,1,2,0.475982474868146,0.1325859060883522,0.475982474868146,0.15874963328242303,0.27305390059947965,1782.857080078125,2.8189720344543456,0.5669418464057769,0.515982474868146
mass,0.83,0,1,3,0.3188254102967971,0.0888560439646244,0.3188254102967971,0.11459849797189235,0.2356744220852852,2474.229580078125,4.229978752136231,0.8504127696086654,0.3788254102967971
mass,0.83,0,1,4,0.25075274918110674,0.06981398701667786,0.25075274918110674,0.07910463750362397,0.2039407128095627,2941.5212109375,5.641612739562988,1.1338836928115539,0.33075274918110675
mass,0.83,0,1,5,0.19532273520036728,0.05407036900520325,0.19532273520036728,0.09428305704146624,0.17248372852802277,3267.14419921875,7.051477775573731,1.4173546160144423,0.2953227352003673
mass,0.83,0,1,6,0.16236372789781808,0.04497482001781464,0.16236372789781808,0.07700093865394592,0.14600223287940026,3497.68669921875,8.459576148986816,1.7008255392173308,0.28236372789781805
mass,0.83,0,1,7,0.14140196327978102,0.03912186250090599,0.14140196327978102,0.06918604515492915,0.1180247812718153,3640.207578125,9.868429908752441,1.9842964624202195,0.28140196327978106
mass,0.83,0,1,8,0.12705749291737856,0.035187561586499216,0.12705749291737856,0.07418630503118039,0.10779850527644158,3747.326083984375,11.278671913146972,2.2677673856231078,0.2870574929173786
mass,0.83,0,1,9,0.11762636592562556,0.03250151172280311,0.11762636592562556,0.060450319610536096,0.10032762564718724,3816.32435546875,12.687031936645507,2.5512383088259964,0.2976263659256255
mass,0.83,0,1,10,0.10374663026919557,0.02865439862012863,0.10374663026919557,0.04728735491633415,0.08365502446889878,3858.432822265625,14.096410179138184,2.8347092320288847,0.30374663026919557
mass,0.83,0,1,11,0.09585779528417795,0.026471571996808052,0.09585779528417795,0.07739218946546317,0.07808198995888233,3880.003857421875,15.506436080932618,3.118180155231773,0.31585779528417796
mass,0.83,0,1,12,0.08950354108910587,0.02469757981598377,0.08950354108910587,0.06557301320135593,0.07470269538462163,3897.27849609375,16.91479232788086,3.4016510784346616,0.32950354108910584
ucb,7.558,0,0,1,0.627575694660018,0.17572379648685454,0.627575694660018,0.19877572625875473,0.28075790882110596,1097.49146484375,1.4098540258407593,0.27379658416612074,0.647575694660018
ucb,7.558,0,0,2,0.5312101908711369,0.14788463622331618,0.5312101908711369,0.19687225490808488,0.2577019321918488,1836.914169921875,2.8220884513854982,0.5475931683322415,0.5712101908711369
ucb,7.558,0,0,3,0.3510564072213438,0.09532938182353973,0.3510564072213438,0.096058579236269,0.22799743562936783,2760.3058984375,4.233623847961426,0.8213897524983622,0.4110564072213438
ucb,7.558,0,0,4,0.26674526442961033,0.07163084730505943,0.26674526442961033,0.08048238106071949,0.1993694081902504,3248.927900390625,5.642802505493164,1.095186336664483,0.34674526442961034
ucb,7.558,0,0,5,0.20673466960582917,0.055306608080863955,0.20673466960582917,0.0899210973083973,0.1706061741709709,3492.019599609375,7.051632442474365,1.3689829208306037,0.3067346696058292
ucb,7.558,0,0,6,0.16863877736782473,0.04532351657748222,0.16863877736782473,0.07691851168870927,0.1479009809345007,3631.482509765625,8.45976291656494,1.6427795049967244,0.28863877736782473
ucb,7.558,0,0,7,0.14171787610155465,0.03849248513579369,0.14171787610155465,0.06623431526124478,0.11833309166133404,3736.031142578125,9.870293388366699,1.9165760891628454,0.28171787610155463
ucb,7.558,0,0,8,0.1306334110691987,0.03530896194279194,0.1306334110691987,0.05426835000514984,0.1071082080155611,3791.51974609375,11.280714416503907,2.190372673328966,0.2906334110691987
ucb,7.558,0,0,9,0.11822853743967339,0.032021459415555,0.11822853743967339,0.06254086755216122,0.09873442590236664,3830.9705078125,12.690341148376465,2.4641692574950866,0.29822853743967337
ucb,7.558,0,0,10,0.10923351478793072,0.029577363058924677,0.10923351478793072,0.05706007994711399,0.09504848092794418,3858.873017578125,14.101307334899902,2.7379658416612074,0.3092335147879307
ucb,7.558,0,0,11,0.0984579755657472,0.026668896675109865,0.0984579755657472,0.061526020839810375,0.08425473190844059,3888.316630859375,15.509104347229004,3.011762425827328,0.3184579755657472
ucb,7.558,0,0,12,0.09157835600253929,0.024817887246608734,0.09157835600253929,0.053549393564462665,0.07706160787492991,3909.92869140625,16.918380966186522,3.285559009993449,0.33157835600253927
ucb,3.2631,0,0,1,0.627575694660018,0.17572379648685454,0.627575694660018,0.19877572625875473,0.28075790882110596,1097.49146484375,1.4098540258407593,0.27179041924110303,0.647575694660018
ucb,3.2631,0,0,2,0.5326369494995905,0.14829749584198,0.5326369494995905,0.19535475745797157,0.25495743215084077,1829.552294921875,2.8218842697143556,0.5435808384822061,0.5726369494995905
ucb,3.2631,0,0,3,0.34124361571447276,0.09248161450028419,0.34124361571447276,0.11384201973676682,0.22604411095380783,2729.1994921875,4.233498420715332,0.8153712577233091,0.40124361571447276
ucb,3.2631,0,0,4,0.2504349611553791,0.0673222415149212,0.2504349611553791,0.07971775777637959,0.19244105160236358,3217.9819140625,5.64296142578125,1.0871616769644121,0.3304349611553791
ucb,3.2631,0,0,5,0.2017434966826546,0.0543068915605545,0.2017434966826546,0.06873850949108601,0.16105755671858787,3481.004091796875,7.052255477905273,1.3589520962055153,0.3017434966826546
ucb,3.2631,0,0,6,0.17541583122175514,0.047097979485988616,0.17541583122175514,0.08251366883516312,0.145519492700696,3625.961650390625,8.46236125946045,1.6307425154466182,0.29541583122175513
ucb,3.2631,0,0,7,0.14200354932312462,0.03856179028749466,0.14200354932312462,0.07822561904788017,0.12151387959718704,3719.265908203125,9.87140037536621,1.9025329346877213,0.28200354932312466
ucb,3.2631,0,0,8,0.12255479580737048,0.03368329636752605,0.12255479580737048,0.07050199612975121,0.10389639846980572,3782.8329296875,11.280935668945313,2.1743233539288243,0.2825547958073705
ucb,3.2631,0,0,9,0.1098212755914531,0.03038356401026249,0.1098212755914531,0.06628717128187418,0.09354069381952286,3815.863740234375,12.691511497497558,2.446113773169927,0.2898212755914531
ucb,3.2631,0,0,10,0.09942025161904867,0.027508544772863387,0.09942025161904867,0.05189614757895469,0.0879338139295578,3833.375537109375,14.100683822631837,2.7179041924110305,0.29942025161904867
ucb,3.2631,0,0,11,0.09242274108095977,0.025492364168167116,0.09242274108095977,0.05787243746221066,0.07856424242258071,3865.87998046875,15.510936317443848,2.989694611652133,0.3124227410809598
ucb,3.2631,0,0,12,0.08571981362846895,0.023628563955426216,0.08571981362846895,0.05767295803874731,0.07343607850372791,3886.4180859375,16.92089859008789,3.2614850308932364,0.3257198136284689
ucb,0.2626,0,1,1,0.6774123094926897,0.18667216956615448,0.6774123094926897,0.2217990729212761,0.29410561561584475,1068.801865234375,1.4085367298126221,0.2709749192985085,0.6974123094926897
ucb,0.2626,0,1,2,0.4342626038921697,0.12009429067373276,0.4342626038921697,0.1540437225997448,0.27823656499385835,1736.873828125,2.819156122207642,0.541949838597017,0.4742626038921697
ucb,0.2626,0,1,3,0.2995852526762105,0.08340398043394089,0.2995852526762105,0.09478198200464248,0.24430987536907195,2286.319033203125,4.228238983154297,0.8129247578955255,0.3595852526762105
ucb,0.2626,0,1,4,0.23142551159150077,0.06464932203292846,0.23142551159150077,0.0919014012813568,0.22853819638490677,2670.665068359375,5.6384570503234865,1.083899677194034,0.3114255115915008
ucb,0.2626,0,1,5,0.19309322467948395,0.054727035239338875,0.19309322467948395,0.0754832986742258,0.20293091982603073,2948.368564453125,7.049313983917236,1.3548745964925426,0.29309322467948395
ucb,0.2626,0,1,6,0.16541531140186602,0.04674992583692074,0.16541531140186602,0.07235288679599762,0.17203203499317168,3175.203779296875,8.45850429534912,1.625849515791051,0.28541531140186605
ucb,0.2626,0,1,7,0.14486947816829965,0.04087541684508324,0.14486947816829965,0.06319105107337236,0.15080977760255337,3324.686416015625,9.869630241394043,1.8968244350895598,0.28486947816829966
ucb,0.2626,0,1,8,0.1220925219094144,0.033988298550248146,0.1220925219094144,0.05280533745884895,0.13035660192370416,3443.963818359375,11.278282699584961,2.167799354388068,0.2820925219094144
ucb,0.2626,0,1,9,0.11105412803501723,0.030925667360424996,0.11105412803501723,0.05272629916667938,0.1252568256109953,3501.4827734375,12.685543632507324,2.4387742736865765,0.29105412803501723
ucb,0.2626,0,1,10,0.10234459919586579,0.028445404320955277,0.10234459919586579,0.07076368652284146,0.11920936308801174,3554.3225,14.09636173248291,2.709749192985085,0.3023445991958658
ucb,0.2626,0,1,11,0.09295785956719539,0.02569301687180996,0.09295785956719539,0.04609763747081161,0.11298871107399464,3603.53369140625,15.50670135498047,2.9807241122835935,0.3129578595671954
ucb,0.2626,0,1,12,0.08772060891110196,0.0243582034483552,0.08772060891110196,0.05844965659081936,0.11256927445530891,3634.518740234375,16.91653480529785,3.251699031582102,0.32772060891110194
eid,3.2631,0,1,1,0.6774123094926897,0.18667216956615448,0.6774123094926897,0.2113702842593193,0.29410561561584475,1068.801865234375,1.4085367298126221,0.2755670588153104,0.6974123094926897
eid,3.2631,0,1,2,0.509315722565556,0.14112507343292235,0.509315722565556,0.1895541250705719,0.2859116569161415,1534.628642578125,2.814260196685791,0.5511341176306208,0.549315722565556
eid,3.2631,0,1,3,0.3601649390302043,0.10034040600061417,0.3601649390302043,0.13993129827082157,0.2503716313838959,1974.776943359375,4.221665420532227,0.8267011764459312,0.4201649390302043
eid,3.2631,0,1,4,0.2598312896944228,0.07407984212040901,0.2598312896944228,0.10983483493328094,0.212684682905674,2309.01744140625,5.628685436248779,1.1022682352612416,0.33983128969442283
eid,3.2631,0,1,5,0.2113380921086982,0.060333989560604095,0.2113380921086982,0.09913481377065182,0.20971740514039994,2552.059541015625,7.03560962677002,1.3778352940765521,0.31133809210869823
eid,3.2631,0,1,6,0.17361994319808827,0.04960386149585247,0.17361994319808827,0.07045243255794048,0.18823009639978408,2782.311298828125,8.444996452331543,1.6534023528918624,0.29361994319808826
eid,3.2631,0,1,7,0.14720731357506497,0.04184462562203407,0.14720731357506497,0.08103270061314106,0.1735748915374279,2962.427265625,9.853807601928711,1.928969411707173,0.287207313575065
eid,3.2631,0,1,8,0.12223843324954474,0.03450606167316437,0.12223843324954474,0.056930481977760794,0.153957861661911,3121.075869140625,11.263030471801757,2.2045364705224832,0.28223843324954473
eid,3.2631,0,1,9,0.10548821206487441,0.02983767047524452,0.10548821206487441,0.07282335508614779,0.13342191219329835,3279.87822265625,12.672596626281738,2.4801035293377938,0.2854882120648744
eid,3.2631,0,1,10,0.0949680574571781,0.02672887861728668,0.0949680574571781,0.058786888048052786,0.12843472763895988,3394.825693359375,14.082350311279297,2.7556705881531043,0.29496805745717813
eid,3.2631,0,1,11,0.08631629308328524,0.024155948050320147,0.08631629308328524,0.06257457327097654,0.11228354662656784,3494.160859375,15.491477699279786,3.0312376469684144,0.30631629308328523
eid,3.2631,0,1,12,0.08060094527071873,0.022483136281371118,0.08060094527071873,0.04926189638674259,0.1098582213371992,3570.808203125,16.90104118347168,3.306804705783725,0.3206009452707187
mass,0.41,0,0,1,0.627575694660018,0.17572379648685454,0.627575694660018,0.196837567538023,0.28075790882110596,1097.49146484375,1.4098540258407593,0.2767991063053098,0.647575694660018
mass,0.41,0,0,2,0.4623171187194387,0.1297860249876976,0.4623171187194387,0.17597423762083053,0.2712282645702362,1630.94177734375,2.816022891998291,0.5535982126106196,0.5023171187194387
mass,0.41,0,0,3,0.3408705964406213,0.0955789017677307,0.3408705964406213,0.1234791287779808,0.2413395205140114,2043.205751953125,4.2241683769226075,0.8303973189159295,0.4008705964406213
mass,0.41,0,0,4,0.2789570895076991,0.07843206167221069,0.2789570895076991,0.11072892114520073,0.24168364226818084,2315.561982421875,5.635088653564453,1.1071964252212392,0.3589570895076991
mass,0.41,0,0,5,0.22273413879456466,0.06230709314346314,0.22273413879456466,0.08282440010458231,0.21172799810767173,2573.5992578125,7.043451499938965,1.3839955315265493,0.3227341387945647
mass,0.41,0,0,6,0.17935863768747193,0.049802135676145554,0.17935863768747193,0.0774688245728612,0.190119838565588,2878.115595703125,8.452652893066407,1.660794637831859,0.29935863768747195
mass,0.41,0,0,7,0.14782860814900597,0.040959837809205056,0.14782860814900597,0.061224632300436496,0.16907044738531113,3107.466298828125,9.862316436767578,1.937593744137169,0.287828608149006
mass,0.41,0,0,8,0.12258511495229164,0.03385200932621956,0.12258511495229164,0.06665243696421384,0.15241595931351185,3294.746865234375,11.272065658569336,2.2143928504424784,0.28258511495229166
mass,0.41,0,0,9,0.10654186172283886,0.029380061849951743,0.10654186172283886,0.06291026340797544,0.13395054414868354,3435.331220703125,12.682373313903808,2.4911919567477883,0.28654186172283885
mass,0.41,0,0,10,0.09621833992531535,0.026445829793810844,0.09621833992531535,0.06299604056403041,0.10628347858786583,3554.072373046875,14.092855644226074,2.7679910630530986,0.2962183399253154
mass,0.41,0,0,11,0.08745952081789389,0.024080728963017464,0.08745952081789389,0.05580718092620373,0.09609125144779682,3646.54740234375,15.503026237487793,3.044790169358408,0.3074595208178939
mass,0.41,0,0,12,0.08142311447015808,0.022482278198003768,0.08142311447015808,0.05504244307056069,0.09069745630025863,3714.132109375,16.912828521728514,3.321589275663718,0.3214231144701581
eid,0.2626,0,0,1,0.627575694660018,0.17572379648685454,0.627575694660018,0.19877572625875473,0.28075790882110596,1097.49146484375,1.4098540258407593,0.27887251165385046,0.647575694660018
eid,0.2626,0,0,2,0.4928844610283133,0.13796901002526282,0.4928844610283133,0.17686171025037767,0.2670377454161644,1496.587763671875,2.8153297519683838,0.5577450233077009,0.5328844610283133
eid,0.2626,0,0,3,0.3376927850678077,0.09521559536457062,0.3376927850678077,0.10514447905123234,0.25496150642633436,1983.533447265625,4.2212811470031735,0.8366175349615514,0.3976927850678077
eid,0.2626,0,0,4,0.2532751621002932,0.07262618109583854,0.2532751621002932,0.0992403757572174,0.24150763779878617,2289.81380859375,5.626774082183838,1.1154900466154019,0.33327516210029323
eid,0.2626,0,0,5,0.2052671032154404,0.05879949599504471,0.2052671032154404,0.08996206887066364,0.22569736257195472,2539.5579296875,7.034279155731201,1.3943625582692525,0.30526710321544037
eid,0.2626,0,0,6,0.17133019555904155,0.04863334693014622,0.17133019555904155,0.07087053388357162,0.20032652631402015,2754.65962890625,8.44163547515869,1.673235069923103,0.29133019555904155
eid,0.2626,0,0,7,0.14323486752668502,0.040540389940142633,0.14323486752668502,0.07271363072097302,0.17889001086354256,2932.455869140625,9.850619049072266,1.9521075815769535,0.28323486752668503
eid,0.2626,0,0,8,0.1229056087117759,0.03464382831007242,0.1229056087117759,0.06098137937486172,0.16340089738368987,3078.437353515625,11.260071258544922,2.2309800932308037,0.2829056087117759
eid,0.2626,0,0,9,0.10676347495620753,0.029960066750645636,0.10676347495620753,0.05212027005851269,0.15106634624302387,3212.0685546875,12.67041805267334,2.5098526048846543,0.2867634749562075
eid,0.2626,0,0,10,0.09505187841557375,0.026613678708672525,0.09505187841557375,0.0587459946423769,0.14115820042788982,3312.93806640625,14.078697242736816,2.788725116538505,0.2950518784155738
eid,0.2626,0,0,11,0.08641076835363606,0.024208658896386622,0.08641076835363606,0.06054515354335308,0.12511706441640855,3400.6660546875,15.488057670593262,3.067597628192355,0.30641076835363606
eid,0.2626,0,0,12,0.07890766792847229,0.022186533398926258,0.07890766792847229,0.03664130836725235,0.12245543263852596,3467.69251953125,16.89791961669922,3.346470139846206,0.31890766792847225
ucb,2.4662,0,1,1,0.6774123094926897,0.18667216956615448,0.6774123094926897,0.2299636870622635,0.29410561561584475,1068.801865234375,1.4085367298126221,0.2863204411626794,0.6974123094926897
ucb,2.4662,0,1,2,0.5602009083952333,0.15271710932254792,0.5602009083952333,0.19976431414484977,0.2687679898738861,1832.4842578125,2.819974813461304,0.5726408823253588,0.6002009083952333
ucb,2.4662,0,1,3,0.3222440661925571,0.08706495016813279,0.3222440661925571,0.09489222005009651,0.2389895337820053,2703.1938671875,4.230885047912597,0.8589613234880382,0.3822440661925571
ucb,2.4662,0,1,4,0.2466486378086585,0.06722655817866326,0.2466486378086585,0.07686227068305015,0.20614223569631576,3111.355927734375,5.640491924285889,1.1452817646507176,0.3266486378086585
ucb,2.4662,0,1,5,0.19063309575125814,0.05202389553189277,0.19063309575125814,0.07922589544206858,0.17851911664009093,3404.421064453125,7.0496065711975096,1.431602205813397,0.2906330957512582
ucb,2.4662,0,1,6,0.16291963939786364,0.04463473595678806,0.16291963939786364,0.07416891075670719,0.14658330388367177,3560.8367578125,8.458799514770508,1.7179226469760764,0.28291963939786363
ucb,2.4662,0,1,7,0.14302541973355126,0.03942035913467407,0.14302541973355126,0.07333603113889695,0.12646228432655335,3667.5934375,9.867614822387695,2.004243088138756,0.2830254197335513
ucb,2.4662,0,1,8,0.125249814550249,0.034558785185217857,0.125249814550249,0.07739376824349165,0.11120708279311657,3724.23716796875,11.278499145507812,2.2905635293014353,0.285249814550249
ucb,2.4662,0,1,9,0.1135194604669853,0.031164128705859183,0.1135194604669853,0.06838912919163703,0.09815511062741279,3785.502841796875,12.68681526184082,2.576883970464115,0.2935194604669853
ucb,2.4662,0,1,10,0.10170777169808413,0.028034072667360306,0.10170777169808413,0.05989132817834616,0.09200910821557046,3829.680654296875,14.094664192199707,2.863204411626794,0.30170777169808416
ucb,2.4662,0,1,11,0.09545143263084986,0.02630303107202053,0.09545143263084986,0.0513964569941163,0.08694436937570572,3851.75880859375,15.504432487487794,3.1495248527894733,0.31545143263084985
ucb,2.4662,0,1,12,0.08901072618690815,0.024551191180944443,0.08901072618690815,0.05613848654553294,0.08347921885550022,3876.015322265625,16.91376091003418,3.435845293952153,0.32901072618690813
mass,0.23,0,0,1,0.627575694660018,0.17572379648685454,0.627575694660018,0.2072215947508812,0.28075790882110596,1097.49146484375,1.4098540258407593,0.27924177097777525,0.647575694660018
mass,0.23,0,0,2,0.4787044029681848,0.1339873543381691,0.4787044029681848,0.16056998938322067,0.27446599781513215,1570.1780859375,2.814760160446167,0.5584835419555505,0.5187044029681848
mass,0.23,0,0,3,0.3568763028137634,0.100873311907053,0.3568763028137634,0.13579590857028961,0.26042292326688765,1932.058828125,4.217929363250732,0.8377253129333257,0.4168763028137634
mass,0.23,0,0,4,0.27471186694924266,0.07764782287180423,0.27471186694924266,0.08514700531959533,0.23634590610861778,2275.984150390625,5.625713691711426,1.116967083911101,0.35471186694924267
mass,0.23,0,0,5,0.2104380067093799,0.059397904872894286,0.2104380067093799,0.08416620030999183,0.20735342040657997,2601.41435546875,7.034777278900147,1.3962088548888762,0.31043800670937993
mass,0.23,0,0,6,0.18054120962497822,0.051001490503549574,0.18054120962497822,0.06665233120322228,0.18849524661898612,2827.1403515625,8.443537559509277,1.6754506258666515,0.3005412096249782
mass,0.23,0,0,7,0.14326966033801866,0.040280679762363436,0.14326966033801866,0.07431915268301964,0.17014325246214868,3039.908740234375,9.852517433166504,1.954692396844427,0.2832696603380187
mass,0.23,0,0,8,0.12419930958825094,0.03514707639813423,0.12419930958825094,0.04900162030011415,0.15028861954808234,3243.5041796875,11.262798767089844,2.233934167822202,0.28419930958825096
mass,0.23,0,0,9,0.11148961252373868,0.03156421840190887,0.11148961252373868,0.0461413761228323,0.13643305689096452,3383.307431640625,12.671503067016602,2.5131759387999772,0.2914896125237387
mass,0.23,0,0,10,0.10363531701627222,0.02926698833703995,0.10363531701627222,0.04686888340860605,0.12596519872546197,3459.660087890625,14.080517349243165,2.7924177097777525,0.3036353170162722
mass,0.23,0,0,11,0.0939326052332213,0.026417243778705597,0.0939326052332213,0.04969528090208769,0.11487247958779336,3536.100986328125,15.491289291381836,3.0716594807555277,0.3139326052332213
mass,0.23,0,0,12,0.0849295183664725,0.023781682588160036,0.0849295183664725,0.048735604183748366,0.10817008189857007,3603.193447265625,16.901625213623046,3.350901251733303,0.3249295183664725
eid,5.7123,0,1,1,0.6774123094926897,0.18667216956615448,0.6774123094926897,0.22324264347553252,0.29410561561584475,1068.801865234375,1.4085367298126221,0.2747390824913357,0.6974123094926897
eid,5.7123,0,1,2,0.4913180213663986,0.1365756532549858,0.4913180213663986,0.19577383011579513,0.2840587869286537,1556.882529296875,2.8144235038757324,0.5494781649826714,0.5313180213663986
eid,5.7123,0,1,3,0.3672082151487558,0.10416394069790841,0.3672082151487558,0.12959717601537704,0.27111847400665284,1953.667919921875,4.2210592269897464,0.8242172474740072,0.4272082151487558
eid,5.7123,0,1,4,0.28175699835613904,0.07940067678689956,0.28175699835613904,0.1078209924697876,0.2304884225130081,2308.370322265625,5.627485580444336,1.0989563299653429,0.36175699835613906
eid,5.7123,0,1,5,0.2226713448393104,0.06253716602921486,0.2226713448393104,0.08984416395425797,0.20930748134851457,2579.824853515625,7.034859199523925,1.3736954124566787,0.32267134483931037
eid,5.7123,0,1,6,0.17866248383742747,0.0502495776116848,0.17866248383742747,0.08942373633384705,0.1993804779648781,2807.053916015625,8.442908897399903,1.6484344949480143,0.29866248383742744
eid,5.7123,0,1,7,0.14349788523843857,0.040185149535536764,0.14349788523843857,0.09001553229987622,0.16692248344421387,3053.849013671875,9.85008659362793,1.9231735774393501,0.28349788523843855
eid,5.7123,0,1,8,0.12394272822798945,0.03458149902522564,0.12394272822798945,0.0715098673477769,0.14431958466768266,3231.71146484375,11.256476860046387,2.1979126599306857,0.28394272822798944
eid,5.7123,0,1,9,0.11375610048493973,0.031735062301158905,0.11375610048493973,0.0523632344044745,0.12726052537560462,3361.9827734375,12.665646476745605,2.4726517424220216,0.2937561004849397
eid,5.7123,0,1,10,0.10478953475948904,0.029241436272859574,0.10478953475948904,0.06646515738219022,0.11826600939035416,3461.972626953125,14.075579223632813,2.7473908249133574,0.30478953475948906
eid,5.7123,0,1,11,0.09068212749603319,0.02524050273001194,0.09068212749603319,0.04618036299943924,0.11254081718623637,3556.6787109375,15.482869453430176,3.022129907404693,0.3106821274960332
eid,5.7123,0,1,12,0.079568686460558,0.022134353406727314,0.079568686460558,0.07987754821777343,0.10720694437623024,3632.3226953125,16.891412200927736,3.2968689898960286,0.31956868646055797
mass,0.89,0,1,1,0.6774123094926897,0.18667216956615448,0.6774123094926897,0.2159716960787773,0.29410561561584475,1068.801865234375,1.4085367298126221,0.28367823698092254,0.6974123094926897
mass,0.89,0,1,2,0.526118908117503,0.1452763557434082,0.526118908117503,0.19452025651931762,0.26571303069591523,1783.311640625,2.818848752975464,0.5673564739618451,0.566118908117503
mass,0.89,0,1,3,0.3053508157000534,0.08422766774892806,0.3053508157000534,0.10707904756069184,0.22112187802791594,2584.78798828125,4.23055513381958,0.8510347109427676,0.3653508157000534
mass,0.89,0,1,4,0.2411395048260509,0.0657430861890316,0.2411395048260509,0.0773351239413023,0.19680068612098695,3088.64375,5.640911064147949,1.1347129479236902,0.3211395048260509
mass,0.89,0,1,5,0.2046598899249561,0.055313411206007,0.2046598899249561,0.06771096259355545,0.1674672169983387,3397.993984375,7.050349369049072,1.4183911849046127,0.3046598899249561
mass,0.89,0,1,6,0.16463380132107377,0.04479731187224388,0.16463380132107377,0.06493797808885575,0.13663745678961278,3593.904677734375,8.459879531860352,1.7020694218855352,0.28463380132107374
mass,0.89,0,1,7,0.14361127528175988,0.039250684306025505,0.14361127528175988,0.07121824033558369,0.11863083228468894,3710.566533203125,9.869728546142579,1.985747658866458,0.2836112752817599
mass,0.89,0,1,8,0.12681638602717574,0.034475872367620466,0.12681638602717574,0.05465351566672325,0.10160711862146854,3791.150888671875,11.27810302734375,2.2694258958473803,0.28681638602717574
mass,0.89,0,1,9,0.11529412742034229,0.03136951215565205,0.11529412742034229,0.05371766306459904,0.09162380568683147,3841.03400390625,12.68631446838379,2.553104132828303,0.2952941274203423
mass,0.89,0,1,10,0.10620476500351554,0.02898269459605217,0.10620476500351554,0.07220319997519255,0.0841031350940466,3870.24169921875,14.092385597229004,2.8367823698092254,0.30620476500351557
mass,0.89,0,1,11,0.09931609640780416,0.027145074531435966,0.09931609640780416,0.06806838124990464,0.07930166684091092,3891.049501953125,15.502501907348632,3.120460606790148,0.3193160964078042
mass,0.89,0,1,12,0.09309944878441868,0.02541774295270443,0.09309944878441868,0.06699305433779955,0.07467911526560783,3907.45451171875,16.91260528564453,3.4041388437710705,0.33309944878441866
ucb,3.2631,0,1,1,0.6774123094926897,0.18667216956615448,0.6774123094926897,0.22388429164886475,0.29410561561584475,1068.801865234375,1.4085367298126221,0.28677091256482523,0.6974123094926897
ucb,3.2631,0,1,2,0.552962747011447,0.15054877758026122,0.552962747011447,0.2107800203561783,0.27361538261175156,1846.144228515625,2.8199664878845216,0.5735418251296505,0.592962747011447
ucb,3.2631,0,1,3,0.3292356848521073,0.08819616258144379,0.3292356848521073,0.09488114543259143,0.24064924359321593,2755.841923828125,4.2305949020385745,0.8603127376944758,0.3892356848521073
ucb,3.2631,0,1,4,0.2499571030241906,0.06768121689558029,0.2499571030241906,0.07989197224378586,0.20626796081662177,3193.712919921875,5.640888729095459,1.147083650259301,0.3299571030241906
ucb,3.2631,0,1,5,0.204177879172425,0.05543706163764,0.204177879172425,0.08044015187770129,0.17426967978477478,3436.586083984375,7.049279804229736,1.4338545628241264,0.304177879172425
ucb,3.2631,0,1,6,0.17183519894718477,0.04646135836839676,0.17183519894718477,0.0642035099118948,0.1544447036832571,3585.518671875,8.459475021362305,1.7206254753889516,0.2918351989471848
ucb,3.2631,0,1,7,0.14427630694487906,0.039379306063055994,0.14427630694487906,0.06089891018345952,0.12823102682828902,3686.688056640625,9.868667831420899,2.007396387953777,0.28427630694487904
ucb,3.2631,0,1,8,0.12794516731606909,0.03503965899348259,0.12794516731606909,0.06506145786494016,0.10905604757368564,3754.015322265625,11.27619327545166,2.294167300518602,0.2879451673160691
ucb,3.2631,0,1,9,0.11784912121611532,0.03230566367506981,0.11784912121611532,0.07571176212280989,0.10291919469833374,3800.897998046875,12.685521087646485,2.5809382130834275,0.2978491212161153
ucb,3.2631,0,1,10,0.10715774079052515,0.029305999651551246,0.10715774079052515,0.06091194324195385,0.09583379819989205,3832.34244140625,14.09577880859375,2.8677091256482528,0.30715774079052516
ucb,3.2631,0,1,11,0.09991352056085637,0.027340032160282135,0.09991352056085637,0.07153526589274406,0.08831783793866635,3867.156640625,15.506747894287109,3.154480038213078,0.31991352056085637
ucb,3.2631,0,1,12,0.09219496728729171,0.025138872414827346,0.09219496728729171,0.05585339568555355,0.08382113188505173,3885.133876953125,16.91688087463379,3.441250950777903,0.3321949672872917
ucb,4.3174,0,0,1,0.627575694660018,0.17572379648685454,0.627575694660018,0.19877572625875473,0.28075790882110596,1097.49146484375,1.4098540258407593,0.27236439368144294,0.647575694660018
ucb,4.3174,0,0,2,0.5297278997907711,0.147629264742136,0.5297278997907711,0.2014244745671749,0.25894188702106474,1837.004111328125,2.821825580596924,0.5447287873628859,0.5697278997907711
ucb,4.3174,0,0,3,0.3456809528933909,0.09367218270897865,0.3456809528933909,0.09764624200761318,0.22080974787473678,2767.209619140625,4.2334817695617675,0.8170931810443289,0.4056809528933909
ucb,4.3174,0,0,4,0.2621464786343224,0.07037446200847626,0.2621464786343224,0.07969634927809238,0.2088322950899601,3247.745126953125,5.642739582061767,1.0894575747257718,0.3421464786343224
ucb,4.3174,0,0,5,0.20753608687823633,0.055898045897483824,0.20753608687823633,0.07728752173483372,0.17390822879970075,3471.10275390625,7.052982006072998,1.361821968407215,0.3075360868782363
ucb,4.3174,0,0,6,0.17092358763512458,0.04631468489766121,0.17092358763512458,0.06731688529253006,0.148229159116745,3610.71572265625,8.46335735321045,1.6341863620886579,0.2909235876351246
ucb,4.3174,0,0,7,0.14428760417736725,0.03922453291714192,0.14428760417736725,0.06634232491254806,0.12724369399249555,3706.329912109375,9.87300090789795,1.906550755770101,0.28428760417736726
ucb,4.3174,0,0,8,0.1279211806626632,0.034795182421803475,0.1279211806626632,0.06238630030304194,0.11381570227444172,3775.418271484375,11.28295654296875,2.1789151494515435,0.2879211806626632
ucb,4.3174,0,0,9,0.11389375567373385,0.031284033805131915,0.11389375567373385,0.059796401038765906,0.0978527893871069,3812.76392578125,12.693338623046875,2.451279543132987,0.2938937556737338
ucb,4.3174,0,0,10,0.10612704139377797,0.02912191763520241,0.10612704139377797,0.06265683377161622,0.0931276910007,3844.55970703125,14.104228744506836,2.72364393681443,0.306127041393778
ucb,4.3174,0,0,11,0.09616347448095734,0.026415803879499437,0.09616347448095734,0.0530215273424983,0.0813762529939413,3870.63166015625,15.513753700256348,2.9960083304958727,0.31616347448095733
ucb,4.3174,0,0,12,0.09113625118478351,0.025049504339694977,0.09113625118478351,0.06198777139186859,0.07593805395066738,3892.68568359375,16.92358642578125,3.2683727241773157,0.3311362511847835
eid,1.4088,0,1,1,0.6774123094926897,0.18667216956615448,0.6774123094926897,0.22527129381895064,0.29410561561584475,1068.801865234375,1.4085367298126221,0.2783587225712836,0.6974123094926897
eid,1.4088,0,1,2,0.48101208547323593,0.1334238275885582,0.48101208547323593,0.18227480337023735,0.2857876893877983,1540.5499609375,2.814244260787964,0.5567174451425672,0.521012085473236
eid,1.4088,0,1,3,0.360912795849207,0.10047385439276696,0.360912795849207,0.14681769609451295,0.261085641682148,1928.212890625,4.21903205871582,0.8350761677138507,0.420912795849207
eid,1.4088,0,1,4,0.27709187422206205,0.07779333546757698,0.27709187422206205,0.11861247468739748,0.22666335180401803,2259.09123046875,5.6273974609375,1.1134348902851343,0.35709187422206207
eid,1.4088,0,1,5,0.21864816398778686,0.061248377785086634,0.21864816398778686,0.09466911539435387,0.2116866585612297,2539.72072265625,7.035404300689697,1.391793612856418,0.31864816398778684
eid,1.4088,0,1,6,0.17968073111122154,0.0510333026945591,0.17968073111122154,0.1010158970952034,0.19862953513860704,2739.52275390625,8.443053817749023,1.6701523354277015,0.2996807311112215
eid,1.4088,0,1,7,0.15074851271072653,0.0433561560511589,0.15074851271072653,0.07979259472340346,0.16468706950545312,2939.1475,9.852624244689942,1.9485110579989853,0.29074851271072655
eid,1.4088,0,1,8,0.12495911563058745,0.035711292773485184,0.12495911563058745,0.05882533568888903,0.14901899471879004,3110.8178125,11.260601119995117,2.2268697805702686,0.28495911563058746
eid,1.4088,0,1,9,0.11114069763815661,0.03162999682128429,0.11114069763815661,0.06635351028293371,0.14187710866332054,3248.598037109375,12.670261192321778,2.505228503141552,0.2911406976381566
eid,1.4088,0,1,10,0.10197963167598066,0.028875338211655617,0.10197963167598066,0.05103900380432606,0.13762324884533883,3316.857998046875,14.080108985900878,2.783587225712836,0.3019796316759807
eid,1.4088,0,1,11,0.09182522522631302,0.025947882197797298,0.09182522522631302,0.05890318937599659,0.13056548193097114,3390.496591796875,15.489006233215331,3.0619459482841194,0.311825225226313
eid,1.4088,0,1,12,0.08092330652639639,0.022666455805301668,0.08092330652639639,0.050351016074419025,0.11025862783193588,3490.938623046875,16.898409729003905,3.340304670855403,0.3209233065263964
eid,0.4597,0,1,1,0.6774123094926897,0.18667216956615448,0.6774123094926897,0.2300841024518013,0.29410561561584475,1068.801865234375,1.4085367298126221,0.2839933963127744,0.6974123094926897
eid,0.4597,0,1,2,0.4684595288178231,0.1309285855293274,0.4684595288178231,0.17719319939613343,0.28254123389720914,1598.51671875,2.814270362854004,0.5679867926255489,0.5084595288178231
eid,0.4597,0,1,3,0.3330954111209465,0.09424370393157006,0.3330954111209465,0.1224857609719038,0.2464837047457695,2040.663701171875,4.218944263458252,0.8519801889383234,0.3930954111209465
eid,0.4597,0,1,4,0.2467896369751339,0.07016830950975418,0.2467896369751339,0.0990405911207199,0.2214351724088192,2345.74150390625,5.627459964752197,1.1359735852510977,0.3267896369751339
eid,0.4597,0,1,5,0.19930821842831908,0.056548990309238434,0.19930821842831908,0.07539281070232391,0.19915249973535537,2609.1502734375,7.036061840057373,1.4199669815638725,0.2993082184283191
eid,0.4597,0,1,6,0.17085986251294036,0.0483690769225359,0.17085986251294036,0.0815576035156846,0.1762217503786087,2836.20220703125,8.445027236938477,1.7039603778766468,0.2908598625129404
eid,0.4597,0,1,7,0.15047630269061865,0.04264511562883854,0.15047630269061865,0.059467006828635934,0.1732121129333973,3002.69185546875,9.852634735107422,1.9879537741894213,0.29047630269061864
eid,0.4597,0,1,8,0.12504946883182488,0.035276444032788276,0.12504946883182488,0.05716371949762106,0.1574712011218071,3151.4594921875,11.260613784790038,2.2719471705021954,0.2850494688318249
eid,0.4597,0,1,9,0.11340227439557136,0.03207398653030395,0.11340227439557136,0.05026433859020472,0.14979760929942132,3270.837568359375,12.670944366455078,2.55594056681497,0.29340227439557137
eid,0.4597,0,1,10,0.10474379245561255,0.0297676682472229,0.10474379245561255,0.05929291136562824,0.13226082719862461,3344.370947265625,14.079451141357422,2.839933963127745,0.30474379245561256
eid,0.4597,0,1,11,0.09633765427932721,0.027481113225221634,0.09633765427932721,0.05447365187108517,0.12357324495911598,3422.62560546875,15.489008865356446,3.123927359440519,0.3163376542793272
eid,0.4597,0,1,12,0.09033632505916295,0.02582915600389242,0.09033632505916295,0.06201483316719532,0.11784036949276924,3488.102578125,16.897910079956056,3.4079207557532936,0.33033632505916294
ucb,4.3174,0,1,1,0.6774123094926897,0.18667216956615448,0.6774123094926897,0.2201237913966179,0.29410561561584475,1068.801865234375,1.4085367298126221,0.2874483623037425,0.6974123094926897
ucb,4.3174,0,1,2,0.5483764417260656,0.14930980116128922,0.5483764417260656,0.2044248938560486,0.27695933520793914,1854.8242578125,2.8207396697998046,0.574896724607485,0.5883764417260656
ucb,4.3174,0,1,3,0.3385458064246776,0.09063795775175094,0.3385458064246776,0.09063342690467835,0.24046379566192627,2774.258564453125,4.23125373840332,0.8623450869112276,0.3985458064246776
ucb,4.3174,0,1,4,0.2702407919891736,0.07275889605283738,0.2702407919891736,0.09069358870387077,0.21256109550595284,3156.738681640625,5.640394458770752,1.14979344921497,0.3502407919891736
ucb,4.3174,0,1,5,0.2114918510383805,0.05672298789024353,0.2114918510383805,0.06740242950618267,0.17062983736395837,3443.162236328125,7.050258846282959,1.4372418115187127,0.3114918510383805
ucb,4.3174,0,1,6,0.1773881704309032,0.04816388815641403,0.1773881704309032,0.07888814523816108,0.15007252648472785,3564.800947265625,8.461619110107423,1.7246901738224552,0.2973881704309032
ucb,4.3174,0,1,7,0.14539988327202447,0.03963313587009907,0.14539988327202447,0.0708978597447276,0.12139885045588017,3670.90240234375,9.871099243164062,2.012138536126198,0.2853998832720245
ucb,4.3174,0,1,8,0.12917661653592658,0.03498137891292572,0.12917661653592658,0.07144204404205085,0.11337924748659134,3743.51599609375,11.279888153076172,2.29958689842994,0.2891766165359266
ucb,4.3174,0,1,9,0.1195019112110818,0.03240503527224064,0.1195019112110818,0.07232863608747721,0.10267050772905349,3798.889677734375,12.68945785522461,2.587035260733683,0.2995019112110818
ucb,4.3174,0,1,10,0.10887667655945499,0.02950884334743023,0.10887667655945499,0.07721070192754269,0.0931184695661068,3842.6826171875,14.100094528198243,2.8744836230374253,0.308876676559455
ucb,4.3174,0,1,11,0.09970860044483096,0.02688482739031315,0.09970860044483096,0.06284285426139831,0.08534577257931232,3878.580400390625,15.510421447753906,3.161931985341168,0.31970860044483096
ucb,4.3174,0,1,12,0.09182309220145854,0.024931839406490325,0.09182309220145854,0.06505281280726194,0.08107162266969681,3895.428984375,16.920841217041016,3.4493803476449103,0.33182309220145856
ucb,1.4088,0,1,1,0.6774123094926897,0.18667216956615448,0.6774123094926897,0.22527129381895064,0.29410561561584475,1068.801865234375,1.4085367298126221,0.2835326365808335,0.6974123094926897
ucb,1.4088,0,1,2,0.5505237136721192,0.15079661458730698,0.5505237136721192,0.22026779279112815,0.27168759822845456,1797.3712109375,2.820017433166504,0.567065273161667,0.5905237136721192
ucb,1.4088,0,1,3,0.3248034606189379,0.08750066369771957,0.3248034606189379,0.10907420925796033,0.231008520424366,2578.32033203125,4.230939922332763,0.8505979097425006,0.3848034606189379
ucb,1.4088,0,1,4,0.24202761167815365,0.0659005543589592,0.24202761167815365,0.08943678870797157,0.20692739501595497,3069.862939453125,5.640162582397461,1.134130546323334,0.32202761167815364
ucb,1.4088,0,1,5,0.19463590315605722,0.053689019232988355,0.19463590315605722,0.08570394419133663,0.16899188682436944,3316.469326171875,7.04983528137207,1.4176631829041677,0.29463590315605726
ucb,1.4088,0,1,6,0.17043359224162052,0.0469579105079174,0.17043359224162052,0.06788334883749485,0.14438886530697345,3490.841630859375,8.458973426818847,1.7011958194850012,0.2904335922416205
ucb,1.4088,0,1,7,0.14542308872724452,0.040324872508645054,0.14542308872724452,0.07863243587315083,0.12885152406990527,3628.0976171875,9.869744606018067,1.984728456065835,0.28542308872724453
ucb,1.4088,0,1,8,0.12697121398466726,0.03510771378874779,0.12697121398466726,0.05830611668527126,0.11575793296098709,3690.614384765625,11.280507011413574,2.268261092646668,0.2869712139846673
ucb,1.4088,0,1,9,0.11349269643218861,0.03137343049049377,0.11349269643218861,0.059071836471557615,0.10701353922486305,3757.1898046875,12.691056900024414,2.551793729227502,0.2934926964321886
ucb,1.4088,0,1,10,0.10275480211732693,0.02832565851509571,0.10275480211732693,0.047687542848289015,0.0977945926040411,3789.393173828125,14.101153526306152,2.8353263658083354,0.30275480211732697
ucb,1.4088,0,1,11,0.09379243127224707,0.025873603969812392,0.09379243127224707,0.05491358747705817,0.0908631869405508,3828.57029296875,15.511260108947754,3.118859002389169,0.3137924312722471
ucb,1.4088,0,1,12,0.08556565560718006,0.023544744327664374,0.08556565560718006,0.04669254038482904,0.08283672019839287,3864.97875,16.919965744018555,3.4023916389700024,0.32556565560718004
ucb,0.6082,0,1,1,0.6774123094926897,0.18667216956615448,0.6774123094926897,0.22806884378194808,0.29410561561584475,1068.801865234375,1.4085367298126221,0.2805273691851956,0.6974123094926897
ucb,0.6082,0,1,2,0.5241957170777294,0.14467622101306915,0.5241957170777294,0.20236727237701416,0.2761538314819336,1771.3531640625,2.81935809135437,0.5610547383703912,0.5641957170777294
ucb,0.6082,0,1,3,0.32915106325622223,0.09187677949666977,0.32915106325622223,0.10842162884771823,0.23178414314985274,2399.983154296875,4.230658416748047,0.8415821075555869,0.38915106325622223
ucb,0.6082,0,1,4,0.23849513184726984,0.06781626313924789,0.23849513184726984,0.09634880602359772,0.21374473810195924,2836.697900390625,5.63986988067627,1.1221094767407824,0.31849513184726985
ucb,0.6082,0,1,5,0.1913101553541319,0.053885219246149064,0.1913101553541319,0.08033847525715827,0.17540543928742408,3129.98548828125,7.049985942840576,1.4026368459259784,0.2913101553541319
ucb,0.6082,0,1,6,0.1684917910303261,0.04724005073308945,0.1684917910303261,0.0743148110806942,0.1555713191628456,3321.4366796875,8.4604008102417,1.6831642151111739,0.2884917910303261
ucb,0.6082,0,1,7,0.14547781696629716,0.04072603382170201,0.14547781696629716,0.0686900196224451,0.1417559291422367,3450.59767578125,9.869805526733398,1.9636915842963696,0.28547781696629715
ucb,0.6082,0,1,8,0.12737427756731853,0.03551326282322407,0.12737427756731853,0.05725127965211868,0.12982190176844596,3582.551875,11.279371566772461,2.244218953481565,0.28737427756731854
ucb,0.6082,0,1,9,0.11115177806054238,0.030782399773597716,0.11115177806054238,0.04858978975564241,0.10993026703596115,3673.821484375,12.688573989868164,2.524746322666761,0.2911517780605424
ucb,0.6082,0,1,10,0.10027879730899049,0.027715745270252227,0.10027879730899049,0.043758017159998414,0.09906826540827751,3749.11501953125,14.09723819732666,2.8052736918519567,0.3002787973089905
ucb,0.6082,0,1,11,0.09231616613902188,0.025490609034895896,0.09231616613902188,0.049248260110616685,0.09553102351725101,3778.50197265625,15.506587524414062,3.085801061037152,0.3123161661390219
ucb,0.6082,0,1,12,0.08720659859321116,0.024076130017638208,0.08720659859321116,0.049393943995237354,0.09233138784766197,3805.13794921875,16.916812820434572,3.3663284302223477,0.32720659859321116
ucb,1.864,0,1,1,0.6774123094926897,0.18667216956615448,0.6774123094926897,0.22527129381895064,0.29410561561584475,1068.801865234375,1.4085367298126221,0.2847974366888714,0.6974123094926897
ucb,1.864,0,1,2,0.5500312353125331,0.1504898589849472,0.5500312353125331,0.20882287815213205,0.2737713620066643,1819.4365625,2.8196974754333497,0.5695948733777428,0.5900312353125331
ucb,1.864,0,1,3,0.31718144172626084,0.08612871930003166,0.31718144172626084,0.11281385853886604,0.22377648413181306,2663.474462890625,4.231108455657959,0.8543923100666143,0.37718144172626084
ucb,1.864,0,1,4,0.24777076550750265,0.06787869304418565,0.24777076550750265,0.08598904334008693,0.1970779886841774,3097.713896484375,5.640845623016357,1.1391897467554857,0.32777076550750267
ucb,1.864,0,1,5,0.1938682880229923,0.05370026782155037,0.1938682880229923,0.07252061598002911,0.1569974082708359,3378.5357421875,7.0507786750793455,1.4239871834443572,0.2938682880229923
ucb,1.864,0,1,6,0.16551345057371425,0.04559687361121178,0.16551345057371425,0.07010817136615514,0.1303745809942484,3543.321474609375,8.46077980041504,1.7087846201332286,0.28551345057371424
ucb,1.864,0,1,7,0.14574845078365528,0.040209805816411974,0.14574845078365528,0.06278942190110684,0.11862096033990382,3672.74599609375,9.870275764465331,1.9935820568221,0.2857484507836553
ucb,1.864,0,1,8,0.12721774089886853,0.03503689400851726,0.12721774089886853,0.06065638460218906,0.10629729121923447,3742.50806640625,11.278107528686524,2.2783794935109714,0.28721774089886853
ucb,1.864,0,1,9,0.11530597025547523,0.03172466360032558,0.11530597025547523,0.053367090485990046,0.10159104369580746,3786.519873046875,12.686938743591309,2.563176930199843,0.2953059702554752
ucb,1.864,0,1,10,0.1042988429555324,0.028660064116120338,0.1042988429555324,0.062101617865264414,0.09088769882917404,3833.15052734375,14.097344436645507,2.8479743668887143,0.30429884295553244
ucb,1.864,0,1,11,0.09472110913357513,0.026020556837320328,0.09472110913357513,0.051019598692655564,0.07968596234917641,3858.4475,15.506004600524902,3.132771803577586,0.31472110913357515
ucb,1.864,0,1,12,0.0867367833646822,0.023790887370705605,0.0867367833646822,0.05446409516036511,0.07522849261760711,3876.458876953125,16.915822372436523,3.4175692402664573,0.3267367833646822
ucb,5.7123,0,0,1,0.627575694660018,0.17572379648685454,0.627575694660018,0.19877572625875473,0.28075790882110596,1097.49146484375,1.4098540258407593,0.27321298720703147,0.647575694660018
ucb,5.7123,0,0,2,0.5298891679059581,0.14758558049798012,0.5298891679059581,0.18528426244854926,0.2585923093557358,1837.703515625,2.821455411911011,0.5464259744140629,0.5698891679059581
ucb,5.7123,0,0,3,0.34905221724044466,0.09474803760647774,0.34905221724044466,0.09925172403454781,0.22739286839962006,2762.768017578125,4.233232898712158,0.8196389616210945,0.40905221724044466
ucb,5.7123,0,0,4,0.2673236543042612,0.07187583491206169,0.2673236543042612,0.08763531468808651,0.19957761242985725,3248.6692578125,5.642903175354004,1.0928519488281259,0.3473236543042612
ucb,5.7123,0,0,5,0.21368213608862438,0.05725849837064743,0.21368213608862438,0.0836873472481966,0.16849894069135188,3473.467998046875,7.052359485626221,1.3660649360351576,0.3136821360886244
ucb,5.7123,0,0,6,0.17034640565606504,0.045818898528814316,0.17034640565606504,0.08445615254342556,0.15124908655881883,3635.463056640625,8.460522918701171,1.639277923242189,0.29034640565606507
ucb,5.7123,0,0,7,0.14555801646851832,0.03939222104847431,0.14555801646851832,0.06580960817635059,0.125673743262887,3719.2957421875,9.871865959167481,1.9124909104492207,0.2855580164685183
ucb,5.7123,0,0,8,0.12797224843301375,0.03459320724010467,0.12797224843301375,0.0508544322475791,0.1068380406498909,3787.19208984375,11.281412734985352,2.1857038976562517,0.2879722484330137
ucb,5.7123,0,0,9,0.11146219497349304,0.030350470244884492,0.11146219497349304,0.06597457565367222,0.09691149026155471,3825.691416015625,12.691400527954102,2.4589168848632834,0.291462194973493
ucb,5.7123,0,0,10,0.10140585883714394,0.027633859887719155,0.10140585883714394,0.05375249460339546,0.08912597224116325,3852.055576171875,14.102213668823243,2.732129872070315,0.30140585883714394
ucb,5.7123,0,0,11,0.09437396090220179,0.02570002794265747,0.09437396090220179,0.048074222430586816,0.08264657527208329,3878.28080078125,15.512822380065918,3.0053428592773463,0.3143739609022018
ucb,5.7123,0,0,12,0.08712515339806018,0.02374154932796955,0.08712515339806018,0.059923827461898324,0.07841982968151569,3895.2947265625,16.922109756469727,3.278555846484378,0.32712515339806014
ucb,10.0,0,0,1,0.627575694660018,0.17572379648685454,0.627575694660018,0.19877572625875473,0.28075790882110596,1097.49146484375,1.4098540258407593,0.2755837758855584,0.647575694660018
ucb,10.0,0,0,2,0.5310043281013205,0.14781728863716126,0.5310043281013205,0.19455476552248002,0.25762578427791594,1838.089462890625,2.822097187042236,0.5511675517711168,0.5710043281013205
ucb,10.0,0,0,3,0.3516835040494031,0.09551807060837746,0.3516835040494031,0.09672461286187171,0.22456149876117706,2760.185341796875,4.233577423095703,0.8267513276566753,0.41168350404940307
ucb,10.0,0,0,4,0.26470013419098853,0.07086088493466378,0.26470013419098853,0.07745252527296544,0.1920498478412628,3269.08796875,5.642960147857666,1.1023351035422335,0.34470013419098855
ucb,10.0,0,0,5,0.20852524621331367,0.055844707190990446,0.20852524621331367,0.07261708967387676,0.1678389525413513,3504.091962890625,7.052406120300293,1.3779188794277921,0.3085252462133137
ucb,10.0,0,0,6,0.17487836266913231,0.04690961018204689,0.17487836266913231,0.07224473103880882,0.14638181433081626,3646.28443359375,8.462270164489746,1.6535026553133505,0.2948783626691323
ucb,10.0,0,0,7,0.1469257448097807,0.03938389763236046,0.1469257448097807,0.07741321139037609,0.11885425828397274,3747.000224609375,9.87128173828125,1.929086431198909,0.2869257448097807
ucb,10.0,0,0,8,0.12894481771537336,0.03482487596571446,0.12894481771537336,0.08148512884974479,0.10350209787487984,3803.734716796875,11.280181617736817,2.204670207084467,0.2889448177153734
ucb,10.0,0,0,9,0.11751088678561727,0.03177612327039242,0.11751088678561727,0.05896148033440113,0.09340671107172965,3844.925947265625,12.689169464111329,2.4802539829700256,0.29751088678561727
ucb,10.0,0,0,10,0.10905310260627502,0.029430975094437598,0.10905310260627502,0.056909742392599584,0.08600018963217736,3872.543671875,14.098216934204101,2.7558377588555842,0.30905310260627505
ucb,10.0,0,0,11,0.09708534728431269,0.02633132107555866,0.09708534728431269,0.06342829406261444,0.07701912015676499,3894.255400390625,15.50670497894287,3.0314215347411424,0.3170853472843127
ucb,10.0,0,0,12,0.09116875115860022,0.024674711152911186,0.09116875115860022,0.049373183995485306,0.07284523501992225,3910.621337890625,16.914797134399414,3.307005310626701,0.3311687511586002
ucb,0.4597,0,1,1,0.6774123094926897,0.18667216956615448,0.6774123094926897,0.23130589887499808,0.29410561561584475,1068.801865234375,1.4085367298126221,0.27742828016014154,0.6974123094926897
ucb,0.4597,0,1,2,0.4564481570559111,0.12677377313375474,0.4564481570559111,0.15594952046871186,0.2652692171931267,1803.0077734375,2.8194931602478026,0.5548565603202831,0.49644815705591105
ucb,0.4597,0,1,3,0.30883957846720644,0.0863484525680542,0.30883957846720644,0.09882733814418315,0.24198650002479552,2368.9858984375,4.230067367553711,0.8322848404804246,0.36883957846720644
ucb,0.4597,0,1,4,0.2448547408406829,0.06847656562924385,0.2448547408406829,0.09113880887627601,0.2182216614484787,2756.242080078125,5.640320415496826,1.1097131206405662,0.3248547408406829
ucb,0.4597,0,1,5,0.1951316305400531,0.054304840713739394,0.1951316305400531,0.07185827150940895,0.1830057106912136,3060.9910546875,7.049385719299316,1.3871414008007077,0.2951316305400531
ucb,0.4597,0,1,6,0.16717066571616662,0.04656343288719654,0.16717066571616662,0.061897435933351515,0.1637259030342102,3256.96951171875,8.459930191040039,1.6645696809608492,0.2871706657161666
ucb,0.4597,0,1,7,0.14994596054410642,0.041771525740623476,0.14994596054410642,0.06702379565685987,0.15628264084458351,3390.5744921875,9.86950813293457,1.941997961120991,0.28994596054410643
ucb,0.4597,0,1,8,0.12837033198159223,0.035815555080771444,0.12837033198159223,0.051227622404694556,0.12300423048436641,3495.13298828125,11.279789657592774,2.2194262412811323,0.28837033198159223
ucb,0.4597,0,1,9,0.11592160732102968,0.0322416003793478,0.11592160732102968,0.05969101864844561,0.11673594042658805,3568.45537109375,12.68899169921875,2.496854521441274,0.2959216073210297
ucb,0.4597,0,1,10,0.10461658266271727,0.02901169680058956,0.10461658266271727,0.07891443378292023,0.10503367215394974,3631.222275390625,14.099682693481446,2.7742828016014154,0.3046165826627173
ucb,0.4597,0,1,11,0.09743342754128079,0.027025583609938623,0.09743342754128079,0.046274834331125024,0.1004149591177702,3676.696005859375,15.509577026367188,3.0517110817615567,0.3174334275412808
ucb,0.4597,0,1,12,0.08880455683580994,0.024648782573640348,0.08880455683580994,0.04748992908746004,0.08988619565963746,3753.931650390625,16.919326553344728,3.3291393619216985,0.32880455683580995
mass,0.05,0,1,1,0.6774123094926897,0.18667216956615448,0.6774123094926897,0.2173260235786438,0.29410561561584475,1068.801865234375,1.4085367298126221,0.2703433564662312,0.6974123094926897
mass,0.05,0,1,2,0.4634618535115205,0.13014762580394745,0.4634618535115205,0.1619930925965309,0.2854917800426483,1637.52423828125,2.8136154556274415,0.5406867129324624,0.5034618535115205
mass,0.05,0,1,3,0.3454588686680289,0.09837628230452537,0.3454588686680289,0.12064912140369416,0.2506550660729408,2016.3149609375,4.220246334075927,0.8110300693986937,0.4054588686680289
mass,0.05,0,1,4,0.2605954928379524,0.0743898219615221,0.2605954928379524,0.08051872819662094,0.2376750361919403,2333.101796875,5.625558586120605,1.0813734258649248,0.34059549283795243
mass,0.05,0,1,5,0.22143363108090136,0.06307482615113258,0.22143363108090136,0.07045682836323977,0.2161065584421158,2580.60828125,7.030881576538086,1.3517167823311562,0.3214336310809014
mass,0.05,0,1,6,0.17806023664400197,0.05070153728127479,0.17806023664400197,0.06238426052033901,0.19800025030970572,2783.272333984375,8.436962661743165,1.6220601387973874,0.29806023664400194
mass,0.05,0,1,7,0.14746839366350162,0.04198546215891838,0.14746839366350162,0.05140522874891758,0.1826162753999233,2965.576943359375,9.845760078430176,1.8924034952636188,0.28746839366350163
mass,0.05,0,1,8,0.13096849672679595,0.037197476103901866,0.13096849672679595,0.052983371689915654,0.16752702698111535,3085.717001953125,11.252000389099122,2.1627468517298496,0.2909684967267959
mass,0.05,0,1,9,0.11783611208980338,0.033489553555846215,0.11783611208980338,0.06402866009622812,0.16192220970988275,3215.90970703125,12.660343322753906,2.4330902081960812,0.2978361120898034
mass,0.05,0,1,10,0.11075197105077761,0.03153365034610033,0.11075197105077761,0.04688707260414958,0.1550040751695633,3288.695595703125,14.067586135864257,2.7034335646623124,0.3107519710507776
mass,0.05,0,1,11,0.10560552820932417,0.03015652857720852,0.10560552820932417,0.056935569532215596,0.1510271918773651,3328.701884765625,15.47646484375,2.9737769211285436,0.3256055282093242
mass,0.05,0,1,12,0.0941698558049197,0.02675781823694706,0.0941698558049197,0.053638036400079726,0.13887129291892053,3392.9635546875,16.885557022094726,3.244120277594775,0.3341698558049197
ucb,10.0,0,1,1,0.6774123094926897,0.18667216956615448,0.6774123094926897,0.22215866595506667,0.29410561561584475,1068.801865234375,1.4085367298126221,0.2889620297153791,0.6974123094926897
ucb,10.0,0,1,2,0.546423484654457,0.1488731423020363,0.546423484654457,0.19210710287094115,0.27281209915876387,1859.673984375,2.8206771183013917,0.5779240594307582,0.586423484654457
ucb,10.0,0,1,3,0.34782059163079976,0.0931948371231556,0.34782059163079976,0.09880910456180572,0.24472785800695418,2795.936318359375,4.231576175689697,0.8668860891461374,0.40782059163079976
ucb,10.0,0,1,4,0.2734069724878893,0.07384985744953156,0.2734069724878893,0.08976057484745979,0.2137748444080353,3192.66322265625,5.641419677734375,1.1558481188615164,0.3534069724878893
ucb,10.0,0,1,5,0.20668383117654188,0.05615953460335731,0.20668383117654188,0.0868737419694662,0.17174891218543054,3453.2270703125,7.0511633491516115,1.4448101485768958,0.30668383117654185
ucb,10.0,0,1,6,0.17329433652100004,0.047518195062875745,0.17329433652100004,0.06536195121705532,0.1437010746449232,3613.766435546875,8.462109527587891,1.7337721782922748,0.293294336521
ucb,10.0,0,1,7,0.1487282690863207,0.04066928431391716,0.1487282690863207,0.06652285754680634,0.12407452501356601,3719.37193359375,9.872353515625,2.022734208007654,0.2887282690863207
ucb,10.0,0,1,8,0.1296841731553756,0.035531212836503984,0.1296841731553756,0.0636457784473896,0.10561462022364139,3785.2256640625,11.282459411621094,2.311696237723033,0.2896841731553756
ucb,10.0,0,1,9,0.11806071082352254,0.032258875370025634,0.11806071082352254,0.06861609917134047,0.09159222416579724,3835.003984375,12.692023391723632,2.600658267438412,0.29806071082352253
ucb,10.0,0,1,10,0.1070164225786618,0.02921460658311844,0.1070164225786618,0.06308371379971504,0.08537163689732552,3862.1724609375,14.102388801574707,2.8896202971537917,0.3070164225786618
ucb,10.0,0,1,11,0.09827478653273719,0.0268499843031168,0.09827478653273719,0.06556872263550759,0.07778072841465473,3888.569697265625,15.513052940368652,3.1785823268691704,0.3182747865327372
ucb,10.0,0,1,12,0.09143810132971465,0.024965067729353904,0.09143810132971465,0.04906902778893709,0.07492304004728795,3907.345791015625,16.92176612854004,3.4675443565845496,0.33143810132971463
eid,2.4662,0,0,1,0.627575694660018,0.17572379648685454,0.627575694660018,0.2072215947508812,0.28075790882110596,1097.49146484375,1.4098540258407593,0.2817787638547209,0.647575694660018
eid,2.4662,0,0,2,0.4604067231836374,0.13103723421692848,0.4604067231836374,0.17225349206477403,0.2743495219945908,1547.5255859375,2.8149739933013915,0.5635575277094418,0.5004067231836374
eid,2.4662,0,0,3,0.34563153697297916,0.09846394903957843,0.34563153697297916,0.13391493953764438,0.26668147325515745,1975.784150390625,4.221743049621582,0.8453362915641628,0.40563153697297916
eid,2.4662,0,0,4,0.2784937767210353,0.07882280834019184,0.2784937767210353,0.11653694052249193,0.23681875824928283,2273.720087890625,5.62967658996582,1.1271150554188836,0.35849377672103533
eid,2.4662,0,0,5,0.2218513458266024,0.06243913605809212,0.2218513458266024,0.09113399457186461,0.22188078761100768,2542.097275390625,7.036689071655274,1.4088938192736047,0.3218513458266024
eid,2.4662,0,0,6,0.1987957533997552,0.05603604167699814,0.1987957533997552,0.09199842736124993,0.20282893389463424,2725.436318359375,8.444917945861816,1.6906725831283256,0.3187957533997552
eid,2.4662,0,0,7,0.1601603739697801,0.04519505687057972,0.1601603739697801,0.06414047822356224,0.18252841174602508,2936.775361328125,9.851876602172851,1.9724513469830467,0.3001603739697801
eid,2.4662,0,0,8,0.12875543231401607,0.03587391596287489,0.12875543231401607,0.06772755522280932,0.1522394444793463,3113.826494140625,11.262368087768555,2.254230110837767,0.28875543231401607
eid,2.4662,0,0,9,0.11458455968852882,0.03176217585802078,0.11458455968852882,0.05494579477235675,0.14338994778692724,3255.3112890625,12.672397842407227,2.5360088746924885,0.2945845596885288
eid,2.4662,0,0,10,0.10133208072683521,0.028019691482186318,0.10133208072683521,0.06217232551425696,0.12235191859304904,3356.3015625,14.080563812255859,2.8177876385472094,0.3013320807268352
eid,2.4662,0,0,11,0.08894946110520435,0.024707037173211575,0.08894946110520435,0.04729564771056175,0.11303361184895039,3444.62990234375,15.489180297851563,3.0995664024019303,0.3089494611052044
eid,2.4662,0,0,12,0.08205940857826921,0.022807458154857158,0.08205940857826921,0.0780563896521926,0.1082119396328926,3524.52080078125,16.896273040771483,3.381345166256651,0.3220594085782692
mass,0.29,0,1,1,0.6774123094926897,0.18667216956615448,0.6774123094926897,0.2271465077996254,0.29410561561584475,1068.801865234375,1.4085367298126221,0.2780640396568924,0.6974123094926897
mass,0.29,0,1,2,0.4738612701834139,0.13193962156772612,0.4738612701834139,0.16258538722991944,0.27480188369750974,1708.943037109375,2.8150142574310304,0.5561280793137848,0.5138612701834139
mass,0.29,0,1,3,0.34899460047689723,0.09837590456008911,0.34899460047689723,0.12522121876478196,0.2534440180659294,2172.7775,4.222340755462646,0.8341921189706772,0.40899460047689723
mass,0.29,0,1,4,0.2608019711332934,0.07414960518479347,0.2608019711332934,0.09025611653923989,0.22800254583358764,2528.664833984375,5.630366744995118,1.1122561586275697,0.3408019711332934
mass,0.29,0,1,5,0.20460611628473832,0.05821102492511272,0.20460611628473832,0.07967201627790928,0.20779661551117898,2800.216025390625,7.041611557006836,1.3903201982844622,0.3046061162847383
mass,0.29,0,1,6,0.1727390057687396,0.04923849165439606,0.1727390057687396,0.07416760034859181,0.18631810441613197,3026.837705078125,8.448591041564942,1.6683842379413545,0.29273900576873957
mass,0.29,0,1,7,0.14892375745566588,0.04230477057397366,0.14892375745566588,0.056574656888842584,0.16282255671918391,3214.328466796875,9.858364562988282,1.946448277598247,0.2889237574556659
mass,0.29,0,1,8,0.1312208721366118,0.037127425223588945,0.1312208721366118,0.054163108617067336,0.1576436571776867,3311.27203125,11.268229370117188,2.2245123172551393,0.2912208721366118
mass,0.29,0,1,9,0.11933056172044568,0.033629851192235945,0.11933056172044568,0.051995852068066596,0.14778963409364224,3411.227333984375,12.678991584777831,2.502576356912032,0.2993305617204457
mass,0.29,0,1,10,0.10550642423212007,0.029520763605833052,0.10550642423212007,0.08182806886732578,0.13797718673944473,3498.514423828125,14.090218658447265,2.7806403965689244,0.3055064242321201
mass,0.29,0,1,11,0.0956845464398291,0.02669318571686745,0.0956845464398291,0.04821837145835161,0.1307993245124817,3585.818251953125,15.500804977416992,3.0587044362258164,0.31568454643982913
mass,0.29,0,1,12,0.0888054643709805,0.024796653501689435,0.0888054643709805,0.046772564947605136,0.12225054189562798,3642.333349609375,16.911632537841797,3.336768475882709,0.32880546437098046
ucb,7.558,0,1,1,0.6774123094926897,0.18667216956615448,0.6774123094926897,0.22527129381895064,0.29410561561584475,1068.801865234375,1.4085367298126221,0.28831952075318745,0.6974123094926897
ucb,7.558,0,1,2,0.5463386067665017,0.14880656063556671,0.5463386067665017,0.19362076207995416,0.2737050369381905,1855.00787109375,2.8206745529174806,0.5766390415063749,0.5863386067665017
ucb,7.558,0,1,3,0.3470756641712465,0.09294990479946136,0.3470756641712465,0.10210689812898636,0.24984258711338042,2789.669814453125,4.231712436676025,0.8649585622595625,0.4070756641712465
ucb,7.558,0,1,4,0.2775486261560948,0.07433994919061661,0.2775486261560948,0.08173732347786426,0.2130804416537285,3198.253203125,5.6408979606628415,1.1532780830127498,0.35754862615609484
ucb,7.558,0,1,5,0.22266111507952005,0.05947559058666229,0.22266111507952005,0.0878898423910141,0.18465190082788469,3446.89501953125,7.050523891448974,1.4415976037659375,0.32266111507952006
ucb,7.558,0,1,6,0.18134381721131532,0.0488331338763237,0.18134381721131532,0.073357128277421,0.1567105882614851,3600.275517578125,8.459714050292968,1.729917124519125,0.3013438172113153
ucb,7.558,0,1,7,0.14951429109746203,0.04078795075416565,0.14951429109746203,0.07193631485104561,0.1214043915271759,3723.04798828125,9.870164566040039,2.0182366452723124,0.2895142910974621
ucb,7.558,0,1,8,0.13001808199438167,0.03552375145256519,0.13001808199438167,0.08197092533111572,0.10362338289618492,3792.699775390625,11.279720191955567,2.3065561660254996,0.29001808199438167
ucb,7.558,0,1,9,0.11712286692614826,0.032068007960915565,0.11712286692614826,0.0803112693876028,0.09020515486598014,3837.8271484375,12.689676170349122,2.5948756867786873,0.29712286692614825
ucb,7.558,0,1,10,0.1082754012157165,0.029594680443406105,0.1082754012157165,0.05677019756287336,0.08476805850863457,3866.74248046875,14.099267196655273,2.883195207531875,0.3082754012157165
ucb,7.558,0,1,11,0.09576851978536802,0.02614127516746521,0.09576851978536802,0.06910213902592659,0.07766244001686573,3889.31294921875,15.50962875366211,3.171514728285062,0.315768519785368
ucb,7.558,0,1,12,0.08971380425450266,0.02453828252851963,0.08971380425450266,0.06382258985191584,0.07500243037939072,3905.5508203125,16.919179458618164,3.45983424903825,0.32971380425450264
eid,2.4662,0,1,1,0.6774123094926897,0.18667216956615448,0.6774123094926897,0.22527129381895064,0.29410561561584475,1068.801865234375,1.4085367298126221,0.27524285048867264,0.6974123094926897
eid,2.4662,0,1,2,0.47676197983997776,0.13194381922483445,0.47676197983997776,0.18500898227095605,0.28332569897174836,1564.4534765625,2.8148601722717284,0.5504857009773453,0.5167619798399777
eid,2.4662,0,1,3,0.3378710289894979,0.09463920772075653,0.3378710289894979,0.1251237364113331,0.255338488817215,2009.547119140625,4.221965026855469,0.825728551466018,0.3978710289894979
eid,2.4662,0,1,4,0.26638659340466225,0.07509309895336629,0.26638659340466225,0.10253331929445267,0.23084886163473128,2314.281689453125,5.626505870819091,1.1009714019546906,0.34638659340466227
eid,2.4662,0,1,5,0.21168018516318035,0.05981343150138855,0.21168018516318035,0.0835676558315754,0.2089663961529732,2571.6405859375,7.034720478057861,1.3762142524433634,0.31168018516318036
eid,2.4662,0,1,6,0.18965205003821206,0.05343080751597881,0.18965205003821206,0.06661255806684493,0.1874543933570385,2789.3350390625,8.444484214782715,1.651457102932036,0.30965205003821206
eid,2.4662,0,1,7,0.15020090134630174,0.04261278510093689,0.15020090134630174,0.0665298530831933,0.1684483940899372,3004.57078125,9.853222045898438,1.9266999534207088,0.2902009013463017
eid,2.4662,0,1,8,0.13010109483078144,0.03686800718307495,0.13010109483078144,0.09224390838295221,0.16158414706587793,3153.8810546875,11.26270408630371,2.201942803909381,0.29010109483078145
eid,2.4662,0,1,9,0.115866046868707,0.03273412708193064,0.115866046868707,0.05191395904868841,0.14253265090286732,3291.000400390625,12.671721992492676,2.477185654398054,0.295866046868707
eid,2.4662,0,1,10,0.10200246515611217,0.028880751468241216,0.10200246515611217,0.06170254983007908,0.13204121723771095,3395.45193359375,14.080253105163575,2.7524285048867267,0.3020024651561122
eid,2.4662,0,1,11,0.09182769412979574,0.025844836421310902,0.09182769412979574,0.05367762256413698,0.12209470070898533,3477.885927734375,15.489851875305176,3.027671355375399,0.3118276941297957
eid,2.4662,0,1,12,0.08347502566158958,0.0234102413803339,0.08347502566158958,0.050119980610907076,0.11806023992598057,3556.754267578125,16.898881759643555,3.302914205864072,0.3234750256615896
eid,0.3474,0,0,1,0.627575694660018,0.17572379648685454,0.627575694660018,0.19750796109437943,0.28075790882110596,1097.49146484375,1.4098540258407593,0.2796413994324394,0.647575694660018
eid,0.3474,0,0,2,0.5021527354019135,0.14095962941646575,0.5021527354019135,0.18717656195163726,0.2739351749420166,1489.04623046875,2.81589714050293,0.5592827988648787,0.5421527354019136
eid,0.3474,0,0,3,0.35079891579093603,0.09872961044311523,0.35079891579093603,0.1277143242955208,0.25441921651363375,1937.849462890625,4.219919319152832,0.8389241982973181,0.410798915790936
eid,0.3474,0,0,4,0.2521331255193639,0.07079872950911521,0.2521331255193639,0.10598844692111015,0.24315746486186982,2255.439130859375,5.6262016868591305,1.1185655977297575,0.3321331255193639
eid,0.3474,0,0,5,0.21441211254989,0.06031134635210037,0.21441211254989,0.09234334431588649,0.23650018274784088,2438.412646484375,7.034417514801025,1.3982069971621969,0.31441211254989
eid,0.3474,0,0,6,0.18284458780828575,0.051757634952664375,0.18284458780828575,0.10531601659953595,0.2204022890329361,2633.453974609375,8.441193008422852,1.6778483965946362,0.3028445878082857
eid,0.3474,0,0,7,0.1504683609385893,0.043142306804656985,0.1504683609385893,0.07543970681726933,0.19612695574760436,2790.558671875,9.849378051757812,1.9574897960270758,0.2904683609385893
eid,0.3474,0,0,8,0.13214516407025417,0.03790517337620258,0.13214516407025417,0.06757617952302099,0.18186621397733688,2927.9989453125,11.259446067810059,2.237131195459515,0.29214516407025415
eid,0.3474,0,0,9,0.11891408878567593,0.034128375723958014,0.11891408878567593,0.0779412137530744,0.17066881358623504,3041.415830078125,12.66710018157959,2.5167725948919544,0.29891408878567594
eid,0.3474,0,0,10,0.10810458846975715,0.030972356088459493,0.10810458846975715,0.05331033769994974,0.1521599116921425,3153.214375,14.074955024719237,2.7964139943243937,0.3081045884697572
eid,0.3474,0,0,11,0.09939835177317902,0.028542414493858814,0.09939835177317902,0.052678185775876046,0.1412618289887905,3260.860498046875,15.483876686096192,3.076055393756833,0.319398351773179
eid,0.3474,0,0,12,0.09156821228599471,0.026361569203436373,0.09156821228599471,0.061291889250278474,0.12945738777518273,3358.3905078125,16.894004974365235,3.3556967931892725,0.3315682122859947
mass,0.95,0,0,1,0.627575694660018,0.17572379648685454,0.627575694660018,0.2106684836745262,0.28075790882110596,1097.49146484375,1.4098540258407593,0.2735952407688213,0.647575694660018
mass,0.95,0,0,2,0.5414290564946347,0.15066969335079194,0.5414290564946347,0.20958049938082696,0.26250137507915494,1790.034931640625,2.8215967559814454,0.5471904815376426,0.5814290564946347
mass,0.95,0,0,3,0.3322649898561362,0.09053759753704071,0.3322649898561362,0.10634804330766201,0.22596382468938828,2722.8475,4.233135833740234,0.820785722306464,0.39226498985613617
mass,0.95,0,0,4,0.2516644746571252,0.06753843039274215,0.2516644746571252,0.07511989668011665,0.19461140185594558,3234.442158203125,5.641040554046631,1.0943809630752852,0.33166447465712523
mass,0.95,0,0,5,0.2078141277384269,0.05576779335737228,0.2078141277384269,0.07715405892580747,0.16975595131516458,3451.312841796875,7.051423454284668,1.3679762038441066,0.30781412773842687
mass,0.95,0,0,6,0.174907705627633,0.04745211258530617,0.174907705627633,0.06253757037222385,0.14737632393836975,3594.106220703125,8.45952995300293,1.641571444612928,0.294907705627633
mass,0.95,0,0,7,0.15059286988152798,0.04084516823291778,0.15059286988152798,0.09019226878881455,0.11951279416680335,3716.672587890625,9.869301948547363,1.9151666853817493,0.290592869881528
mass,0.95,0,0,8,0.1312452229298564,0.0356324003636837,0.1312452229298564,0.07877644002437592,0.10866396233439446,3782.178388671875,11.276985359191894,2.1887619261505704,0.29124522292985644
mass,0.95,0,0,9,0.11919640108110867,0.0324008321762085,0.11919640108110867,0.06439419701695442,0.099955879971385,3833.582158203125,12.684921493530274,2.462357166919392,0.2991964010811087
mass,0.95,0,0,10,0.10928277522774796,0.02977246284484863,0.10928277522774796,0.06421607755124568,0.09391067162156105,3866.020888671875,14.092590103149414,2.735952407688213,0.30928277522774794
mass,0.95,0,0,11,0.1019088300260445,0.027704740464687346,0.1019088300260445,0.07387251682579517,0.08637472987174988,3892.130205078125,15.503218307495118,3.0095476484570343,0.32190883002604453
mass,0.95,0,0,12,0.09291390516342711,0.02529636137187481,0.09291390516342711,0.06317614283412695,0.07851664043962955,3911.468525390625,16.913482360839843,3.283142889225856,0.3329139051634271
mass,0.89,0,0,1,0.627575694660018,0.17572379648685454,0.627575694660018,0.1935035714507103,0.28075790882110596,1097.49146484375,1.4098540258407593,0.27241211236920204,0.647575694660018
mass,0.89,0,0,2,0.48421389469376763,0.13589584916830064,0.48421389469376763,0.170726969987154,0.2604939639568329,1795.6498046875,2.821083354949951,0.5448242247384041,0.5242138946937677
mass,0.89,0,0,3,0.3306353790663734,0.09146300256252289,0.3306353790663734,0.11485444985330105,0.22252069741487504,2524.50095703125,4.23194091796875,0.8172363371076062,0.3906353790663734
mass,0.89,0,0,4,0.24958840952591488,0.06895812228322029,0.24958840952591488,0.08081927973777056,0.19426210179924966,3046.450888671875,5.6426318359375,1.0896484494768082,0.3295884095259149
mass,0.89,0,0,5,0.1923276399873008,0.05298828020691872,0.1923276399873008,0.07478811420500278,0.16466724172234534,3367.612646484375,7.051087684631348,1.3620605618460104,0.2923276399873008
mass,0.89,0,0,6,0.17136547115767808,0.04716967836022377,0.17136547115767808,0.08357896223664284,0.14989592157304288,3521.334658203125,8.460687522888184,1.6344726742152125,0.2913654711576781
mass,0.89,0,0,7,0.15150267343403637,0.041461589932441714,0.15150267343403637,0.0720707504451275,0.12951436929404736,3661.80982421875,9.868819274902343,1.9068847865844147,0.29150267343403635
mass,0.89,0,0,8,0.1334355001342794,0.036379404738545416,0.1334355001342794,0.07328053086996078,0.11584225066006183,3761.9099609375,11.278039016723632,2.1792968989536163,0.29343550013427944
mass,0.89,0,0,9,0.12022040876190979,0.03286537438631058,0.12022040876190979,0.06512276072055101,0.1006272191554308,3833.110478515625,12.687551193237304,2.451709011322819,0.3002204087619098
mass,0.89,0,0,10,0.11033606528715949,0.02996103644371033,0.11033606528715949,0.06622985873371362,0.08893175557255745,3870.0724609375,14.095780067443847,2.724121123692021,0.3103360652871595
mass,0.89,0,0,11,0.10155149113871582,0.02748271629214287,0.10155149113871582,0.05730693709105253,0.08473900251090527,3891.453203125,15.505044898986817,2.996533236061223,0.32155149113871584
mass,0.89,0,0,12,0.09486598172908225,0.025652080401778223,0.09486598172908225,0.05758626263588667,0.07826420500874519,3910.556904296875,16.915785064697264,3.268945348430425,0.3348659817290822
eid,1.0648,0,1,1,0.6774123094926897,0.18667216956615448,0.6774123094926897,0.21786759465932845,0.29410561561584475,1068.801865234375,1.4085367298126221,0.27989635656432554,0.6974123094926897
eid,1.0648,0,1,2,0.4753895973743848,0.1321183428168297,0.4753895973743848,0.16709293141961098,0.28056983917951583,1550.696484375,2.8136283493041994,0.5597927131286511,0.5153895973743848
eid,1.0648,0,1,3,0.33800461762158507,0.09441843822598457,0.33800461762158507,0.11702058929949999,0.24258313924074174,2046.74982421875,4.218751964569091,0.8396890696929767,0.39800461762158507
eid,1.0648,0,1,4,0.2818108354318133,0.07891950964927673,0.2818108354318133,0.11073972441256047,0.23217488765716554,2324.76875,5.6243492698669435,1.1195854262573022,0.3618108354318133
eid,1.0648,0,1,5,0.2247467392508517,0.06382682807743549,0.2247467392508517,0.09539550632238387,0.20743612751364707,2562.478525390625,7.03235559463501,1.399481782821628,0.32474673925085173
eid,1.0648,0,1,6,0.18647850315851694,0.05290691405534744,0.18647850315851694,0.07607112728059291,0.19373315915465356,2781.2448828125,8.44244556427002,1.6793781393859535,0.30647850315851694
eid,1.0648,0,1,7,0.1567673034715905,0.04439060784876347,0.1567673034715905,0.0778613855689764,0.16966364100575448,2979.1262890625,9.851548118591309,1.9592744959502792,0.2967673034715905
eid,1.0648,0,1,8,0.13145243479641408,0.03734581984579563,0.13145243479641408,0.06507741563022136,0.15500918045639991,3145.13248046875,11.258495559692383,2.2391708525146043,0.2914524347964141
eid,1.0648,0,1,9,0.11206462308445843,0.03167110964655876,0.11206462308445843,0.06853525333106518,0.13170820645987988,3284.22529296875,12.667329444885254,2.5190672090789303,0.2920646230844584
eid,1.0648,0,1,10,0.10283040074918713,0.02907197654247284,0.10283040074918713,0.06459772378206254,0.12528253480792045,3394.418583984375,14.078148612976074,2.798963565643256,0.30283040074918716
eid,1.0648,0,1,11,0.09539232384877472,0.02689948558807373,0.09539232384877472,0.04683765690773725,0.11125350899994374,3466.351630859375,15.487610473632813,3.0788599222075814,0.3153923238487747
eid,1.0648,0,1,12,0.08888315788751251,0.024988570138812064,0.08888315788751251,0.04962381333112717,0.10883120611310006,3528.986357421875,16.896026306152343,3.358756278771907,0.3288831578875125
eid,1.864,0,0,1,0.627575694660018,0.17572379648685454,0.627575694660018,0.19877572625875473,0.28075790882110596,1097.49146484375,1.4098540258407593,0.2830427375816119,0.647575694660018
eid,1.864,0,0,2,0.46656686169626554,0.13310434475541114,0.46656686169626554,0.1684424163401127,0.27279999136924743,1528.400771484375,2.8150325775146485,0.5660854751632238,0.5065668616962655
eid,1.864,0,0,3,0.3401883859668625,0.0960644854605198,0.3401883859668625,0.1244773492962122,0.2642995023727417,1979.838583984375,4.222438907623291,0.8491282127448357,0.4001883859668625
eid,1.864,0,0,4,0.2728116893865059,0.07756348796188832,0.2728116893865059,0.1034427147358656,0.23448869973421096,2266.464248046875,5.62974645614624,1.1321709503264477,0.3528116893865059
eid,1.864,0,0,5,0.2141829466713736,0.06104173831641674,0.2141829466713736,0.10169879287481308,0.21289876192808152,2509.773544921875,7.037567863464355,1.4152136879080597,0.3141829466713736
eid,1.864,0,0,6,0.18046650146312246,0.0514665450155735,0.18046650146312246,0.09027146644890309,0.1927937214076519,2721.5890234375,8.446816596984863,1.6982564254896715,0.3004665014631225
eid,1.864,0,0,7,0.15309447665371614,0.04340618684887886,0.15309447665371614,0.07378020014613867,0.17550903141498567,2884.207666015625,9.854490051269531,1.9812991630712835,0.29309447665371613
eid,1.864,0,0,8,0.13146745785116404,0.03718295104801655,0.13146745785116404,0.06929794186726213,0.15814886078238488,3045.250615234375,11.26387710571289,2.2643419006528953,0.291467457851164
eid,1.864,0,0,9,0.11326044117543935,0.03177730474621057,0.11326044117543935,0.08570610770955682,0.14095983311533927,3206.40060546875,12.673277854919434,2.547384638234507,0.29326044117543937
eid,1.864,0,0,10,0.10133463556767446,0.028346506878733635,0.10133463556767446,0.0711901430785656,0.1364146273583174,3304.064091796875,14.081129455566407,2.8304273758161194,0.3013346355676745
eid,1.864,0,0,11,0.09117577466551374,0.025387709252536295,0.09117577466551374,0.05559633702039719,0.1259617455303669,3397.81796875,15.491055374145509,3.1134701133977307,0.3111757746655137
eid,1.864,0,0,12,0.0800579985010745,0.02223806209862232,0.0800579985010745,0.06251653008162976,0.12217329911887646,3483.128046875,16.89931571960449,3.396512850979343,0.3200579985010745
ucb,0.1985,0,1,1,0.6774123094926897,0.18667216956615448,0.6774123094926897,0.22527129381895064,0.29410561561584475,1068.801865234375,1.4085367298126221,0.26136196733529987,0.6974123094926897
ucb,0.1985,0,1,2,0.44482033694532597,0.12328361928462982,0.44482033694532597,0.14324694663286208,0.27785762667655944,1788.51333984375,2.819724426269531,0.5227239346705997,0.48482033694532595
ucb,0.1985,0,1,3,0.31521553628457943,0.08709031611680984,0.31521553628457943,0.0939196901768446,0.23580950289964675,2350.77435546875,4.229980449676514,0.7840859020058997,0.37521553628457943
ucb,0.1985,0,1,4,0.24885180523681133,0.069332045763731,0.24885180523681133,0.08284781597554684,0.22025967985391617,2677.948681640625,5.639958686828614,1.0454478693411995,0.32885180523681135
ucb,0.1985,0,1,5,0.20497016168688906,0.05737634390592575,0.20497016168688906,0.06649450361728668,0.19372439369559288,2899.33544921875,7.0476077270507815,1.3068098366764995,0.30497016168688906
ucb,0.1985,0,1,6,0.1744655576092279,0.0493732513487339,0.1744655576092279,0.06489137593656778,0.18384837552905084,3048.670947265625,8.456315650939942,1.5681718040117993,0.2944655576092279
ucb,0.1985,0,1,7,0.1514834826520933,0.04269674360752106,0.1514834826520933,0.07474876556545496,0.16491738215088844,3201.498935546875,9.86592788696289,1.8295337713470994,0.29148348265209334
ucb,0.1985,0,1,8,0.1317229880645727,0.03706746205687523,0.1317229880645727,0.07277470961213112,0.1501704263687134,3356.2333984375,11.275358657836914,2.090895738682399,0.2917229880645727
ucb,0.1985,0,1,9,0.11245426213355568,0.03146078951656819,0.11245426213355568,0.055733185466378926,0.13309632800519466,3447.122021484375,12.684862594604493,2.3522577060176992,0.2924542621335557
ucb,0.1985,0,1,10,0.10492223139259156,0.029356461949646473,0.10492223139259156,0.0557862101867795,0.12774837225675584,3494.399150390625,14.093486061096192,2.613619673352999,0.30492223139259156
ucb,0.1985,0,1,11,0.09529829752457548,0.026725378409028052,0.09529829752457548,0.05311856012791395,0.11916777119040489,3554.475361328125,15.503092155456542,2.874981640688299,0.3152982975245755
ucb,0.1985,0,1,12,0.08739023518389509,0.02443359173834324,0.08739023518389509,0.05366437889635563,0.11542086884379386,3604.43521484375,16.910103225708006,3.1363436080235987,0.3273902351838951
niveau,0.196,0,1,1,0.6774123094926897,0.18667216956615448,0.6774123094926897,0.22527129381895064,0.29410561561584475,1068.801865234375,1.4085367298126221,0.28391314496984704,0.6974123094926897
niveau,0.196,0,1,2,0.5127011570737541,0.13963869273662566,0.5127011570737541,0.18838353395462037,0.2746692234277725,1738.632490234375,2.8186081981658937,0.5678262899396941,0.5527011570737541
niveau,0.196,0,1,3,0.378663901100424,0.10488086014986038,0.378663901100424,0.14733226478099823,0.24828397065401078,2294.83611328125,4.228889408111573,0.8517394349095412,0.438663901100424
niveau,0.196,0,1,4,0.27439580396886354,0.07711958587169647,0.27439580396886354,0.10767391510307789,0.21289297118782996,2824.53810546875,5.639926624298096,1.1356525798793882,0.35439580396886355
niveau,0.196,0,1,5,0.21893667731805322,0.0613121047616005,0.21893667731805322,0.083195486292243,0.18340783149003984,3128.562578125,7.050672740936279,1.4195657248492353,0.3189366773180532
niveau,0.196,0,1,6,0.191088817218737,0.05348132885992527,0.191088817218737,0.10167776420712471,0.16300583817064762,3330.3344921875,8.46063304901123,1.7034788698190824,0.311088817218737
niveau,0.196,0,1,7,0.15842001784292745,0.04450577527284622,0.15842001784292745,0.07326573200523853,0.14925658449530602,3454.871142578125,9.869530982971192,1.9873920147889295,0.2984200178429275
niveau,0.196,0,1,8,0.13242014768427482,0.03688340313732624,0.13242014768427482,0.06711340352892875,0.12424274198710919,3620.4959765625,11.278820304870605,2.2713051597587763,0.2924201476842748
niveau,0.196,0,1,9,0.11640413680301137,0.03224377557635307,0.11640413680301137,0.07440441235899925,0.10749639622867108,3713.536787109375,12.68782398223877,2.5552183047286237,0.29640413680301136
niveau,0.196,0,1,10,0.10403878871009654,0.028742268979549408,0.10403878871009654,0.06674732610583306,0.09215521968901158,3775.548154296875,14.097389297485352,2.8391314496984705,0.30403878871009654
niveau,0.196,0,1,11,0.09381988087997305,0.026028061732649804,0.09381988087997305,0.05534909520298242,0.08883769638836383,3814.46130859375,15.50635555267334,3.1230445946683174,0.31381988087997303
niveau,0.196,0,1,12,0.08406411398105995,0.023335459120571615,0.08406411398105995,0.054555072523653506,0.08115079328417778,3859.555302734375,16.91652603149414,3.4069577396381647,0.32406411398105994
eid,0.15,0,0,1,0.627575694660018,0.17572379648685454,0.627575694660018,0.19877572625875473,0.28075790882110596,1097.49146484375,1.4098540258407593,0.2766380698427868,0.647575694660018
eid,0.15,0,0,2,0.49779169032449455,0.1388389614224434,0.49779169032449455,0.1881524431705475,0.2694136068224907,1486.467373046875,2.812901840209961,0.5532761396855737,0.5377916903244946
eid,0.15,0,0,3,0.384611318446335,0.10825805082917213,0.384611318446335,0.13317353904247284,0.2655721428990364,1843.0596484375,4.215219612121582,0.8299142095283605,0.444611318446335
eid,0.15,0,0,4,0.2874381034980956,0.08198239304125308,0.2874381034980956,0.11840075150132179,0.24236074954271317,2146.90861328125,5.622075042724609,1.1065522793711473,0.36743810349809564
eid,0.15,0,0,5,0.22791894448429187,0.06510035954415798,0.22791894448429187,0.09320593126118183,0.22509443029761314,2423.7066796875,7.029583702087402,1.3831903492139341,0.3279189444842919
eid,0.15,0,0,6,0.18660089373926014,0.05365604668855667,0.18660089373926014,0.07654066912829877,0.20617386385798453,2655.011396484375,8.438325080871582,1.659828419056721,0.30660089373926014
eid,0.15,0,0,7,0.15561121084069932,0.04493238739669323,0.15561121084069932,0.050537912286818025,0.18077912494540216,2851.599736328125,9.84796516418457,1.936466488899508,0.2956112108406993
eid,0.15,0,0,8,0.1324711552873772,0.03809938251972198,0.1324711552873772,0.06578943535685539,0.1639566646516323,2984.564326171875,11.256294708251954,2.2131045587422946,0.2924711552873772
eid,0.15,0,0,9,0.11653707298372684,0.03348071299493313,0.11653707298372684,0.06449664406478404,0.15808269530534744,3080.517080078125,12.66428482055664,2.4897426285850814,0.29653707298372683
eid,0.15,0,0,10,0.10733691672673293,0.03090103801339865,0.10733691672673293,0.07327578214928508,0.1445467460155487,3168.9076171875,14.072250747680664,2.7663806984278683,0.3073369167267329
eid,0.15,0,0,11,0.09585767093014111,0.027561999298632144,0.09585767093014111,0.051891877204179766,0.13523574881255626,3243.90876953125,15.482180938720703,3.043018768270655,0.3158576709301411
eid,0.15,0,0,12,0.0903228877158194,0.025976681411266328,0.0903228877158194,0.0563793589733541,0.12994972437620164,3328.49201171875,16.890279083251954,3.319656838113442,0.3303228877158194
eid,0.8047,0,1,1,0.6774123094926897,0.18667216956615448,0.6774123094926897,0.2214871095120907,0.29410561561584475,1068.801865234375,1.4085367298126221,0.2807056417060084,0.6974123094926897
eid,0.8047,0,1,2,0.4600147389027295,0.12800334602594376,0.4600147389027295,0.1636578518152237,0.2886079356074333,1596.08431640625,2.8140059185028075,0.5614112834120168,0.5000147389027295
eid,0.8047,0,1,3,0.35797297449590415,0.10075209617614746,0.35797297449590415,0.13905092045664788,0.27611155331134796,1983.699287109375,4.219379405975342,0.8421169251180253,0.41797297449590415
eid,0.8047,0,1,4,0.26731520799166214,0.07619618698954582,0.26731520799166214,0.10353902615606785,0.22671127080917358,2317.169404296875,5.626325473785401,1.1228225668240337,0.34731520799166216
eid,0.8047,0,1,5,0.2135714078458813,0.06053396731615066,0.2135714078458813,0.09231248863041401,0.21137918129563332,2578.018388671875,7.034831485748291,1.4035282085300422,0.31357140784588133
eid,0.8047,0,1,6,0.1792116465915626,0.05083808168768883,0.1792116465915626,0.11535656649619341,0.1875802083313465,2787.96806640625,8.44417812347412,1.6842338502360505,0.29921164659156263
eid,0.8047,0,1,7,0.15526106707152118,0.043857043236494066,0.15526106707152118,0.08262555222958326,0.17595640659332276,2937.094892578125,9.853308181762696,1.964939491942059,0.2952610670715212
eid,0.8047,0,1,8,0.13248356466867553,0.037313529923558235,0.13248356466867553,0.08346552263945341,0.1628965802490711,3087.905390625,11.262461433410644,2.2456451336480674,0.29248356466867553
eid,0.8047,0,1,9,0.12230278367681124,0.03452265188097954,0.12230278367681124,0.05981876395642757,0.15362507104873657,3191.782734375,12.670756912231445,2.526350775354076,0.30230278367681124
eid,0.8047,0,1,10,0.11274066918529004,0.03174306496977806,0.11274066918529004,0.09328607784584164,0.14610477291047574,3287.868662109375,14.080110130310059,2.8070564170600845,0.31274066918529003
eid,0.8047,0,1,11,0.1047232834221148,0.029448709264397622,0.1047232834221148,0.04661861404776573,0.14324379689991473,3356.74041015625,15.490170402526855,3.0877620587660926,0.3247232834221148
eid,0.8047,0,1,12,0.09583551888676409,0.027029512710869313,0.09583551888676409,0.07258911143988371,0.1400398801267147,3449.354873046875,16.898814849853515,3.368467700472101,0.3358355188867641
mass,0.29,0,0,1,0.627575694660018,0.17572379648685454,0.627575694660018,0.2084840640425682,0.28075790882110596,1097.49146484375,1.4098540258407593,0.27908693324153616,0.647575694660018
mass,0.29,0,0,2,0.4733428041768549,0.13268581479787828,0.4733428041768549,0.1628687171638012,0.2726325112581253,1562.412275390625,2.8145259857177733,0.5581738664830723,0.513342804176855
mass,0.29,0,0,3,0.3462226440771692,0.09705870658159256,0.3462226440771692,0.11251476265490055,0.268310903608799,1955.01142578125,4.2203028106689455,0.8372607997246085,0.4062226440771692
mass,0.29,0,0,4,0.2728656091191103,0.07671969838440418,0.2728656091191103,0.10860232129693032,0.24531806409358978,2275.553671875,5.630025215148926,1.1163477329661446,0.3528656091191103
mass,0.29,0,0,5,0.22090502148822153,0.06265171512961387,0.22090502148822153,0.08387247256934643,0.21845418572425843,2600.06125,7.038810539245605,1.3954346662076809,0.32090502148822153
mass,0.29,0,0,6,0.1795334541225747,0.05092145517468452,0.1795334541225747,0.07207141280174255,0.1958145220577717,2815.986396484375,8.448516845703125,1.674521599449217,0.2995334541225747
mass,0.29,0,0,7,0.15562345436287012,0.04435733325779438,0.15562345436287012,0.08498928207904101,0.1868382766842842,3002.763291015625,9.8569384765625,1.9536085326907533,0.29562345436287013
mass,0.29,0,0,8,0.13806700395690913,0.03934979647397995,0.13806700395690913,0.07848370093852282,0.16212429866194725,3137.083349609375,11.267458877563477,2.2326954659322893,0.2980670039569091
mass,0.29,0,0,9,0.11832040872845594,0.03343843549489975,0.11832040872845594,0.06597563222050667,0.14539485141634942,3291.92005859375,12.677100601196289,2.5117823991738257,0.29832040872845594
mass,0.29,0,0,10,0.10579826194523292,0.029760374426841735,0.10579826194523292,0.06324590306729078,0.1362090763449669,3394.694404296875,14.086277122497558,2.7908693324153617,0.30579826194523296
mass,0.29,0,0,11,0.0906434056696495,0.025411281809210776,0.0906434056696495,0.05537774786353111,0.11775400534272194,3531.65640625,15.496306877136231,3.0699562656568977,0.3106434056696495
mass,0.29,0,0,12,0.08284570389351263,0.02317192990332842,0.08284570389351263,0.0439315739274025,0.10737916998565197,3593.632109375,16.904885177612304,3.349043198898434,0.32284570389351264
ucb,5.7123,0,1,1,0.6774123094926897,0.18667216956615448,0.6774123094926897,0.22527129381895064,0.29410561561584475,1068.801865234375,1.4085367298126221,0.28770528098568315,0.6974123094926897
ucb,5.7123,0,1,2,0.5467437454085041,0.14888358980417252,0.5467437454085041,0.2060561576485634,0.2725355985760689,1855.923837890625,2.8208992671966553,0.5754105619713663,0.5867437454085042
ucb,5.7123,0,1,3,0.34634985735115237,0.09283255577087403,0.34634985735115237,0.09558025233447552,0.24738508343696594,2787.378740234375,4.232122135162354,0.8631158429570496,0.40634985735115237
ucb,5.7123,0,1,4,0.2733478881100781,0.07379624590277672,0.2733478881100781,0.08801043055951595,0.20945140093564987,3176.57490234375,5.641085166931152,1.1508211239427326,0.3533478881100781
ucb,5.7123,0,1,5,0.22086942109362517,0.0595627997815609,0.22086942109362517,0.08251950092613697,0.1799318017065525,3429.49818359375,7.051678161621094,1.438526404928416,0.32086942109362515
ucb,5.7123,0,1,6,0.1869394494875158,0.050851149559020994,0.1869394494875158,0.07703967563807965,0.15553783915936947,3581.5784765625,8.45955249786377,1.7262316859140991,0.30693944948751584
ucb,5.7123,0,1,7,0.15636594934926876,0.04273634746670723,0.15636594934926876,0.07906010132282973,0.13461054362356661,3695.030048828125,9.869054374694825,2.0139369668997826,0.29636594934926874
ucb,5.7123,0,1,8,0.13731645129037834,0.037640126794576644,0.13731645129037834,0.06753015965223312,0.11212122827768325,3778.56794921875,11.279422225952148,2.3016422478854652,0.2973164512903783
ucb,5.7123,0,1,9,0.1202001742359214,0.032885405048727986,0.1202001742359214,0.06583934895694256,0.10206744663417339,3826.9854296875,12.68899040222168,2.5893475288711487,0.3002001742359214
ucb,5.7123,0,1,10,0.10894366227100509,0.0297941043227911,0.10894366227100509,0.05165677011013031,0.09191842526197433,3850.6506640625,14.099617729187012,2.877052809856832,0.3089436622710051
ucb,5.7123,0,1,11,0.10148876042333604,0.02778307057917118,0.10148876042333604,0.0665541135519743,0.08127468019723892,3879.64462890625,15.507918510437012,3.164758090842515,0.3214887604233361
ucb,5.7123,0,1,12,0.0929647671030618,0.025350886583328246,0.0929647671030618,0.07116808392107486,0.07539953954517842,3900.717333984375,16.91791358947754,3.4524633718281983,0.3329647671030618
eid,0.15,0,1,1,0.6774123094926897,0.18667216956615448,0.6774123094926897,0.21721645921468735,0.29410561561584475,1068.801865234375,1.4085367298126221,0.28013747115929916,0.6974123094926897
eid,0.15,0,1,2,0.45946857098953,0.12855441480875016,0.45946857098953,0.1598278111219406,0.2780126529932022,1603.877958984375,2.813619623184204,0.5602749423185983,0.49946857098952996
eid,0.15,0,1,3,0.3501112432594201,0.09897843182086945,0.3501112432594201,0.11867725916206837,0.25516930788755415,2001.90119140625,4.218183403015137,0.8404124134778975,0.4101112432594201
eid,0.15,0,1,4,0.2716100720240879,0.07708935156464576,0.2716100720240879,0.10188287250697613,0.2469855308532715,2281.1287109375,5.624239292144775,1.1205498846371966,0.3516100720240879
eid,0.15,0,1,5,0.2328894446507129,0.06672128200531006,0.2328894446507129,0.09234698161482811,0.22462586015462876,2474.144189453125,7.03186674118042,1.4006873557964958,0.3328894446507129
eid,0.15,0,1,6,0.1840543863553482,0.05310268796980381,0.1840543863553482,0.09915739230811596,0.2017303693294525,2660.63712890625,8.439524154663086,1.680824826955795,0.3040543863553482
eid,0.15,0,1,7,0.15663834883619732,0.045477359294891356,0.15663834883619732,0.06889649266377092,0.20027722269296647,2839.18927734375,9.848966255187989,1.9609622981150943,0.29663834883619733
eid,0.15,0,1,8,0.13848611065064773,0.04043104611337185,0.13848611065064773,0.05930967047810554,0.17850649386644363,2956.29828125,11.257462615966796,2.2410997692743932,0.29848611065064773
eid,0.15,0,1,9,0.12735963867277217,0.037178485095500945,0.12735963867277217,0.05971887703984976,0.16585137739777564,3058.4437109375,12.666648597717286,2.5212372404336927,0.30735963867277216
eid,0.15,0,1,10,0.11831008497413657,0.034596665352582934,0.11831008497413657,0.07841615490615368,0.15639074206352233,3138.32392578125,14.074080238342285,2.8013747115929917,0.3183100849741366
eid,0.15,0,1,11,0.10767644676828489,0.03146395556628704,0.10767644676828489,0.048295619394630195,0.14137446351349353,3237.32150390625,15.482769737243652,3.0815121827522907,0.3276764467682849
eid,0.15,0,1,12,0.10145978625809535,0.02964755143970251,0.10145978625809535,0.06277097318321466,0.1371692617237568,3287.612861328125,16.89063415527344,3.36164965391159,0.34145978625809537
niveau,0.0787,0,0,1,0.627575694660018,0.17572379648685454,0.627575694660018,0.19877572625875473,0.28075790882110596,1097.49146484375,1.4098540258407593,0.2741285871892857,0.647575694660018
niveau,0.0787,0,0,2,0.4757288744076154,0.13284903675317764,0.4757288744076154,0.17731473088264466,0.2602324038743973,1688.68623046875,2.8213495635986328,0.5482571743785714,0.5157288744076154
niveau,0.0787,0,0,3,0.3539227126053536,0.1000236877799034,0.3539227126053536,0.11731596156954766,0.245836381316185,2184.553447265625,4.231342735290528,0.8223857615678571,0.41392271260535357
niveau,0.0787,0,0,4,0.25260542814123504,0.0701961649954319,0.25260542814123504,0.09314843565225601,0.22776115134358407,2749.214912109375,5.641237277984619,1.0965143487571427,0.33260542814123506
niveau,0.0787,0,0,5,0.21151280763002547,0.058120967894792555,0.21151280763002547,0.07621660925447941,0.19593115732073785,3158.266064453125,7.051858310699463,1.3706429359464287,0.3115128076300255
niveau,0.0787,0,0,6,0.18733517445935732,0.0515829411149025,0.18733517445935732,0.07980173736810685,0.17460284531116485,3435.443134765625,8.462227821350098,1.6447715231357143,0.3073351744593573
niveau,0.0787,0,0,7,0.1566466709170319,0.04309646226465702,0.1566466709170319,0.06412576407194137,0.13752804525196552,3611.1587890625,9.87132827758789,1.918900110325,0.2966466709170319
niveau,0.0787,0,0,8,0.1368271372605967,0.03759385660290718,0.1368271372605967,0.058890564627945424,0.11975694060325623,3713.87888671875,11.282329483032226,2.1930286975142854,0.29682713726059673
niveau,0.0787,0,0,9,0.12170288195936431,0.0333086434006691,0.12170288195936431,0.05722089041024447,0.10699327550828457,3772.27037109375,12.692783241271973,2.467157284703571,0.3017028819593643
niveau,0.0787,0,0,10,0.11343375804044903,0.03113609552383423,0.11343375804044903,0.062461563292890786,0.10054661057889462,3803.58974609375,14.103289833068848,2.7412858718928574,0.31343375804044904
niveau,0.0787,0,0,11,0.10549478272756245,0.02899316608905792,0.10549478272756245,0.0647200202010572,0.09481216311454772,3831.272685546875,15.512178115844726,3.015414459082143,0.32549478272756244
niveau,0.0787,0,0,12,0.09495066653613088,0.026214044764637946,0.09495066653613088,0.056380583569407464,0.0832888139039278,3867.74478515625,16.922914581298826,3.2895430462714286,0.33495066653613087
mass,0.11,0,0,1,0.627575694660018,0.17572379648685454,0.627575694660018,0.18563754439353944,0.28075790882110596,1097.49146484375,1.4098540258407593,0.2809246902819722,0.647575694660018
mass,0.11,0,0,2,0.4797287194627656,0.13425684660673143,0.4797287194627656,0.1654447716474533,0.26222493886947634,1527.10755859375,2.8114822578430174,0.5618493805639444,0.5197287194627656
mass,0.11,0,0,3,0.35889741265408176,0.10149015784263611,0.35889741265408176,0.12683185175061226,0.25881819739937784,1897.466328125,4.21585521697998,0.8427740708459167,0.41889741265408176
mass,0.11,0,0,4,0.2838152378647609,0.08018432646989822,0.2838152378647609,0.10635327436029911,0.23648223549127578,2179.622314453125,5.621148338317871,1.1236987611278888,0.36381523786476094
mass,0.11,0,0,5,0.23761220059313573,0.06734357878565789,0.23761220059313573,0.08915859580039978,0.2319916880130768,2431.50681640625,7.0301289367675786,1.4046234514098612,0.33761220059313574
mass,0.11,0,0,6,0.20282000774713432,0.05742489606142044,0.20282000774713432,0.07667525373399257,0.21509362310171126,2641.44458984375,8.438611564636231,1.6855481416918334,0.3228200077471343
mass,0.11,0,0,7,0.1617088321964596,0.045618679523468014,0.1617088321964596,0.06584376726299525,0.19188715562224387,2898.48072265625,9.846203651428223,1.9664728319738058,0.3017088321964596
mass,0.11,0,0,8,0.1367186262685488,0.03889407880604267,0.1367186262685488,0.05562629573047161,0.17687271401286125,3068.555888671875,11.254660911560059,2.2473975222557776,0.29671862626854884
mass,0.11,0,0,9,0.12241746340533968,0.034815516397356985,0.12241746340533968,0.06934761572629214,0.15804064646363258,3181.196708984375,12.663164978027345,2.5283222125377502,0.3024174634053397
mass,0.11,0,0,10,0.11097603243188088,0.03160457018762827,0.11097603243188088,0.05520361453294754,0.1383875799179077,3276.627353515625,14.071401634216308,2.8092469028197224,0.3109760324318809
mass,0.11,0,0,11,0.10062385195428215,0.028612613007426263,0.10062385195428215,0.054109986089169976,0.12728421702980997,3362.95916015625,15.480148811340332,3.0901715931016946,0.32062385195428217
mass,0.11,0,0,12,0.0902634474282876,0.025583198554813863,0.0902634474282876,0.0540728372707963,0.1214708885550499,3448.228525390625,16.889100875854492,3.371096283383667,0.3302634474282876
eid,0.1985,0,0,1,0.627575694660018,0.17572379648685454,0.627575694660018,0.18766505450010298,0.28075790882110596,1097.49146484375,1.4098540258407593,0.2777836345446606,0.647575694660018
eid,0.1985,0,0,2,0.5001441129642863,0.13960860028862954,0.5001441129642863,0.17323536410927773,0.27465742141008376,1486.392939453125,2.8141912841796874,0.5555672690893212,0.5401441129642863
eid,0.1985,0,0,3,0.3501368494927133,0.0985768224298954,0.3501368494927133,0.11242456793785095,0.26783673226833343,1899.29208984375,4.218862438201905,0.8333509036339818,0.4101368494927133
eid,0.1985,0,0,4,0.27353581629405865,0.07777698911726474,0.27353581629405865,0.09012668371200562,0.259372341632843,2187.43236328125,5.625297679901123,1.1111345381786424,0.35353581629405867
eid,0.1985,0,0,5,0.22105705545455068,0.062283762767910957,0.22105705545455068,0.08999990209937096,0.22495401099324228,2422.14669921875,7.032517967224121,1.388918172723303,0.32105705545455065
eid,0.1985,0,0,6,0.1871511454854499,0.05269677847623825,0.1871511454854499,0.08591514237225056,0.20206026270985603,2687.013671875,8.441174049377441,1.6667018072679636,0.30715114548544986
eid,0.1985,0,0,7,0.15699220154452037,0.04462271362543106,0.15699220154452037,0.06012843951582909,0.18793737679719924,2866.619833984375,9.847215194702148,1.9444854418126243,0.2969922015445204
eid,0.1985,0,0,8,0.14165282843828764,0.040506900921463966,0.14165282843828764,0.07212242469191552,0.17397998563945294,2990.467099609375,11.255209503173829,2.2222690763572848,0.30165282843828767
eid,0.1985,0,0,9,0.12447521618460286,0.03573675375431776,0.12447521618460286,0.0754842552356422,0.16910317964851856,3101.328154296875,12.664080505371095,2.5000527109019455,0.3044752161846028
eid,0.1985,0,0,10,0.10662185465620616,0.030587616711854934,0.10662185465620616,0.061642275527119636,0.1568082305788994,3202.012607421875,14.07285430908203,2.777836345446606,0.30662185465620617
eid,0.1985,0,0,11,0.10003411113100548,0.02876628767699003,0.10003411113100548,0.05834653053432703,0.15093721859157086,3274.96701171875,15.482438087463379,3.0556199799912664,0.3200341111310055
eid,0.1985,0,0,12,0.09416804665573013,0.027115065380930902,0.09416804665573013,0.06474953304976225,0.13706023439764978,3342.255244140625,16.89133674621582,3.333403614535927,0.33416804665573013
mass,0.35,0,1,1,0.6774123094926897,0.18667216956615448,0.6774123094926897,0.2341712722182274,0.29410561561584475,1068.801865234375,1.4085367298126221,0.2778137065928119,0.6974123094926897
mass,0.35,0,1,2,0.4850390388102064,0.13484613507986068,0.4850390388102064,0.16181097351014614,0.27043092519044876,1661.445927734375,2.815111560821533,0.5556274131856238,0.5250390388102064
mass,0.35,0,1,3,0.3434181166101148,0.09618320062756539,0.3434181166101148,0.1195854452252388,0.2412996330857277,2093.419736328125,4.223120307922363,0.8334411197784357,0.4034181166101148
mass,0.35,0,1,4,0.2661884905668832,0.07487698048353195,0.2661884905668832,0.09825804159045219,0.22141954600811004,2431.201513671875,5.632451858520508,1.1112548263712476,0.3461884905668832
mass,0.35,0,1,5,0.21850126861473837,0.06268876031041146,0.21850126861473837,0.09191374376416206,0.2028272804617882,2705.407578125,7.04135139465332,1.3890685329640595,0.3185012686147384
mass,0.35,0,1,6,0.18472385480576584,0.053057841286063195,0.18472385480576584,0.09008310623466968,0.20529551923274994,2947.391708984375,8.451687927246093,1.6668822395568714,0.3047238548057658
mass,0.35,0,1,7,0.15726540231498798,0.0451069264113903,0.15726540231498798,0.08981126047670841,0.17673396095633506,3134.559140625,9.86258960723877,1.9446959461496836,0.297265402314988
mass,0.35,0,1,8,0.1374387888170176,0.039421276673674586,0.1374387888170176,0.061043005511164664,0.15668347515165806,3280.99091796875,11.272998275756835,2.2225096527424952,0.2974387888170176
mass,0.35,0,1,9,0.11944276481865462,0.03399696566164494,0.11944276481865462,0.07507433645427226,0.14199476405978204,3388.96822265625,12.682973823547364,2.500323359335307,0.2994427648186546
mass,0.35,0,1,10,0.10028577424705983,0.028517784960567952,0.10028577424705983,0.060486175641417506,0.11019369281828403,3560.57619140625,14.09204574584961,2.778137065928119,0.3002857742470598
mass,0.35,0,1,11,0.09273889544168182,0.026329032592475415,0.09273889544168182,0.05096167273819446,0.10566756449639797,3639.911865234375,15.502553253173827,3.055950772520931,0.3127388954416818
mass,0.35,0,1,12,0.08419307579945597,0.023882313966751098,0.08419307579945597,0.04934280913323164,0.0960671865940094,3693.79216796875,16.91262619018555,3.333764479113743,0.32419307579945594
mass,0.95,0,1,1,0.6774123094926897,0.18667216956615448,0.6774123094926897,0.2236395388841629,0.29410561561584475,1068.801865234375,1.4085367298126221,0.2833644276694395,0.6974123094926897
mass,0.95,0,1,2,0.5478622680072931,0.14961933314800263,0.5478622680072931,0.20553676083683967,0.2713924741744995,1819.616923828125,2.820753602981567,0.566728855338879,0.5878622680072931
mass,0.95,0,1,3,0.3314830170687302,0.08923943728208542,0.3314830170687302,0.09903981685638427,0.24035513430833816,2730.707919921875,4.232031593322754,0.8500932830083184,0.3914830170687302
mass,0.95,0,1,4,0.25821366887776664,0.06996273681521416,0.25821366887776664,0.07458859331905841,0.20368175506591796,3150.8687109375,5.639948463439941,1.133457710677758,0.33821366887776666
mass,0.95,0,1,5,0.21576289703526622,0.0582166850566864,0.21576289703526622,0.08127241969108581,0.1656105935573578,3422.81921875,7.050166873931885,1.4168221383471975,0.3157628970352662
mass,0.95,0,1,6,0.17855590964598964,0.048594488501548766,0.17855590964598964,0.07495287038385869,0.1385733849555254,3603.466611328125,8.460756034851075,1.7001865660166369,0.29855590964598966
mass,0.95,0,1,7,0.15768114747491965,0.04282912328839302,0.15768114747491965,0.06573846824467182,0.12163440823554993,3726.372412109375,9.870811920166016,1.9835509936860765,0.2976811474749197
mass,0.95,0,1,8,0.14162576347684458,0.03837203174829483,0.14162576347684458,0.07362653616815805,0.1122881979495287,3793.354580078125,11.280379180908204,2.266915421355516,0.30162576347684456
mass,0.95,0,1,9,0.12636391395451846,0.03414817668497563,0.12636391395451846,0.05713450461626053,0.10043115235865116,3844.02029296875,12.689287986755371,2.5502798490249554,0.30636391395451845
mass,0.95,0,1,10,0.11839746965974346,0.031865913048386575,0.11839746965974346,0.07027837112545968,0.0948588114976883,3872.802880859375,14.098613014221192,2.833644276694395,0.31839746965974347
mass,0.95,0,1,11,0.10940263711425832,0.029462760910391808,0.10940263711425832,0.06538236796855927,0.08847462847828864,3895.445205078125,15.508759689331054,3.117008704363834,0.3294026371142583
mass,0.95,0,1,12,0.10108466867274805,0.02727147251367569,0.10108466867274805,0.06296788699924946,0.08061889227479696,3912.736640625,16.918058471679686,3.4003731320332737,0.34108466867274806
mass,0.23,0,1,1,0.6774123094926897,0.18667216956615448,0.6774123094926897,0.22207324489951133,0.29410561561584475,1068.801865234375,1.4085367298126221,0.27557921913297223,0.6974123094926897
mass,0.23,0,1,2,0.4851473301382479,0.13446765124797821,0.4851473301382479,0.15744485527276994,0.2696599197387695,1696.89513671875,2.8142505836486817,0.5511584382659445,0.5251473301382479
mass,0.23,0,1,3,0.3646964889607782,0.10233925446867943,0.3646964889607782,0.11454930633306504,0.23662371456623077,2113.603623046875,4.222856159210205,0.8267376573989168,0.4246964889607782
mass,0.23,0,1,4,0.28883730327557483,0.08102023273706437,0.28883730327557483,0.0960952477157116,0.2260609656572342,2435.483876953125,5.630068416595459,1.102316876531889,0.36883730327557485
mass,0.23,0,1,5,0.23118771763191673,0.06515512950718402,0.23118771763191673,0.08649738386273384,0.21598252832889556,2671.688251953125,7.03853271484375,1.3778960956648614,0.33118771763191673
mass,0.23,0,1,6,0.1896245038037074,0.05368076682090759,0.1896245038037074,0.07845817491412163,0.1973824454843998,2870.34990234375,8.44811695098877,1.6534753147978336,0.30962450380370743
mass,0.23,0,1,7,0.15824011200477953,0.045193598195910456,0.15824011200477953,0.0645717789232731,0.17545820489525796,3062.88619140625,9.857081871032715,1.929054533930806,0.2982401120047795
mass,0.23,0,1,8,0.1393985808742407,0.0397324250638485,0.1393985808742407,0.06912183035165072,0.16587364345788955,3184.86251953125,11.266665382385254,2.204633753063778,0.2993985808742407
mass,0.23,0,1,9,0.122041898454743,0.03477770935744047,0.122041898454743,0.055525397323071955,0.15101970486342908,3281.857744140625,12.675886497497558,2.4802129721967505,0.302041898454743
mass,0.23,0,1,10,0.11322594006410885,0.032269669137895106,0.11322594006410885,0.05824801579117775,0.14302983395755292,3371.323525390625,14.085685729980469,2.7557921913297228,0.31322594006410887
mass,0.23,0,1,11,0.10502990197200796,0.029933361150324345,0.10502990197200796,0.062054728269577024,0.1358800945430994,3446.1725,15.495314712524413,3.031371410462695,0.325029901972008
mass,0.23,0,1,12,0.09650854998573881,0.027328169122338295,0.09650854998573881,0.054368945732712746,0.12869500376284124,3522.82970703125,16.90516128540039,3.306950629595667,0.3365085499857388
eid,0.6082,0,1,1,0.6774123094926897,0.18667216956615448,0.6774123094926897,0.22527129381895064,0.29410561561584475,1068.801865234375,1.4085367298126221,0.2830691653342607,0.6974123094926897
eid,0.6082,0,1,2,0.4588363120055164,0.12786231130361558,0.4588363120055164,0.16834168761968613,0.2805617541074753,1600.05322265625,2.813341703414917,0.5661383306685214,0.49883631200551637
eid,0.6082,0,1,3,0.34319771617475725,0.09613152116537094,0.34319771617475725,0.12090487167239189,0.2621984878182411,2037.556396484375,4.219048938751221,0.8492074960027821,0.40319771617475725
eid,0.6082,0,1,4,0.2892953675446741,0.0817784009873867,0.2892953675446741,0.12095036320388317,0.24376128554344179,2253.5403515625,5.626039123535156,1.1322766613370427,0.3692953675446741
eid,0.6082,0,1,5,0.23720972821738748,0.06782787129282951,0.23720972821738748,0.08448743090033531,0.2352147662639618,2475.667353515625,7.03358829498291,1.4153458266713035,0.3372097282173875
eid,0.6082,0,1,6,0.1955968544686076,0.05632996179163456,0.1955968544686076,0.09484162531793118,0.2066610999405384,2676.25568359375,8.440043411254884,1.6984149920055642,0.31559685446860763
eid,0.6082,0,1,7,0.1680730970262304,0.04812284342944622,0.1680730970262304,0.07259357891976834,0.19424360111355782,2834.037939453125,9.848476448059081,1.981484157339825,0.3080730970262304
eid,0.6082,0,1,8,0.13829216740827113,0.03941540762782097,0.13829216740827113,0.06643852725625038,0.18258678913116455,3007.947314453125,11.257567558288574,2.2645533226740855,0.29829216740827114
eid,0.6082,0,1,9,0.12468482345585016,0.03564776785671711,0.12468482345585016,0.07140495330095291,0.1715505427122116,3136.376630859375,12.667673950195313,2.5476224880083462,0.30468482345585013
eid,0.6082,0,1,10,0.11640393758180714,0.03328851349651814,0.11640393758180714,0.06690078362822532,0.1627488149702549,3240.02328125,14.076386756896973,2.830691653342607,0.3164039375818072
eid,0.6082,0,1,11,0.10946636188261578,0.03124641478061676,0.10946636188261578,0.09580614611506462,0.15177781760692596,3317.995751953125,15.486702995300293,3.1137608186768677,0.3294663618826158
eid,0.6082,0,1,12,0.09899248056591738,0.028195309080183507,0.09899248056591738,0.0642425623908639,0.1448442842066288,3401.090244140625,16.897309494018554,3.3968299840111285,0.33899248056591735
mass,0.17,0,1,1,0.6774123094926897,0.18667216956615448,0.6774123094926897,0.22825034752488135,0.29410561561584475,1068.801865234375,1.4085367298126221,0.27418901638438303,0.6974123094926897
mass,0.17,0,1,2,0.4895323001589491,0.13613756403326988,0.4895323001589491,0.16685813337564467,0.2798285859823227,1673.555810546875,2.813680076599121,0.5483780327687661,0.5295323001589491
mass,0.17,0,1,3,0.37015059468740874,0.10506860062479972,0.37015059468740874,0.12886847712099553,0.278791036605835,2047.039892578125,4.219751815795899,0.8225670491531492,0.43015059468740874
mass,0.17,0,1,4,0.2796332043144216,0.08071249589323998,0.2796332043144216,0.11096512258052826,0.24560503423213959,2413.474833984375,5.6281779098510745,1.0967560655375321,0.35963320431442164
mass,0.17,0,1,5,0.2385077625515149,0.06927630841732026,0.2385077625515149,0.10643906809389592,0.22299743622541426,2631.474794921875,7.034746665954589,1.3709450819219153,0.33850776255151493
mass,0.17,0,1,6,0.20028620818271226,0.05815163254737854,0.20028620818271226,0.09101971201598644,0.2015979641675949,2846.552724609375,8.444553909301758,1.6451340983062983,0.32028620818271225
mass,0.17,0,1,7,0.16665585738264319,0.048487191647291185,0.16665585738264319,0.08001646354794502,0.17311558544635772,3031.240673828125,9.852916107177734,1.9193231146906815,0.3066558573826432
mass,0.17,0,1,8,0.13910118315267747,0.04034623727202415,0.13910118315267747,0.06788085496053099,0.1554223020374775,3158.92333984375,11.262619094848633,2.1935121310750643,0.2991011831526775
mass,0.17,0,1,9,0.12421919198316282,0.03587066262960434,0.12421919198316282,0.06832240149378777,0.14761957556009292,3278.75533203125,12.672482757568359,2.4677011474594472,0.30421919198316283
mass,0.17,0,1,10,0.1088590982459007,0.031219957880675792,0.1088590982459007,0.09118972532451153,0.1361255569756031,3386.446748046875,14.082415733337402,2.7418901638438307,0.30885909824590074
mass,0.17,0,1,11,0.10057480885471548,0.028756906241178513,0.10057480885471548,0.05650075513869524,0.124683156311512,3456.94822265625,15.49139621734619,3.0160791802282136,0.32057480885471545
mass,0.17,0,1,12,0.09212985935481922,0.026275831460952758,0.09212985935481922,0.048927184119820596,0.11689676895737648,3523.026591796875,16.90141632080078,3.2902681966125966,0.3321298593548192
mass,0.05,0,0,1,0.627575694660018,0.17572379648685454,0.627575694660018,0.19877572625875473,0.28075790882110596,1097.49146484375,1.4098540258407593,0.28076938643896326,0.647575694660018
mass,0.05,0,0,2,0.48722166044438936,0.136367859095335,0.48722166044438936,0.16359545178711415,0.27365858495235446,1510.676875,2.8113573360443116,0.5615387728779265,0.5272216604443893
mass,0.05,0,0,3,0.34735819311010624,0.09838014528155327,0.34735819311010624,0.1164754232764244,0.2626663964986801,1887.9160546875,4.214933738708496,0.8423081593168898,0.40735819311010624
mass,0.05,0,0,4,0.26652738944292687,0.07633203372359276,0.26652738944292687,0.11110117234289646,0.25605527192354205,2167.70076171875,5.6206685829162595,1.123077545755853,0.3465273894429269
mass,0.05,0,0,5,0.21947313695384033,0.06348335698246955,0.21947313695384033,0.09422990869730712,0.23306006759405137,2421.0776171875,7.025057544708252,1.4038469321948164,0.31947313695384033
mass,0.05,0,0,6,0.1890023243553041,0.05495443277060986,0.1890023243553041,0.07008708149194717,0.20959198340773583,2601.25904296875,8.431271476745605,1.6846163186337797,0.30900232435530406
mass,0.05,0,0,7,0.16007413481169852,0.046501359716057775,0.16007413481169852,0.08020955428481102,0.19635792821645737,2752.568310546875,9.840332221984863,1.965385705072743,0.30007413481169853
mass,0.05,0,0,8,0.14213759354596062,0.041163207292556764,0.14213759354596062,0.06852097943425178,0.17985813692212105,2905.235546875,11.249335899353028,2.246155091511706,0.3021375935459606
mass,0.05,0,0,9,0.12838065627862139,0.03702381618320942,0.12838065627862139,0.06760241609066725,0.17873116284608842,3007.155625,12.657029647827148,2.5269244779506694,0.3083806562786214
mass,0.05,0,0,10,0.1157887150157353,0.033345525227487086,0.1157887150157353,0.07805086068809032,0.17101510748267174,3128.3015234375,14.066035118103027,2.8076938643896328,0.3157887150157353
mass,0.05,0,0,11,0.10379981548365619,0.030049826428294183,0.10379981548365619,0.07038194615393877,0.15667753353714942,3197.6978125,15.475808029174805,3.088463250828596,0.3237998154836562
mass,0.05,0,0,12,0.09719118871795843,0.02810439046472311,0.09719118871795843,0.05048914542421699,0.14860688522458076,3256.8226953125,16.88398124694824,3.3692326372675594,0.3371911887179584
eid,0.2626,0,1,1,0.6774123094926897,0.18667216956615448,0.6774123094926897,0.2253752300143242,0.29410561561584475,1068.801865234375,1.4085367298126221,0.28411093665597337,0.6974123094926897
eid,0.2626,0,1,2,0.4586541121775316,0.12858183473348617,0.4586541121775316,0.1693441601097584,0.28669044226408,1601.907705078125,2.812547178268433,0.5682218733119467,0.4986541121775316
eid,0.2626,0,1,3,0.34857234393426445,0.0986059758067131,0.34857234393426445,0.11881668701767921,0.2575022551417351,2004.230673828125,4.21820499420166,0.8523328099679202,0.40857234393426445
eid,0.2626,0,1,4,0.2806281450939096,0.07986601784825326,0.2806281450939096,0.10487016800791026,0.23470714598894118,2274.060107421875,5.625582027435303,1.1364437466238935,0.3606281450939096
eid,0.2626,0,1,5,0.24693765648937943,0.07066835507750512,0.24693765648937943,0.09513542607426644,0.22410337030887603,2436.76244140625,7.0327180480957034,1.420554683279867,0.34693765648937946
eid,0.2626,0,1,6,0.20238405184151187,0.05896003603935242,0.20238405184151187,0.10772982075810432,0.20175673425197602,2631.007119140625,8.440994415283203,1.7046656199358403,0.32238405184151186
eid,0.2626,0,1,7,0.17606822168571515,0.05143324434757233,0.17606822168571515,0.0725047312490642,0.1915808856487274,2780.94263671875,9.848145027160644,1.9887765565918138,0.31606822168571513
eid,0.2626,0,1,8,0.14306605443820172,0.04156192071735859,0.14306605443820172,0.08429124750196934,0.16368613690137862,2956.7613671875,11.258034858703613,2.272887493247787,0.3030660544382017
eid,0.2626,0,1,9,0.12337058191130915,0.035802082791924476,0.12337058191130915,0.06894395552575588,0.15502650618553163,3083.118447265625,12.668382606506349,2.5569984299037607,0.30337058191130917
eid,0.2626,0,1,10,0.1128268361266076,0.032664757966995236,0.1128268361266076,0.07341014623641967,0.14338454842567444,3174.2615625,14.077971649169921,2.841109366559734,0.3128268361266076
eid,0.2626,0,1,11,0.10453453506210464,0.030287392809987067,0.10453453506210464,0.06110029056668281,0.1313486771285534,3242.611611328125,15.486715850830079,3.1252203032157073,0.3245345350621046
eid,0.2626,0,1,12,0.09809902432666551,0.028419902175664903,0.09809902432666551,0.06522933267056942,0.12846920758485794,3306.4364453125,16.894535751342772,3.4093312398716806,0.3380990243266655
mass,0.17,0,0,1,0.627575694660018,0.17572379648685454,0.627575694660018,0.20234169095754623,0.28075790882110596,1097.49146484375,1.4098540258407593,0.2806975729996339,0.647575694660018
mass,0.17,0,0,2,0.4805158993217309,0.13437380611896516,0.4805158993217309,0.17867103695869446,0.2617617437243462,1546.3878515625,2.8137528038024904,0.5613951459992678,0.5205158993217309
mass,0.17,0,0,3,0.36610058982833543,0.10283376052975654,0.36610058982833543,0.13345620557665824,0.2527508327364922,1934.5221484375,4.220439739227295,0.8420927189989017,0.42610058982833543
mass,0.17,0,0,4,0.2847474024133807,0.08029540099203586,0.2847474024133807,0.11453218333423137,0.23364730849862098,2245.97029296875,5.626863212585449,1.1227902919985355,0.3647474024133807
mass,0.17,0,0,5,0.23095489975458305,0.0657783229649067,0.23095489975458305,0.08489946685731412,0.21461283549666405,2554.525673828125,7.033050422668457,1.4034878649981695,0.33095489975458303
mass,0.17,0,0,6,0.19205196879376632,0.054748920649290087,0.19205196879376632,0.07270344756543637,0.18624510541558265,2843.719306640625,8.440072822570801,1.6841854379978034,0.3120519687937663
mass,0.17,0,0,7,0.16746701076436335,0.04748673550784588,0.16746701076436335,0.07001087177544832,0.1748461414128542,3008.7833984375,9.849272232055664,1.9648830109974373,0.30746701076436334
mass,0.17,0,0,8,0.14478385887303769,0.04090789921581745,0.14478385887303769,0.06996376689523459,0.16469794675707816,3135.2391015625,11.258532180786133,2.245580583997071,0.3047838588730377
mass,0.17,0,0,9,0.13454537650114928,0.038134949058294294,0.13454537650114928,0.054665084779262546,0.1528462889790535,3234.47072265625,12.666676559448241,2.526278156996705,0.3145453765011493
mass,0.17,0,0,10,0.12683029787037575,0.03591245263814926,0.12683029787037575,0.05505579732358456,0.15271577298641204,3278.999658203125,14.075795516967773,2.806975729996339,0.32683029787037576
mass,0.17,0,0,11,0.10914600714477826,0.030914085395634176,0.10914600714477826,0.07202690212056041,0.1301551815122366,3396.763486328125,15.484941177368164,3.087673302995973,0.32914600714477826
mass,0.17,0,0,12,0.09502400581374974,0.02684212479740381,0.09502400581374974,0.061874526664614675,0.12027162492275238,3498.9846875,16.894428100585937,3.368370875995607,0.33502400581374975
eid,1.4088,0,0,1,0.627575694660018,0.17572379648685454,0.627575694660018,0.19877572625875473,0.28075790882110596,1097.49146484375,1.4098540258407593,0.2827198363165371,0.647575694660018
eid,1.4088,0,0,2,0.4729761841290144,0.13458907335996628,0.4729761841290144,0.1611255192756653,0.2744412684440613,1529.58173828125,2.8168872737884523,0.5654396726330742,0.5129761841290144
eid,1.4088,0,0,3,0.3612821576976297,0.10305343613028527,0.3612821576976297,0.13105543173849582,0.26494072765111926,1900.29078125,4.223405857086181,0.8481595089496113,0.4212821576976297
eid,1.4088,0,0,4,0.3110429075022113,0.0894402553141117,0.3110429075022113,0.11607699438929558,0.2459458526968956,2143.578408203125,5.630736503601074,1.1308793452661483,0.3910429075022113
eid,1.4088,0,0,5,0.22813189971973,0.06525234803557396,0.22813189971973,0.0913733834773302,0.22364577889442444,2466.9508203125,7.037337875366211,1.4135991815826856,0.32813189971973
eid,1.4088,0,0,6,0.1924396202364192,0.054695683270692824,0.1924396202364192,0.08890424370765686,0.20121014907956122,2706.7155078125,8.444825859069825,1.6963190178992227,0.3124396202364192
eid,1.4088,0,0,7,0.16750626589441311,0.047564738392829896,0.16750626589441311,0.08207972764968872,0.1819721433520317,2866.5298828125,9.853057136535645,1.97903885421576,0.3075062658944131
eid,1.4088,0,0,8,0.14519788634745506,0.0413615033403039,0.14519788634745506,0.0823038155771792,0.1633952721953392,3026.812802734375,11.262160568237304,2.2617586905322966,0.30519788634745504
eid,1.4088,0,0,9,0.126957584288861,0.03573772888630629,0.126957584288861,0.06773299753665923,0.1545230355858803,3147.18091796875,12.670528755187988,2.544478526848834,0.306957584288861
eid,1.4088,0,0,10,0.10643818428535544,0.029669254384934902,0.10643818428535544,0.07123379945755005,0.14382859773933887,3272.38720703125,14.080190315246583,2.827198363165371,0.30643818428535546
eid,1.4088,0,0,11,0.09448076896964298,0.026438935995101928,0.09448076896964298,0.06885824792087078,0.12856178849935532,3376.72380859375,15.487891731262208,3.1099181994819083,0.314480768969643
eid,1.4088,0,0,12,0.08383893421211981,0.023511170148849486,0.08383893421211981,0.0657025396078825,0.1162970357388258,3480.378134765625,16.89718650817871,3.3926380357984454,0.3238389342121198
eid,0.1985,0,1,1,0.6774123094926897,0.18667216956615448,0.6774123094926897,0.2275549954175949,0.29410561561584475,1068.801865234375,1.4085367298126221,0.283842855761759,0.6974123094926897
eid,0.1985,0,1,2,0.4530834739793794,0.12711715579032898,0.4530834739793794,0.16369329288601875,0.2851847699284554,1608.813642578125,2.8125130271911623,0.567685711523518,0.4930834739793794
eid,0.1985,0,1,3,0.3416662306603312,0.09697144150733948,0.3416662306603312,0.10655331127345562,0.2731183403730392,1950.151787109375,4.218243083953857,0.851528567285277,0.4016662306603312
eid,0.1985,0,1,4,0.26920753526967645,0.07740948081016541,0.26920753526967645,0.10021241448819637,0.2380039194226265,2261.4087109375,5.624756507873535,1.135371423047036,0.34920753526967646
eid,0.1985,0,1,5,0.22582195237479394,0.06513527505099774,0.22582195237479394,0.06605858318507671,0.22789525330066682,2475.822666015625,7.032643585205078,1.4192142788087951,0.32582195237479394
eid,0.1985,0,1,6,0.1886276581125334,0.05430956289172172,0.1886276581125334,0.06363496186211705,0.21022727623581886,2683.424990234375,8.440800857543945,1.703057134570554,0.3086276581125334
eid,0.1985,0,1,7,0.16524033259868634,0.047862683907151225,0.16524033259868634,0.07639509323984385,0.19637507393956186,2809.509482421875,9.848031120300293,1.9868999903323132,0.3052403325986863
eid,0.1985,0,1,8,0.1486880949870994,0.0433997368067503,0.1486880949870994,0.0713829680532217,0.18914922326803207,2913.338271484375,11.25591136932373,2.270742846094072,0.30868809498709937
eid,0.1985,0,1,9,0.13308621219078562,0.038850619867444036,0.13308621219078562,0.06701573848724365,0.1757631279528141,3044.761455078125,12.663118057250976,2.554585701855831,0.3130862121907856
eid,0.1985,0,1,10,0.12331205323425437,0.036017386838793755,0.12331205323425437,0.07757168494164944,0.16172945544123649,3114.397177734375,14.070961418151855,2.8384285576175903,0.3233120532342544
eid,0.1985,0,1,11,0.11194259116681732,0.032605265378952024,0.11194259116681732,0.04714756090193987,0.15535864472389221,3203.73697265625,15.479561805725098,3.122271413379349,0.33194259116681735
eid,0.1985,0,1,12,0.0994372912823286,0.028871823400259018,0.0994372912823286,0.0635179303213954,0.13452597469091415,3305.0885546875,16.886437911987304,3.406114269141108,0.3394372912823286
eid,0.8047,0,0,1,0.627575694660018,0.17572379648685454,0.627575694660018,0.19007754296064377,0.28075790882110596,1097.49146484375,1.4098540258407593,0.28222180412849407,0.647575694660018
eid,0.8047,0,0,2,0.4816060689934125,0.13604065105319024,0.4816060689934125,0.17384232804179192,0.26756720781326293,1504.436953125,2.8147034358978273,0.5644436082569881,0.5216060689934126
eid,0.8047,0,0,3,0.38170138410254245,0.10828235454857349,0.38170138410254245,0.14466950491070749,0.25593020766973495,1875.87439453125,4.218984260559082,0.8466654123854823,0.44170138410254245
eid,0.8047,0,0,4,0.28681272724250406,0.08144042365252972,0.28681272724250406,0.11674605268985033,0.23413170814514161,2214.713447265625,5.627522640228271,1.1288872165139763,0.3668127272425041
eid,0.8047,0,0,5,0.2333310756949176,0.0665187357366085,0.2333310756949176,0.11706946745514869,0.21270795091986655,2440.553056640625,7.03313642501831,1.4111090206424706,0.3333310756949176
eid,0.8047,0,0,6,0.19214017228684996,0.05457960821688175,0.19214017228684996,0.08756758905947208,0.20217834189534187,2686.4869921875,8.442007637023925,1.6933308247709646,0.31214017228685
eid,0.8047,0,0,7,0.17012682846454652,0.048167332969605924,0.17012682846454652,0.08464376959949732,0.18474578022956847,2876.4444140625,9.850707359313965,1.975552628899459,0.31012682846454653
eid,0.8047,0,0,8,0.1459407096470899,0.04109762541949749,0.1459407096470899,0.0804513305425644,0.16994066968560217,3040.656708984375,11.25981388092041,2.2577744330279526,0.3059407096470899
eid,0.8047,0,0,9,0.13127748268603678,0.03682114366441965,0.13127748268603678,0.07644088178873062,0.15502575144171715,3142.922060546875,12.67044376373291,2.539996237156447,0.3112774826860368
eid,0.8047,0,0,10,0.1196889005235599,0.03334006398916244,0.1196889005235599,0.053245888501405714,0.1463502398133278,3251.27044921875,14.078901672363282,2.822218041284941,0.3196889005235599
eid,0.8047,0,0,11,0.10664134124837454,0.029752270728349687,0.10664134124837454,0.053595482148230074,0.13642441637814046,3338.01591796875,15.487953758239746,3.104439845413435,0.3266413412483745
eid,0.8047,0,0,12,0.0941731722580991,0.026125347912311553,0.0941731722580991,0.06794126875698567,0.12991661958396436,3439.05953125,16.897068252563475,3.3866616495419293,0.33417317225809906
niveau,0.0787,0,1,1,0.6774123094926897,0.18667216956615448,0.6774123094926897,0.22527129381895064,0.29410561561584475,1068.801865234375,1.4085367298126221,0.2825273962303375,0.6974123094926897
niveau,0.0787,0,1,2,0.5833048548004356,0.16015998542308807,0.5833048548004356,0.20791846439242362,0.28306980401277543,1678.710810546875,2.8188366222381593,0.565054792460675,0.6233048548004356
niveau,0.0787,0,1,3,0.41841459362745026,0.11576380133628845,0.41841459362745026,0.19583439134061337,0.2676060783863068,2243.837080078125,4.229373016357422,0.8475821886910125,0.47841459362745026
niveau,0.0787,0,1,4,0.30620346803240645,0.08464735835790634,0.30620346803240645,0.12317143082618713,0.23371950402855873,2798.2916796875,5.640440998077392,1.13010958492135,0.38620346803240646
niveau,0.0787,0,1,5,0.2581402451680584,0.07219065770506859,0.2581402451680584,0.10870499096810818,0.2075522643327713,3084.029423828125,7.050781650543213,1.4126369811516877,0.3581402451680584
niveau,0.0787,0,1,6,0.20970859357948124,0.05901933744549751,0.20970859357948124,0.10174766998738051,0.16837285637855529,3327.527822265625,8.460563316345215,1.695164377382025,0.32970859357948124
niveau,0.0787,0,1,7,0.18113789674433467,0.0506874518096447,0.18113789674433467,0.09552197530865669,0.15188583739101888,3495.36525390625,9.870910453796387,1.9776917736123627,0.3211378967443347
niveau,0.0787,0,1,8,0.14882006993687852,0.041274011954665187,0.14882006993687852,0.07318209432065487,0.13263388983905317,3632.781826171875,11.281151313781738,2.2602191698427,0.3088200699368785
niveau,0.0787,0,1,9,0.13583843939083498,0.03757337108254433,0.13583843939083498,0.07449555262923241,0.11891233623027801,3706.093212890625,12.691009292602539,2.5427465660730375,0.315838439390835
niveau,0.0787,0,1,10,0.12347560944337291,0.03381397604942322,0.12347560944337291,0.06238281674683094,0.1104258968681097,3785.73658203125,14.101625366210937,2.8252739623033754,0.32347560944337295
niveau,0.0787,0,1,11,0.11173012411313744,0.030773659944534303,0.11173012411313744,0.06296052061021327,0.09877809301018715,3819.827451171875,15.51151237487793,3.1078013585337123,0.33173012411313746
niveau,0.0787,0,1,12,0.10271272315454429,0.028290018960833548,0.10271272315454429,0.05846109688282013,0.09192835099995136,3849.41587890625,16.921649856567385,3.39032875476405,0.34271272315454426
eid,0.6082,0,0,1,0.627575694660018,0.17572379648685454,0.627575694660018,0.19877572625875473,0.28075790882110596,1097.49146484375,1.4098540258407593,0.280905232267299,0.647575694660018
eid,0.6082,0,0,2,0.496901067916077,0.13949975684285165,0.496901067916077,0.1767926436662674,0.2684445518255234,1483.11142578125,2.812283782958984,0.561810464534598,0.5369010679160771
eid,0.6082,0,0,3,0.40751552262211455,0.1146824063360691,0.40751552262211455,0.14632253035902976,0.2525181096792221,1817.31283203125,4.215216331481933,0.8427156968018972,0.46751552262211454
eid,0.6082,0,0,4,0.3224333996601356,0.09126561976969243,0.3224333996601356,0.14236071065068245,0.24158892050385475,2071.971513671875,5.623496379852295,1.123620929069196,0.40243339966013564
eid,0.6082,0,0,5,0.27742866846389924,0.0785041668266058,0.27742866846389924,0.12798377566039562,0.22229223787784577,2312.443486328125,7.030781860351563,1.4045261613364954,0.3774286684638992
eid,0.6082,0,0,6,0.23292571007595447,0.06640605211257934,0.23292571007595447,0.15179254837334155,0.20765587374567984,2539.145439453125,8.440433731079102,1.6854313936037943,0.35292571007595447
eid,0.6082,0,0,7,0.1867277993543659,0.05347296170890331,0.1867277993543659,0.11028372682631016,0.1928747110068798,2716.658779296875,9.84930435180664,1.9663366258710935,0.3267277993543659
eid,0.6082,0,0,8,0.14921419701402797,0.04282182551920414,0.14921419701402797,0.10215059742331505,0.16396999083459377,2945.62978515625,11.258839302062988,2.247241858138392,0.30921419701402797
eid,0.6082,0,0,9,0.12909544321665853,0.036963560134172437,0.12909544321665853,0.06992795124650002,0.1553650264441967,3072.00341796875,12.668043937683105,2.5281470904056915,0.3090954432166585
eid,0.6082,0,0,10,0.11211534057233136,0.03186178557574749,0.11211534057233136,0.0707604667916894,0.1384098055958748,3198.67408203125,14.078474807739259,2.809052322672991,0.31211534057233137
eid,0.6082,0,0,11,0.10265616562012647,0.029227484203875064,0.10265616562012647,0.06376663208007813,0.12563765920698644,3315.8808984375,15.48777946472168,3.0899575549402893,0.32265616562012644
eid,0.6082,0,0,12,0.09086205550008634,0.025843834280967714,0.09086205550008634,0.059562853388488296,0.11900951206684113,3403.612978515625,16.897741622924805,3.3708627872075887,0.33086205550008635
mass,0.11,0,1,1,0.6774123094926897,0.18667216956615448,0.6774123094926897,0.23618677467107774,0.29410561561584475,1068.801865234375,1.4085367298126221,0.27431084709009157,0.6974123094926897
mass,0.11,0,1,2,0.46942101099577493,0.13101128458976746,0.46942101099577493,0.13658713817596435,0.2937802910804749,1650.400234375,2.812704334259033,0.5486216941801831,0.509421010995775
mass,0.11,0,1,3,0.3619140033450173,0.10175424754619598,0.3619140033450173,0.11399795018136501,0.27538846284151075,2038.335322265625,4.218888893127441,0.8229325412702748,0.4219140033450173
mass,0.11,0,1,4,0.29765167666976106,0.08484420388936996,0.29765167666976106,0.09955508254468441,0.24195851564407347,2338.387734375,5.625674800872803,1.0972433883603663,0.37765167666976107
mass,0.11,0,1,5,0.24967909232142774,0.07174521923065186,0.24967909232142774,0.08716197565197945,0.23602294832468032,2561.303427734375,7.030324211120606,1.3715542354504582,0.34967909232142774
mass,0.11,0,1,6,0.20602617736710002,0.05920976191759109,0.20602617736710002,0.09645432710647583,0.20128340244293214,2781.98142578125,8.439603424072265,1.6458650825405496,0.32602617736710005
mass,0.11,0,1,7,0.17457338404366893,0.0496326506882906,0.17457338404366893,0.06641265355050564,0.18249663166701793,2938.460634765625,9.84906478881836,1.9201759296306413,0.31457338404366897
mass,0.11,0,1,8,0.15200601889236456,0.04262841127812862,0.15200601889236456,0.07955327823758125,0.16323967948555945,3088.00375,11.25763973236084,2.1944867767207326,0.31200601889236457
mass,0.11,0,1,9,0.13381096206657728,0.03759108670055866,0.13381096206657728,0.07065874885767698,0.15527543224394322,3199.60064453125,12.665306205749511,2.4687976238108247,0.31381096206657727
mass,0.11,0,1,10,0.12060396383694912,0.03411884397268295,0.12060396383694912,0.06580127991735935,0.14704037711024284,3281.478056640625,14.073738899230957,2.7431084709009164,0.3206039638369491
mass,0.11,0,1,11,0.10756419372081702,0.030338110588490962,0.10756419372081702,0.05668723255395889,0.14208577424287797,3357.533544921875,15.47995819091797,3.0174193179910076,0.327564193720817
mass,0.11,0,1,12,0.10117614380838516,0.0286030612885952,0.10117614380838516,0.05996173270046711,0.14289130039513112,3388.8216015625,16.88911361694336,3.2917301650810993,0.3411761438083851
niveau,0.02,0,1,1,0.6774123094926897,0.18667216956615448,0.6774123094926897,0.22195657581090927,0.29410561561584475,1068.801865234375,1.4085367298126221,0.2768764829798601,0.6974123094926897
niveau,0.02,0,1,2,0.548922028780121,0.15013784140348435,0.548922028780121,0.22232554614543915,0.2783426457643509,1653.187255859375,2.8197368431091308,0.5537529659597202,0.588922028780121
niveau,0.02,0,1,3,0.3924707097136503,0.10922455921769142,0.3924707097136503,0.15467517130076885,0.2506822371482849,2211.776640625,4.230670642852783,0.8306294489395804,0.4524707097136503
niveau,0.02,0,1,4,0.3206737248481679,0.08882751524448394,0.3206737248481679,0.12081616714596749,0.22813101917505263,2671.756572265625,5.642861919403076,1.1075059319194405,0.40067372484816793
niveau,0.02,0,1,5,0.2579059891758852,0.07128324508666992,0.2579059891758852,0.09123101726174354,0.1994716213643551,3011.6029296875,7.053710308074951,1.3843824148993007,0.35790598917588523
niveau,0.02,0,1,6,0.20778886395735185,0.0565603843331337,0.20778886395735185,0.09167677126824855,0.17421905301511287,3279.488564453125,8.464635848999023,1.6612588978791607,0.32778886395735185
niveau,0.02,0,1,7,0.18603735185525883,0.050400350093841556,0.18603735185525883,0.08182870112359523,0.16007744520902634,3461.44216796875,9.874208145141601,1.938135380859021,0.32603735185525884
niveau,0.02,0,1,8,0.1683819344983306,0.04548350654542446,0.1683819344983306,0.09043202832341195,0.15388810485601426,3555.972041015625,11.285735778808593,2.215011863838881,0.32838193449833064
niveau,0.02,0,1,9,0.15648548693208864,0.04230175539851189,0.15648548693208864,0.07022759571671486,0.1486963153630495,3622.409921875,12.695840530395508,2.491888346818741,0.33648548693208863
niveau,0.02,0,1,10,0.1346207549525058,0.03635234631597996,0.1346207549525058,0.083881800994277,0.13313565954566,3738.069443359375,14.106436920166015,2.7687648297986014,0.3346207549525058
niveau,0.02,0,1,11,0.12091491506751519,0.0327837447822094,0.12091491506751519,0.070406688824296,0.11419525325298309,3799.928330078125,15.51696491241455,3.045641312778461,0.3409149150675152
niveau,0.02,0,1,12,0.11506559691832427,0.03121116101741791,0.11506559691832427,0.06741834610700607,0.11044599503278732,3828.048310546875,16.92782356262207,3.3225177957583214,0.3550655969183243
niveau,0.02,0,0,1,0.627575694660018,0.17572379648685454,0.627575694660018,0.19877572625875473,0.28075790882110596,1097.49146484375,1.4098540258407593,0.2729962022555992,0.647575694660018
niveau,0.02,0,0,2,0.46634197234026964,0.12960030168294906,0.46634197234026964,0.1780616308748722,0.25916497528553006,1680.69890625,2.820448398590088,0.5459924045111983,0.5063419723402697
niveau,0.02,0,0,3,0.36321446261803847,0.10190982028841972,0.36321446261803847,0.1424877193570137,0.25418720170855524,2114.0391796875,4.231629180908203,0.8189886067667976,0.42321446261803847
niveau,0.02,0,0,4,0.2914286930246252,0.08148436039686204,0.2914286930246252,0.11607401445508003,0.23929156929254533,2542.16916015625,5.642623538970947,1.0919848090223967,0.3714286930246252
niveau,0.02,0,0,5,0.2438079733512909,0.0684796580672264,0.2438079733512909,0.11047009758651256,0.21205085903406143,2842.545458984375,7.053332920074463,1.364981011277996,0.3438079733512909
niveau,0.02,0,0,6,0.21294277079883758,0.05977936804294586,0.21294277079883758,0.08458173520863056,0.18502576321363448,3083.18736328125,8.464302253723144,1.6379772135335953,0.3329427707988376
niveau,0.02,0,0,7,0.19777587456697623,0.05541130244731903,0.19777587456697623,0.0944723366945982,0.17319304153323173,3210.315625,9.875044021606445,1.9109734157891947,0.3377758745669762
niveau,0.02,0,0,8,0.1763882467661994,0.049445478320121763,0.1763882467661994,0.07039026334881783,0.15759642124176027,3377.64869140625,11.286488151550293,2.1839696180447934,0.3363882467661994
niveau,0.02,0,0,9,0.15346788226867958,0.04296144925057888,0.15346788226867958,0.0804164706915617,0.14467703372240068,3499.71255859375,12.698025398254394,2.456965820300393,0.33346788226867957
niveau,0.02,0,0,10,0.14005437395927534,0.039070368707180024,0.14005437395927534,0.07301751002669335,0.133773757442832,3616.389326171875,14.109200973510742,2.729962022555992,0.34005437395927535
niveau,0.02,0,0,11,0.1286161276699551,0.03601084612309933,0.1286161276699551,0.07780293270945549,0.11654949061572552,3698.707978515625,15.520958251953125,3.002958224811591,0.3486161276699551
niveau,0.02,0,0,12,0.12223007182802702,0.034160521551966666,0.12223007182802702,0.06934134352952243,0.11122835867106914,3743.845166015625,16.931626052856444,3.2759544270671905,0.362230071828027
