regler,seed,shape,n_exec,cov,cov_norm,erg_truth,belief_rmse,info_gain,path_len,n_obs,plan_s,svgd_s,gewaehlt_modell,gewaehlt_param,gewaehlt_svgd
fest,0,A,1,0.13307422399520874,0.5337466499111923,0.15257608890533447,0.2438783049583435,1191.04931640625,1.4113013744354248,64,1.7756844547390938,5.860061540678143,niveau,0.6067,25
fest,0,greek_upper_0,1,0.13041658699512482,0.5230871487479475,0.10610219091176987,0.2248290330171585,1238.964111328125,1.4123027324676514,64,1.7756844547390938,5.860061540678143,niveau,0.6067,25
fest,0,korean_5,1,0.19737498462200165,0.6458274498866867,0.22739051282405853,0.26548513770103455,1211.28369140625,1.4121508598327637,64,1.7756844547390938,5.860061540678143,niveau,0.6067,25
fest,0,digit_5,1,0.1440838724374771,0.5281116504997541,0.06023916229605675,0.21281898021697998,1089.45703125,1.4058713912963867,64,1.7756844547390938,5.860061540678143,niveau,0.6067,25
fest,0,a_lc,1,0.13262997567653656,0.6176060152951155,0.07834716886281967,0.24049577116966248,1020.486328125,1.4059308767318726,64,1.7756844547390938,5.860061540678143,niveau,0.6067,25
fest,0,rand_gmm_10,1,0.16984422504901886,0.5050812765849965,0.10205768048763275,0.21329602599143982,1239.266845703125,1.4114046096801758,64,1.7756844547390938,5.860061540678143,niveau,0.6067,25
fest,0,rand_gmm_20,1,0.27204251289367676,0.891410886518212,0.4492783844470978,0.28214117884635925,1032.2314453125,1.4109060764312744,64,1.7756844547390938,5.860061540678143,niveau,0.6067,25
fest,0,rand_ana_poly_10,1,0.07860985398292542,0.24824924037045734,0.07582129538059235,0.36160653829574585,1150.1201171875,1.4104628562927246,64,1.7756844547390938,5.860061540678143,niveau,0.6067,25
fest,0,rand_ana_poly_20,1,0.1114572212100029,0.46904042570629617,0.10466393083333969,0.3159468173980713,1103.134765625,1.409674882888794,64,1.7756844547390938,5.860061540678143,niveau,0.6067,25
fest,0,rand_ana_poly_30,1,0.2031620889902115,0.7293269639170306,0.20740479230880737,0.3528038263320923,1168.133544921875,1.409399390220642,64,1.7756844547390938,5.860061540678143,niveau,0.6067,25
fest,0,rand_gmm_complex_0,1,0.1716698557138443,0.5539106855440875,0.11434456706047058,0.1802922785282135,1142.0927734375,1.4120032787322998,64,1.7756844547390938,5.860061540678143,niveau,0.6067,25
fest,0,rand_gmm_complex_10,1,0.27623236179351807,0.8067822905889703,0.36668306589126587,0.23262779414653778,1270.51123046875,1.4123566150665283,64,1.7756844547390938,5.860061540678143,niveau,0.6067,25
fest,0,rand_gmm_complex_20,1,0.20971177518367767,0.6152437644657609,0.19025593996047974,0.21361589431762695,1195.251220703125,1.4122281074523926,64,1.7756844547390938,5.860061540678143,niveau,0.6067,25
fest,0,rand_gmm_complex_30,1,0.1726810485124588,0.523612050186095,0.05635816231369972,0.2146979570388794,962.568115234375,1.4020614624023438,64,1.7756844547390938,5.860061540678143,niveau,0.6067,25
fest,0,rand_ana_poly_complex_0,1,0.10797800123691559,0.470243214558155,0.0923338383436203,0.48350727558135986,1107.22265625,1.4118989706039429,64,1.7756844547390938,5.860061540678143,niveau,0.6067,25
fest,0,rand_ana_poly_complex_10,1,0.17627689242362976,0.6191843944124168,0.1400325894355774,0.495574951171875,1166.10693359375,1.4093232154846191,64,1.7756844547390938,5.860061540678143,niveau,0.6067,25
fest,0,rand_ana_poly_complex_20,1,0.20603324472904205,0.9045746561817929,0.37079864740371704,0.2919096052646637,1248.486328125,1.4118602275848389,64,1.7756844547390938,5.860061540678143,niveau,0.6067,25
fest,0,rand_ana_poly_complex_30,1,0.13332180678844452,0.5966528900378009,0.14717689156532288,0.3243567943572998,1127.70068359375,1.404360294342041,64,1.7756844547390938,5.860061540678143,niveau,0.6067,25
fest,0,organic_0,1,0.18108880519866943,0.5679128101456061,0.12205148488283157,0.44911813735961914,1192.67529296875,1.410075068473816,64,1.7756844547390938,5.860061540678143,niveau,0.6067,25
fest,0,organic_10,1,0.16978301107883453,0.6058721170818157,0.05355094000697136,0.4260457158088684,1006.971435546875,1.3980026245117188,64,1.7756844547390938,5.860061540678143,niveau,0.6067,25
fest,0,organic_20,1,0.13931797444820404,0.5520828400228498,0.19659647345542908,0.2662087678909302,1035.4609375,1.4130433797836304,64,1.7756844547390938,5.860061540678143,niveau,0.6067,25
fest,0,organic_30,1,0.06838804483413696,0.404906222856858,0.16519102454185486,0.17003849148750305,1142.3486328125,1.4003015756607056,64,1.7756844547390938,5.860061540678143,niveau,0.6067,25
fest,0,cjk_0,1,0.12496163696050644,0.4073348294465864,0.04553300142288208,0.23428435623645782,1231.919677734375,1.4101349115371704,64,1.7756844547390938,5.860061540678143,niveau,0.6067,25
fest,0,cjk_10,1,0.227073073387146,0.7204915144017302,0.2940898537635803,0.2238493412733078,1033.373046875,1.4087438583374023,64,1.7756844547390938,5.860061540678143,niveau,0.6067,25
fest,0,cjk_20,1,0.14545099437236786,0.4889394372452191,0.17025648057460785,0.2322152853012085,1268.322265625,1.4120817184448242,64,1.7756844547390938,5.860061540678143,niveau,0.6067,25
fest,0,A,2,0.11432614177465439,0.4585500733161579,0.08522936701774597,0.23326201736927032,2244.54541015625,2.821176052093506,128,1.7756844547390938,5.860061540678143,niveau,0.6067,25
fest,0,greek_upper_0,2,0.07412975281476974,0.29732660492577956,0.11870287358760834,0.22080284357070923,2031.094482421875,2.818544864654541,128,1.7756844547390938,5.860061540678143,niveau,0.6067,25
fest,0,korean_5,2,0.0912185087800026,0.29847458643595753,0.06378000974655151,0.24932964146137238,1941.859375,2.824575185775757,128,1.7756844547390938,5.860061540678143,niveau,0.6067,25
fest,0,digit_5,2,0.07822377979755402,0.2867141808334015,0.030742008239030838,0.2624320983886719,1861.949951171875,2.818244457244873,128,1.7756844547390938,5.860061540678143,niveau,0.6067,25
fest,0,a_lc,2,0.07491191476583481,0.34883553993472866,0.07376909255981445,0.22032047808170319,1893.48095703125,2.8064911365509033,128,1.7756844547390938,5.860061540678143,niveau,0.6067,25
fest,0,rand_gmm_10,2,0.11394467204809189,0.3388476729279378,0.08339953422546387,0.1484420746564865,1987.51171875,2.819028854370117,128,1.7756844547390938,5.860061540678143,niveau,0.6067,25
fest,0,rand_gmm_20,2,0.11469455808401108,0.3758235307157365,0.2251652628183365,0.1508304476737976,1995.666259765625,2.8229382038116455,128,1.7756844547390938,5.860061540678143,niveau,0.6067,25
fest,0,rand_ana_poly_10,2,0.056874144822359085,0.17960805844947575,0.12275941669940948,0.3187144100666046,1608.044921875,2.8130853176116943,128,1.7756844547390938,5.860061540678143,niveau,0.6067,25
fest,0,rand_ana_poly_20,2,0.0843810960650444,0.35509718249067834,0.1227560043334961,0.2324223518371582,1849.4130859375,2.819129467010498,128,1.7756844547390938,5.860061540678143,niveau,0.6067,25
fest,0,rand_ana_poly_30,2,0.06221313774585724,0.22333752863765943,0.04196445643901825,0.405839204788208,2111.813720703125,2.819845199584961,128,1.7756844547390938,5.860061540678143,niveau,0.6067,25
fest,0,rand_gmm_complex_0,2,0.1464410126209259,0.4725071932712407,0.20893725752830505,0.15206784009933472,1866.6787109375,2.82002329826355,128,1.7756844547390938,5.860061540678143,niveau,0.6067,25
fest,0,rand_gmm_complex_10,2,0.2532584071159363,0.7396830569643402,0.42235255241394043,0.23103457689285278,1852.53369140625,2.813833713531494,128,1.7756844547390938,5.860061540678143,niveau,0.6067,25
fest,0,rand_gmm_complex_20,2,0.18043126165866852,0.5293418004447183,0.19872091710567474,0.20509789884090424,1536.31591796875,2.821213722229004,128,1.7756844547390938,5.860061540678143,niveau,0.6067,25
fest,0,rand_gmm_complex_30,2,0.13020671904087067,0.3948192791988761,0.09748898446559906,0.18160367012023926,1689.4169921875,2.8146090507507324,128,1.7756844547390938,5.860061540678143,niveau,0.6067,25
fest,0,rand_ana_poly_complex_0,2,0.06255500018596649,0.2724264575854927,0.036074962466955185,0.5822086334228516,1821.3310546875,2.824882984161377,128,1.7756844547390938,5.860061540678143,niveau,0.6067,25
fest,0,rand_ana_poly_complex_10,2,0.07675892114639282,0.2696208530359174,0.0558631457388401,0.35373103618621826,2042.439453125,2.819736957550049,128,1.7756844547390938,5.860061540678143,niveau,0.6067,25
fest,0,rand_ana_poly_complex_20,2,0.1034921333193779,0.454375025923671,0.2768508195877075,0.28719544410705566,1866.9599609375,2.822047233581543,128,1.7756844547390938,5.860061540678143,niveau,0.6067,25
fest,0,rand_ana_poly_complex_30,2,0.09473143517971039,0.423950034423789,0.13968665897846222,0.35425445437431335,1804.90869140625,2.815532922744751,128,1.7756844547390938,5.860061540678143,niveau,0.6067,25
fest,0,organic_0,2,0.17088788747787476,0.5359217003554402,0.2008313536643982,0.41193005442619324,1565.107177734375,2.816831111907959,128,1.7756844547390938,5.860061540678143,niveau,0.6067,25
fest,0,organic_10,2,0.11482038348913193,0.40973751370450634,0.0728209912776947,0.4239014685153961,1908.7294921875,2.7997350692749023,128,1.7756844547390938,5.860061540678143,niveau,0.6067,25
fest,0,organic_20,2,0.10099676996469498,0.40022533930805404,0.058917269110679626,0.20117440819740295,1784.55517578125,2.821138858795166,128,1.7756844547390938,5.860061540678143,niveau,0.6067,25
fest,0,organic_30,2,0.042672447860240936,0.25265146452208,0.08471015095710754,0.18327318131923676,1879.507568359375,2.8086767196655273,128,1.7756844547390938,5.860061540678143,niveau,0.6067,25
fest,0,cjk_0,2,0.09134434908628464,0.29775326060853813,0.08341746032238007,0.21388939023017883,1903.22412109375,2.8145203590393066,128,1.7756844547390938,5.860061540678143,niveau,0.6067,25
fest,0,cjk_10,2,0.13225746154785156,0.419646316228238,0.13773712515830994,0.2595764696598053,2065.61572265625,2.821028709411621,128,1.7756844547390938,5.860061540678143,niveau,0.6067,25
fest,0,cjk_20,2,0.11749632656574249,0.394968683695355,0.0770353302359581,0.2368101179599762,1705.800537109375,2.8181636333465576,128,1.7756844547390938,5.860061540678143,niveau,0.6067,25
fest,0,A,3,0.08526400476694107,0.34198491290097816,0.07895565032958984,0.22790420055389404,2756.892333984375,4.22690486907959,192,1.7756844547390938,5.860061540678143,niveau,0.6067,25
fest,0,greek_upper_0,3,0.04922395572066307,0.19743208468551152,0.20202557742595673,0.17483656108379364,2376.5654296875,4.226138114929199,192,1.7756844547390938,5.860061540678143,niveau,0.6067,25
fest,0,korean_5,3,0.06531371176242828,0.2137119249987323,0.04292837530374527,0.21602317690849304,2718.3701171875,4.236019611358643,192,1.7756844547390938,5.860061540678143,niveau,0.6067,25
fest,0,digit_5,3,0.045905690640211105,0.16825845697514136,0.012758037075400352,0.25265923142433167,2227.64013671875,4.2268242835998535,192,1.7756844547390938,5.860061540678143,niveau,0.6067,25
fest,0,a_lc,3,0.051819927990436554,0.24130517310134128,0.05830061435699463,0.1906856745481491,2504.13037109375,4.2143635749816895,192,1.7756844547390938,5.860061540678143,niveau,0.6067,25
fest,0,rand_gmm_10,3,0.06495799869298935,0.19317153052918073,0.016337905079126358,0.054775625467300415,2898.52587890625,4.223732948303223,192,1.7756844547390938,5.860061540678143,niveau,0.6067,25
fest,0,rand_gmm_20,3,0.06749007850885391,0.22114701880538157,0.05994608253240585,0.06141090765595436,2784.165283203125,4.2299933433532715,192,1.7756844547390938,5.860061540678143,niveau,0.6067,25
fest,0,rand_ana_poly_10,3,0.051722560077905655,0.16333939829152175,0.11490815877914429,0.3152908682823181,2450.820556640625,4.219680309295654,192,1.7756844547390938,5.860061540678143,niveau,0.6067,25
fest,0,rand_ana_poly_20,3,0.061897266656160355,0.26047949147915805,0.04924190789461136,0.17414367198944092,2163.51220703125,4.223194122314453,192,1.7756844547390938,5.860061540678143,niveau,0.6067,25
fest,0,rand_ana_poly_30,3,0.05799034237861633,0.20817821156359106,0.07523326575756073,0.3740873634815216,2655.20068359375,4.218585014343262,192,1.7756844547390938,5.860061540678143,niveau,0.6067,25
fest,0,rand_gmm_complex_0,3,0.08973659574985504,0.2895444809661264,0.08553066849708557,0.10831178724765778,2690.17919921875,4.219498634338379,192,1.7756844547390938,5.860061540678143,niveau,0.6067,25
fest,0,rand_gmm_complex_10,3,0.07263385504484177,0.21213918444207341,0.14355117082595825,0.05553538352251053,2915.5927734375,4.225923538208008,192,1.7756844547390938,5.860061540678143,niveau,0.6067,25
fest,0,rand_gmm_complex_20,3,0.1089944839477539,0.3197635256832176,0.07536958158016205,0.14646615087985992,2561.803466796875,4.226919174194336,192,1.7756844547390938,5.860061540678143,niveau,0.6067,25
fest,0,rand_gmm_complex_30,3,0.114866241812706,0.3483031223798904,0.1270255297422409,0.16520406305789948,1956.679931640625,4.219804763793945,192,1.7756844547390938,5.860061540678143,niveau,0.6067,25
fest,0,rand_ana_poly_complex_0,3,0.05619461089372635,0.2447270199929979,0.07748427242040634,0.5325025916099548,2320.084716796875,4.230274200439453,192,1.7756844547390938,5.860061540678143,niveau,0.6067,25
fest,0,rand_ana_poly_complex_10,3,0.06269312649965286,0.22021380699303159,0.08844072371721268,0.30538374185562134,2400.1328125,4.216548442840576,192,1.7756844547390938,5.860061540678143,niveau,0.6067,25
fest,0,rand_ana_poly_complex_20,3,0.08524182438850403,0.37424831167390177,0.12414704263210297,0.24907943606376648,2437.700927734375,4.2164506912231445,192,1.7756844547390938,5.860061540678143,niveau,0.6067,25
fest,0,rand_ana_poly_complex_30,3,0.049192361533641815,0.22014976682250956,0.0570371113717556,0.3857788145542145,2496.301025390625,4.227372169494629,192,1.7756844547390938,5.860061540678143,niveau,0.6067,25
fest,0,organic_0,3,0.1534610539674759,0.48126938775128725,0.19950495660305023,0.40513840317726135,1815.68115234375,4.2266669273376465,192,1.7756844547390938,5.860061540678143,niveau,0.6067,25
fest,0,organic_10,3,0.0981903001666069,0.3503929201209538,0.11018505692481995,0.39407414197921753,2378.238525390625,4.206695556640625,192,1.7756844547390938,5.860061540678143,niveau,0.6067,25
fest,0,organic_20,3,0.06566601991653442,0.2602182734288575,0.05295737832784653,0.18147701025009155,2486.44287109375,4.21910285949707,192,1.7756844547390938,5.860061540678143,niveau,0.6067,25
fest,0,organic_30,3,0.03317463397979736,0.1964176015266549,0.04394015297293663,0.2286677211523056,2062.553466796875,4.215680122375488,192,1.7756844547390938,5.860061540678143,niveau,0.6067,25
fest,0,cjk_0,3,0.0779917910695076,0.25422820704223054,0.09893609583377838,0.2019534707069397,2508.69384765625,4.216465950012207,192,1.7756844547390938,5.860061540678143,niveau,0.6067,25
fest,0,cjk_10,3,0.0998949483036995,0.3169616789468672,0.038512393832206726,0.2286638468503952,2673.979736328125,4.230446815490723,192,1.7756844547390938,5.860061540678143,niveau,0.6067,25
fest,0,cjk_20,3,0.1024768128991127,0.3444799772306988,0.06094437837600708,0.20633704960346222,2064.628662109375,4.225303649902344,192,1.7756844547390938,5.860061540678143,niveau,0.6067,25
fest,0,A,4,0.08150312304496765,0.3269004137429157,0.061791956424713135,0.21723085641860962,3194.1435546875,5.637214183807373,256,1.7756844547390938,5.860061540678143,niveau,0.6067,25
fest,0,greek_upper_0,4,0.04403772950172424,0.17663067937248972,0.06538423895835876,0.1760590523481369,2877.92333984375,5.63828182220459,256,1.7756844547390938,5.860061540678143,niveau,0.6067,25
fest,0,korean_5,4,0.05375957861542702,0.17590583543642171,0.05305875092744827,0.21220628917217255,2827.19189453125,5.638326168060303,256,1.7756844547390938,5.860061540678143,niveau,0.6067,25
fest,0,digit_5,4,0.03826310858130455,0.14024604616934236,0.03785053640604019,0.18284498155117035,2519.58935546875,5.639113426208496,256,1.7756844547390938,5.860061540678143,niveau,0.6067,25
fest,0,a_lc,4,0.0360160693526268,0.16771277357177022,0.06181929260492325,0.16018450260162354,3051.13134765625,5.62497091293335,256,1.7756844547390938,5.860061540678143,niveau,0.6067,25
fest,0,rand_gmm_10,4,0.051526617258787155,0.15322940544880814,0.02413501776754856,0.047514449805021286,3361.385498046875,5.632181167602539,256,1.7756844547390938,5.860061540678143,niveau,0.6067,25
fest,0,rand_gmm_20,4,0.05433185398578644,0.17803102027136755,0.03318159654736519,0.04374782741069794,3117.1259765625,5.634793758392334,256,1.7756844547390938,5.860061540678143,niveau,0.6067,25
fest,0,rand_ana_poly_10,4,0.03657180070877075,0.1154934309750034,0.09044168889522552,0.31881123781204224,2771.906494140625,5.621318817138672,256,1.7756844547390938,5.860061540678143,niveau,0.6067,25
fest,0,rand_ana_poly_20,4,0.05941369757056236,0.2500279990721741,0.07440899312496185,0.1636544018983841,2412.92578125,5.6259660720825195,256,1.7756844547390938,5.860061540678143,niveau,0.6067,25
fest,0,rand_ana_poly_30,4,0.05790757015347481,0.20788106943456897,0.11944118142127991,0.3684857189655304,3287.24462890625,5.627862930297852,256,1.7756844547390938,5.860061540678143,niveau,0.6067,25
fest,0,rand_gmm_complex_0,4,0.06083749979734421,0.19629853522861437,0.04068518429994583,0.06368767470121384,3154.00732421875,5.619677543640137,256,1.7756844547390938,5.860061540678143,niveau,0.6067,25
fest,0,rand_gmm_complex_10,4,0.04918311536312103,0.1436474213713633,0.06025787070393562,0.04068366438150406,3385.161376953125,5.630641937255859,256,1.7756844547390938,5.860061540678143,niveau,0.6067,25
fest,0,rand_gmm_complex_20,4,0.056517768651247025,0.16580950074807527,0.01613342948257923,0.06542611122131348,3392.11376953125,5.632916450500488,256,1.7756844547390938,5.860061540678143,niveau,0.6067,25
fest,0,rand_gmm_complex_30,4,0.07189791649580002,0.21801243265996462,0.043553583323955536,0.08357162773609161,2710.96875,5.632133483886719,256,1.7756844547390938,5.860061540678143,niveau,0.6067,25
fest,0,rand_ana_poly_complex_0,4,0.0557071827352047,0.24260427479023688,0.11932685226202011,0.5252557396888733,2627.021484375,5.641478538513184,256,1.7756844547390938,5.860061540678143,niveau,0.6067,25
fest,0,rand_ana_poly_complex_10,4,0.05357766151428223,0.1881951255359621,0.04443296045064926,0.23945660889148712,3257.491943359375,5.616974830627441,256,1.7756844547390938,5.860061540678143,niveau,0.6067,25
fest,0,rand_ana_poly_complex_20,4,0.0682879164814949,0.2998133561108357,0.07360736280679703,0.2722749710083008,2790.48876953125,5.627632141113281,256,1.7756844547390938,5.860061540678143,niveau,0.6067,25
fest,0,rand_ana_poly_complex_30,4,0.04804335534572601,0.2150076383200124,0.06917333602905273,0.26433736085891724,3060.6328125,5.630777359008789,256,1.7756844547390938,5.860061540678143,niveau,0.6067,25
fest,0,organic_0,4,0.12448956817388535,0.3904118778512086,0.16491736471652985,0.44426992535591125,2176.885498046875,5.627526760101318,256,1.7756844547390938,5.860061540678143,niveau,0.6067,25
fest,0,organic_10,4,0.061852868646383286,0.22072248711013345,0.056393325328826904,0.24237574636936188,2940.888671875,5.59735107421875,256,1.7756844547390938,5.860061540678143,niveau,0.6067,25
fest,0,organic_20,4,0.04604477062821388,0.18246409221285315,0.04546111822128296,0.11181332170963287,3039.274169921875,5.617743492126465,256,1.7756844547390938,5.860061540678143,niveau,0.6067,25
fest,0,organic_30,4,0.030023902654647827,0.17776301470234684,0.050082795321941376,0.20184001326560974,2463.65625,5.617228984832764,256,1.7756844547390938,5.860061540678143,niveau,0.6067,25
fest,0,cjk_0,4,0.06990200281143188,0.22785809377775948,0.08765141665935516,0.20142973959445953,2775.029541015625,5.628002643585205,256,1.7756844547390938,5.860061540678143,niveau,0.6067,25
fest,0,cjk_10,4,0.08796048164367676,0.27909421263219547,0.045663610100746155,0.20623819530010223,2841.613525390625,5.636342525482178,256,1.7756844547390938,5.860061540678143,niveau,0.6067,25
fest,0,cjk_20,4,0.0917477235198021,0.30841370662244244,0.04893999174237251,0.18889565765857697,2292.028564453125,5.630090713500977,256,1.7756844547390938,5.860061540678143,niveau,0.6067,25
fest,0,A,5,0.05674220621585846,0.2275869929354231,0.05570308864116669,0.18287380039691925,3374.398193359375,7.0403265953063965,320,1.7756844547390938,5.860061540678143,niveau,0.6067,25
fest,0,greek_upper_0,5,0.039634689688682556,0.15897055197079832,0.04337240383028984,0.1273583620786667,3228.661376953125,7.0421223640441895,320,1.7756844547390938,5.860061540678143,niveau,0.6067,25
fest,0,korean_5,5,0.043778449296951294,0.14324674590141553,0.03241075575351715,0.18257135152816772,2979.94287109375,7.02607536315918,320,1.7756844547390938,5.860061540678143,niveau,0.6067,25
fest,0,digit_5,5,0.03475420922040939,0.12738485218856568,0.034179359674453735,0.17971043288707733,2715.76904296875,7.051275253295898,320,1.7756844547390938,5.860061540678143,niveau,0.6067,25
fest,0,a_lc,5,0.030406363308429718,0.14159056266687595,0.029673051089048386,0.12733124196529388,3336.570556640625,7.028286933898926,320,1.7756844547390938,5.860061540678143,niveau,0.6067,25
fest,0,rand_gmm_10,5,0.04367147386074066,0.12986984845416513,0.04619135707616806,0.04200974851846695,3448.01318359375,7.039976119995117,320,1.7756844547390938,5.860061540678143,niveau,0.6067,25
fest,0,rand_gmm_20,5,0.04761384800076485,0.15601790325136983,0.06783599406480789,0.03915709629654884,3358.8466796875,7.039796352386475,320,1.7756844547390938,5.860061540678143,niveau,0.6067,25
fest,0,rand_ana_poly_10,5,0.03285064920783043,0.10374206665352187,0.11516813188791275,0.29629868268966675,3049.4111328125,7.0155134201049805,320,1.7756844547390938,5.860061540678143,niveau,0.6067,25
fest,0,rand_ana_poly_20,5,0.040342945605516434,0.16977340880771172,0.06694008409976959,0.16268163919448853,2560.79931640625,7.029763698577881,320,1.7756844547390938,5.860061540678143,niveau,0.6067,25
fest,0,rand_ana_poly_30,5,0.04487676918506622,0.16110209332276876,0.06857507675886154,0.2743391692638397,3497.346435546875,7.026845932006836,320,1.7756844547390938,5.860061540678143,niveau,0.6067,25
fest,0,rand_gmm_complex_0,5,0.04659770056605339,0.15035233855118352,0.034296780824661255,0.05396958068013191,3326.507568359375,7.026576995849609,320,1.7756844547390938,5.860061540678143,niveau,0.6067,25
fest,0,rand_gmm_complex_10,5,0.04246232658624649,0.12401824639430338,0.03935468569397926,0.02775096893310547,3516.894287109375,7.0391845703125,320,1.7756844547390938,5.860061540678143,niveau,0.6067,25
fest,0,rand_gmm_complex_20,5,0.04947522282600403,0.14514837000732336,0.02001967653632164,0.04765838757157326,3546.191162109375,7.045738220214844,320,1.7756844547390938,5.860061540678143,niveau,0.6067,25
fest,0,rand_gmm_complex_30,5,0.05163278430700302,0.15656349252393895,0.05471178516745567,0.06175445020198822,3138.733154296875,7.037765979766846,320,1.7756844547390938,5.860061540678143,niveau,0.6067,25
fest,0,rand_ana_poly_complex_0,5,0.05027036741375923,0.21892699345117944,0.10797754675149918,0.4070098102092743,2893.977294921875,7.051222801208496,320,1.7756844547390938,5.860061540678143,niveau,0.6067,25
fest,0,rand_ana_poly_complex_10,5,0.044673580676317215,0.15691894505846055,0.03171662241220474,0.23393994569778442,3351.0205078125,7.015232086181641,320,1.7756844547390938,5.860061540678143,niveau,0.6067,25
fest,0,rand_ana_poly_complex_20,5,0.06312669813632965,0.2771533853075951,0.08247385919094086,0.2711368799209595,2880.321533203125,7.0278520584106445,320,1.7756844547390938,5.860061540678143,niveau,0.6067,25
fest,0,rand_ana_poly_complex_30,5,0.03334975242614746,0.14924959874479207,0.051514074206352234,0.2638006806373596,3241.60107421875,7.0410566329956055,320,1.7756844547390938,5.860061540678143,niveau,0.6067,25
fest,0,organic_0,5,0.06654021143913269,0.20867683358241249,0.07900828868150711,0.4352453947067261,3007.571533203125,7.040008068084717,320,1.7756844547390938,5.860061540678143,niveau,0.6067,25
fest,0,organic_10,5,0.03774777427315712,0.13470325310336811,0.034348972141742706,0.25210466980934143,3427.141357421875,7.009537696838379,320,1.7756844547390938,5.860061540678143,niveau,0.6067,25
fest,0,organic_20,5,0.040239594876766205,0.15945960963704198,0.029105162248015404,0.09985093772411346,3160.53125,7.02916145324707,320,1.7756844547390938,5.860061540678143,niveau,0.6067,25
fest,0,organic_30,5,0.030023373663425446,0.1777598826953082,0.06126721575856209,0.1253567785024643,2914.98193359375,7.019637584686279,320,1.7756844547390938,5.860061540678143,niveau,0.6067,25
fest,0,cjk_0,5,0.055826254189014435,0.18197567094860354,0.039303045719861984,0.2334711253643036,3219.77294921875,7.0406951904296875,320,1.7756844547390938,5.860061540678143,niveau,0.6067,25
fest,0,cjk_10,5,0.05558544397354126,0.17636983597305875,0.018076691776514053,0.196414053440094,3249.7216796875,7.043540000915527,320,1.7756844547390938,5.860061540678143,niveau,0.6067,25
fest,0,cjk_20,5,0.0724109560251236,0.24341237570829727,0.07155713438987732,0.16907428205013275,2872.217529296875,7.040256023406982,320,1.7756844547390938,5.860061540678143,niveau,0.6067,25
fest,0,A,6,0.029522353783249855,0.11841104126874308,0.03630492091178894,0.09946008771657944,3644.0595703125,8.442150115966797,384,1.7756844547390938,5.860061540678143,niveau,0.6067,25
fest,0,greek_upper_0,6,0.0336369052529335,0.13491407241104672,0.03847499564290047,0.11712095886468887,3357.712890625,8.447214126586914,384,1.7756844547390938,5.860061540678143,niveau,0.6067,25
fest,0,korean_5,6,0.04172927141189575,0.1365416645538267,0.04568454995751381,0.17858640849590302,3407.614501953125,8.434135437011719,384,1.7756844547390938,5.860061540678143,niveau,0.6067,25
fest,0,digit_5,6,0.03174314647912979,0.1163483823383712,0.03717318922281265,0.11249122768640518,3127.63134765625,8.462882995605469,384,1.7756844547390938,5.860061540678143,niveau,0.6067,25
fest,0,a_lc,6,0.028310108929872513,0.1318291244461292,0.05197545886039734,0.1224922314286232,3408.586181640625,8.437517166137695,384,1.7756844547390938,5.860061540678143,niveau,0.6067,25
fest,0,rand_gmm_10,6,0.03860395401716232,0.11480010209702142,0.00849948264658451,0.03959618881344795,3482.2763671875,8.438854217529297,384,1.7756844547390938,5.860061540678143,niveau,0.6067,25
fest,0,rand_gmm_20,6,0.041557639837265015,0.13617332149633304,0.08122661709785461,0.03664888069033623,3552.203125,8.450480461120605,384,1.7756844547390938,5.860061540678143,niveau,0.6067,25
fest,0,rand_ana_poly_10,6,0.027874937281012535,0.0880288113356445,0.09320463985204697,0.2151636928319931,3168.41650390625,8.422725677490234,384,1.7756844547390938,5.860061540678143,niveau,0.6067,25
fest,0,rand_ana_poly_20,6,0.032666534185409546,0.1374691108780189,0.037642695009708405,0.1544862985610962,2993.563720703125,8.431181907653809,384,1.7756844547390938,5.860061540678143,niveau,0.6067,25
fest,0,rand_ana_poly_30,6,0.039253849536180496,0.14091650192501132,0.10013764351606369,0.2706124782562256,3541.80712890625,8.414039611816406,384,1.7756844547390938,5.860061540678143,niveau,0.6067,25
fest,0,rand_gmm_complex_0,6,0.03690054267644882,0.11906344771985658,0.06112070381641388,0.04527689889073372,3716.900146484375,8.421558380126953,384,1.7756844547390938,5.860061540678143,niveau,0.6067,25
fest,0,rand_gmm_complex_10,6,0.041135791689157486,0.12014388187064319,0.05335766449570656,0.02721051126718521,3632.642333984375,8.445135116577148,384,1.7756844547390938,5.860061540678143,niveau,0.6067,25
fest,0,rand_gmm_complex_20,6,0.044681597501039505,0.1310850295592896,0.07790082693099976,0.043800223618745804,3623.07666015625,8.450024604797363,384,1.7756844547390938,5.860061540678143,niveau,0.6067,25
fest,0,rand_gmm_complex_30,6,0.04238368198275566,0.1285179051702652,0.0991925448179245,0.03345385193824768,3639.87060546875,8.445061683654785,384,1.7756844547390938,5.860061540678143,niveau,0.6067,25
fest,0,rand_ana_poly_complex_0,6,0.04307475686073303,0.1875901748547744,0.061397723853588104,0.27890121936798096,3589.95068359375,8.457849502563477,384,1.7756844547390938,5.860061540678143,niveau,0.6067,25
fest,0,rand_ana_poly_complex_10,6,0.03524927422404289,0.12381543725787557,0.017828647047281265,0.19307367503643036,3463.497314453125,8.419761657714844,384,1.7756844547390938,5.860061540678143,niveau,0.6067,25
fest,0,rand_ana_poly_complex_20,6,0.037911709398031235,0.16644872791810253,0.058877699077129364,0.17992110550403595,3116.626953125,8.439972877502441,384,1.7756844547390938,5.860061540678143,niveau,0.6067,25
fest,0,rand_ana_poly_complex_30,6,0.030458098277449608,0.13630862647348088,0.04250691831111908,0.18038257956504822,3572.154541015625,8.447502136230469,384,1.7756844547390938,5.860061540678143,niveau,0.6067,25
fest,0,organic_0,6,0.05655420944094658,0.1773597212369654,0.07155630737543106,0.30987513065338135,3380.520751953125,8.450589179992676,384,1.7756844547390938,5.860061540678143,niveau,0.6067,25
fest,0,organic_10,6,0.0364358127117157,0.13002150712825758,0.05035540089011192,0.2367372065782547,3450.740478515625,8.412910461425781,384,1.7756844547390938,5.860061540678143,niveau,0.6067,25
fest,0,organic_20,6,0.03794339671730995,0.15036034153363473,0.06112593039870262,0.0746799036860466,3554.5009765625,8.423600196838379,384,1.7756844547390938,5.860061540678143,niveau,0.6067,25
fest,0,organic_30,6,0.021939968690276146,0.12990033380136987,0.07994547486305237,0.0852402076125145,3175.72509765625,8.429018020629883,384,1.7756844547390938,5.860061540678143,niveau,0.6067,25
fest,0,cjk_0,6,0.04463065788149834,0.14548162026714376,0.02889716811478138,0.22376586496829987,3359.322265625,8.448787689208984,384,1.7756844547390938,5.860061540678143,niveau,0.6067,25
fest,0,cjk_10,6,0.04394334554672241,0.13943003945191149,0.07043582201004028,0.1252366155385971,3599.000732421875,8.43593978881836,384,1.7756844547390938,5.860061540678143,niveau,0.6067,25
fest,0,cjk_20,6,0.04855823144316673,0.16323047125180365,0.03398117423057556,0.13390423357486725,3489.0888671875,8.44691276550293,384,1.7756844547390938,5.860061540678143,niveau,0.6067,25
fest,0,A,7,0.02884630113840103,0.11569946555168571,0.05118711292743683,0.08163394778966904,3715.93408203125,9.839893341064453,448,1.7756844547390938,5.860061540678143,niveau,0.6067,25
fest,0,greek_upper_0,7,0.02991635352373123,0.11999133259214306,0.03339948505163193,0.09786075353622437,3481.413818359375,9.846146583557129,448,1.7756844547390938,5.860061540678143,niveau,0.6067,25
fest,0,korean_5,7,0.04052801802754402,0.13261106305754597,0.049115706235170364,0.1780872344970703,3450.400146484375,9.846111297607422,448,1.7756844547390938,5.860061540678143,niveau,0.6067,25
fest,0,digit_5,7,0.031659215688705444,0.11604075021057712,0.050447918474674225,0.09216798841953278,3412.948486328125,9.874094009399414,448,1.7756844547390938,5.860061540678143,niveau,0.6067,25
fest,0,a_lc,7,0.02607455477118492,0.12141902153477262,0.03945149853825569,0.10104776918888092,3524.43359375,9.846101760864258,448,1.7756844547390938,5.860061540678143,niveau,0.6067,25
fest,0,rand_gmm_10,7,0.035068389028310776,0.10428606973882394,0.008013220503926277,0.035443808883428574,3636.073974609375,9.850337982177734,448,1.7756844547390938,5.860061540678143,niveau,0.6067,25
fest,0,rand_gmm_20,7,0.03328138217329979,0.1090542285912775,0.02757267653942108,0.025398561730980873,3719.378662109375,9.840764045715332,448,1.7756844547390938,5.860061540678143,niveau,0.6067,25
fest,0,rand_ana_poly_10,7,0.02318228781223297,0.07320946481704657,0.1670621633529663,0.2216695100069046,3266.78271484375,9.829678535461426,448,1.7756844547390938,5.860061540678143,niveau,0.6067,25
fest,0,rand_ana_poly_20,7,0.030609948560595512,0.12881447382093023,0.03336672857403755,0.14912568032741547,3058.642578125,9.83850383758545,448,1.7756844547390938,5.860061540678143,niveau,0.6067,25
fest,0,rand_ana_poly_30,7,0.03548719733953476,0.12739468284761737,0.060405462980270386,0.24648578464984894,3609.59326171875,9.816001892089844,448,1.7756844547390938,5.860061540678143,niveau,0.6067,25
fest,0,rand_gmm_complex_0,7,0.03404931351542473,0.10986365959946158,0.037261225283145905,0.045368071645498276,3756.847900390625,9.813751220703125,448,1.7756844547390938,5.860061540678143,niveau,0.6067,25
fest,0,rand_gmm_complex_10,7,0.03668420389294624,0.10714228359422615,0.06864174455404282,0.026143131777644157,3745.9404296875,9.842766761779785,448,1.7756844547390938,5.860061540678143,niveau,0.6067,25
fest,0,rand_gmm_complex_20,7,0.03901132568717003,0.1144498197659738,0.020405881106853485,0.03749781847000122,3728.184814453125,9.827459335327148,448,1.7756844547390938,5.860061540678143,niveau,0.6067,25
fest,0,rand_gmm_complex_30,7,0.037994954735040665,0.11521018847709359,0.07857825607061386,0.03290782496333122,3667.958740234375,9.851092338562012,448,1.7756844547390938,5.860061540678143,niveau,0.6067,25
fest,0,rand_ana_poly_complex_0,7,0.03619872033596039,0.157645098248532,0.05266101658344269,0.23782481253147125,3692.9326171875,9.866615295410156,448,1.7756844547390938,5.860061540678143,niveau,0.6067,25
fest,0,rand_ana_poly_complex_10,7,0.032518718391656876,0.11422417696142056,0.025266773998737335,0.17620950937271118,3669.2880859375,9.826944351196289,448,1.7756844547390938,5.860061540678143,niveau,0.6067,25
fest,0,rand_ana_poly_complex_20,7,0.027907492592930794,0.12252590862385182,0.04588004946708679,0.15508562326431274,3177.556640625,9.84853458404541,448,1.7756844547390938,5.860061540678143,niveau,0.6067,25
fest,0,rand_ana_poly_complex_30,7,0.02639942429959774,0.11814490954719313,0.0353197380900383,0.1696840524673462,3693.751708984375,9.838155746459961,448,1.7756844547390938,5.860061540678143,niveau,0.6067,25
fest,0,organic_0,7,0.0387696772813797,0.12158562948798111,0.06057785078883171,0.18469379842281342,3637.45263671875,9.845446586608887,448,1.7756844547390938,5.860061540678143,niveau,0.6067,25
fest,0,organic_10,7,0.03398652374744415,0.12128119865629103,0.007659352850168943,0.1722772717475891,3743.05810546875,9.82015609741211,448,1.7756844547390938,5.860061540678143,niveau,0.6067,25
fest,0,organic_20,7,0.027347736060619354,0.1083723464423127,0.03851385414600372,0.06398361921310425,3625.418701171875,9.831028938293457,448,1.7756844547390938,5.860061540678143,niveau,0.6067,25
fest,0,organic_30,7,0.021097565069794655,0.12491270081789496,0.013657988980412483,0.07517269253730774,3455.87109375,9.835868835449219,448,1.7756844547390938,5.860061540678143,niveau,0.6067,25
fest,0,cjk_0,7,0.036345548927783966,0.11847482422401713,0.018777206540107727,0.22258418798446655,3600.304931640625,9.845069885253906,448,1.7756844547390938,5.860061540678143,niveau,0.6067,25
fest,0,cjk_10,7,0.03685356676578522,0.1169345256754205,0.015262152999639511,0.10513912886381149,3736.02880859375,9.847894668579102,448,1.7756844547390938,5.860061540678143,niveau,0.6067,25
fest,0,cjk_20,7,0.038457490503787994,0.1292764194973262,0.04708355665206909,0.09880109131336212,3686.28125,9.84869384765625,448,1.7756844547390938,5.860061540678143,niveau,0.6067,25
fest,0,A,8,0.027713583782315254,0.11115625593560849,0.04588228464126587,0.07355821877717972,3818.427490234375,11.251264572143555,512,1.7756844547390938,5.860061540678143,niveau,0.6067,25
fest,0,greek_upper_0,8,0.02991628646850586,0.11999106364072011,0.010456148535013199,0.08425763249397278,3671.59765625,11.249107360839844,512,1.7756844547390938,5.860061540678143,niveau,0.6067,25
fest,0,korean_5,8,0.03610954433679581,0.11815344776474535,0.018959414213895798,0.1765657514333725,3464.39453125,11.25855827331543,512,1.7756844547390938,5.860061540678143,niveau,0.6067,25
fest,0,digit_5,8,0.026844697073101997,0.09839406061628232,0.030528444796800613,0.08447111397981644,3680.756591796875,11.254617691040039,512,1.7756844547390938,5.860061540678143,niveau,0.6067,25
fest,0,a_lc,8,0.02607455477118492,0.12141902153477262,0.03334136679768562,0.09405742585659027,3805.893798828125,11.255609512329102,512,1.7756844547390938,5.860061540678143,niveau,0.6067,25
fest,0,rand_gmm_10,8,0.031101631000638008,0.09248975927879799,0.005823604296892881,0.032830625772476196,3704.072265625,11.2304048538208,512,1.7756844547390938,5.860061540678143,niveau,0.6067,25
fest,0,rand_gmm_20,8,0.030972234904766083,0.10148776777656936,0.11479726433753967,0.023994311690330505,3742.49365234375,11.240272521972656,512,1.7756844547390938,5.860061540678143,niveau,0.6067,25
fest,0,rand_ana_poly_10,8,0.018387814983725548,0.058068561007299124,0.06704636663198471,0.17282043397426605,3384.42724609375,11.236360549926758,512,1.7756844547390938,5.860061540678143,niveau,0.6067,25
fest,0,rand_ana_poly_20,8,0.03054792992770672,0.12855348358937696,0.030508441850543022,0.12256480753421783,3426.13037109375,11.235895156860352,512,1.7756844547390938,5.860061540678143,niveau,0.6067,25
fest,0,rand_ana_poly_30,8,0.03075948730111122,0.11042278407584585,0.03221625089645386,0.1994042545557022,3665.0458984375,11.225371360778809,512,1.7756844547390938,5.860061540678143,niveau,0.6067,25
fest,0,rand_gmm_complex_0,8,0.03248186782002449,0.10480613266159594,0.03178514167666435,0.03910538926720619,3845.2822265625,11.216527938842773,512,1.7756844547390938,5.860061540678143,niveau,0.6067,25
fest,0,rand_gmm_complex_10,8,0.03326556459069252,0.09715758220347673,0.053562089800834656,0.024006100371479988,3799.804443359375,11.218229293823242,512,1.7756844547390938,5.860061540678143,niveau,0.6067,25
fest,0,rand_gmm_complex_20,8,0.03622225672006607,0.10626736415911656,0.09820059686899185,0.022909224033355713,3814.4619140625,11.238962173461914,512,1.7756844547390938,5.860061540678143,niveau,0.6067,25
fest,0,rand_gmm_complex_30,8,0.032991766929626465,0.10003927396837153,0.05660814791917801,0.029661284759640694,3720.270751953125,11.244112014770508,512,1.7756844547390938,5.860061540678143,niveau,0.6067,25
fest,0,rand_ana_poly_complex_0,8,0.03172094374895096,0.13814442188642242,0.03218420594930649,0.17752711474895477,3746.005859375,11.278361320495605,512,1.7756844547390938,5.860061540678143,niveau,0.6067,25
fest,0,rand_ana_poly_complex_10,8,0.02573881484568119,0.09040931153254254,0.013789615593850613,0.14680810272693634,3718.97998046875,11.238685607910156,512,1.7756844547390938,5.860061540678143,niveau,0.6067,25
fest,0,rand_ana_poly_complex_20,8,0.025984782725572586,0.11408438444414873,0.05609680339694023,0.1632285714149475,3222.509765625,11.257938385009766,512,1.7756844547390938,5.860061540678143,niveau,0.6067,25
fest,0,rand_ana_poly_complex_30,8,0.023804856464266777,0.1065334827698333,0.028700457885861397,0.1583666205406189,3716.98046875,11.22575569152832,512,1.7756844547390938,5.860061540678143,niveau,0.6067,25
fest,0,organic_0,8,0.0301213338971138,0.09446354985929131,0.014699656516313553,0.1420368105173111,3733.49951171875,11.245899200439453,512,1.7756844547390938,5.860061540678143,niveau,0.6067,25
fest,0,organic_10,8,0.02803013101220131,0.100025760590131,0.039893344044685364,0.14042344689369202,3796.124267578125,11.223350524902344,512,1.7756844547390938,5.860061540678143,niveau,0.6067,25
fest,0,organic_20,8,0.02575468271970749,0.10205946817773892,0.024008940905332565,0.05411741882562637,3644.657470703125,11.227277755737305,512,1.7756844547390938,5.860061540678143,niveau,0.6067,25
fest,0,organic_30,8,0.020197460427880287,0.11958343644694534,0.06052310764789581,0.060257334262132645,3481.550537109375,11.234197616577148,512,1.7756844547390938,5.860061540678143,niveau,0.6067,25
fest,0,cjk_0,8,0.031205449253320694,0.10171974902523698,0.011419196613132954,0.1813877820968628,3771.704833984375,11.248689651489258,512,1.7756844547390938,5.860061540678143,niveau,0.6067,25
fest,0,cjk_10,8,0.026707179844379425,0.0847405470161992,0.010961347259581089,0.09207319468259811,3807.89306640625,11.253539085388184,512,1.7756844547390938,5.860061540678143,niveau,0.6067,25
fest,0,cjk_20,8,0.02869010716676712,0.09644296289038687,0.009745102375745773,0.08601579070091248,3724.218505859375,11.2213773727417,512,1.7756844547390938,5.860061540678143,niveau,0.6067,25
fest,1,A,1,0.1111714318394661,0.4458968651380743,0.07177875936031342,0.18645791709423065,1149.33203125,1.4109303951263428,64,1.7407814987376333,5.838882986493409,niveau,0.6067,25
fest,1,greek_upper_0,1,0.226262629032135,0.907515494889146,0.41625064611434937,0.2259121984243393,1232.02001953125,1.4131345748901367,64,1.7407814987376333,5.838882986493409,niveau,0.6067,25
fest,1,korean_5,1,0.14553262293338776,0.4761949085107794,0.09677324444055557,0.2717095911502838,1229.49462890625,1.4102803468704224,64,1.7407814987376333,5.838882986493409,niveau,0.6067,25
fest,1,digit_5,1,0.11871328204870224,0.4351206436805616,0.10070778429508209,0.19949251413345337,1181.753173828125,1.4104437828063965,64,1.7407814987376333,5.838882986493409,niveau,0.6067,25
fest,1,a_lc,1,0.14132152497768402,0.6580791670335604,0.12152977287769318,0.22839578986167908,1102.374267578125,1.4107699394226074,64,1.7407814987376333,5.838882986493409,niveau,0.6067,25
fest,1,rand_gmm_10,1,0.18377870321273804,0.5465195063360861,0.11039254069328308,0.2096182405948639,1083.029296875,1.4030654430389404,64,1.7407814987376333,5.838882986493409,niveau,0.6067,25
fest,1,rand_gmm_20,1,0.2782321572303772,0.911692703086959,0.3514747619628906,0.2884814143180847,1232.758544921875,1.4123203754425049,64,1.7407814987376333,5.838882986493409,niveau,0.6067,25
fest,1,rand_ana_poly_10,1,0.1411856710910797,0.44586313068545713,0.11146534234285355,0.31469273567199707,1018.748779296875,1.399251937866211,64,1.7407814987376333,5.838882986493409,niveau,0.6067,25
fest,1,rand_ana_poly_20,1,0.12201258540153503,0.5134600914770134,0.19521735608577728,0.27005457878112793,1210.724609375,1.4122283458709717,64,1.7407814987376333,5.838882986493409,niveau,0.6067,25
fest,1,rand_ana_poly_30,1,0.33338093757629395,1.1967966476365894,0.5319790840148926,0.3049604296684265,1033.556640625,1.407943844795227,64,1.7407814987376333,5.838882986493409,niveau,0.6067,25
fest,1,rand_gmm_complex_0,1,0.2705892026424408,0.8730842704635369,0.4257558584213257,0.2360682189464569,940.6396484375,1.4070756435394287,64,1.7407814987376333,5.838882986493409,niveau,0.6067,25
fest,1,rand_gmm_complex_10,1,0.17129197716712952,0.500286544274311,0.1235409528017044,0.172805055975914,1050.77490234375,1.4120601415634155,64,1.7407814987376333,5.838882986493409,niveau,0.6067,25
fest,1,rand_gmm_complex_20,1,0.19763140380382538,0.5798028687059732,0.11832676082849503,0.2109614610671997,1180.427734375,1.408064365386963,64,1.7407814987376333,5.838882986493409,niveau,0.6067,25
fest,1,rand_gmm_complex_30,1,0.1978701651096344,0.5999917403573191,0.18548715114593506,0.27050209045410156,1074.679931640625,1.4094440937042236,64,1.7407814987376333,5.838882986493409,niveau,0.6067,25
fest,1,rand_ana_poly_complex_0,1,0.20047251880168915,0.8730559983698521,0.3444795310497284,0.3501474857330322,1192.388671875,1.41257643699646,64,1.7407814987376333,5.838882986493409,niveau,0.6067,25
fest,1,rand_ana_poly_complex_10,1,0.19230732321739197,0.675492356543676,0.24362169206142426,0.4334864020347595,1135.5361328125,1.4099087715148926,64,1.7407814987376333,5.838882986493409,niveau,0.6067,25
fest,1,rand_ana_poly_complex_20,1,0.17211773991584778,0.7556709870386225,0.3670060336589813,0.3302406668663025,1256.22998046875,1.4124372005462646,64,1.7407814987376333,5.838882986493409,niveau,0.6067,25
fest,1,rand_ana_poly_complex_30,1,0.13705730438232422,0.6133703010060922,0.10698581486940384,0.3097015917301178,1116.74755859375,1.408250331878662,64,1.7407814987376333,5.838882986493409,niveau,0.6067,25
fest,1,organic_0,1,0.20925001800060272,0.6562292219851374,0.17469413578510284,0.42183735966682434,1145.356689453125,1.4074110984802246,64,1.7407814987376333,5.838882986493409,niveau,0.6067,25
fest,1,organic_10,1,0.13721872866153717,0.48966619869191824,0.04985853284597397,0.5027238130569458,1061.198486328125,1.4087352752685547,64,1.7407814987376333,5.838882986493409,niveau,0.6067,25
fest,1,organic_20,1,0.19160211086273193,0.7592720030450715,0.30374839901924133,0.3025321364402771,1186.28759765625,1.4123047590255737,64,1.7407814987376333,5.838882986493409,niveau,0.6067,25
fest,1,organic_30,1,0.15444837510585785,0.9144450370260578,0.3095553517341614,0.19130410254001617,1221.98974609375,1.4086225032806396,64,1.7407814987376333,5.838882986493409,niveau,0.6067,25
fest,1,cjk_0,1,0.14287583529949188,0.46572936638266355,0.03183412179350853,0.3028647005558014,1115.24755859375,1.4093047380447388,64,1.7407814987376333,5.838882986493409,niveau,0.6067,25
fest,1,cjk_10,1,0.19122108817100525,0.6067349569315924,0.13920225203037262,0.2641412317752838,1117.11572265625,1.4116992950439453,64,1.7407814987376333,5.838882986493409,niveau,0.6067,25
fest,1,cjk_20,1,0.14660590887069702,0.4928217293348405,0.059427037835121155,0.21448035538196564,1011.202392578125,1.3970701694488525,64,1.7407814987376333,5.838882986493409,niveau,0.6067,25
fest,1,A,2,0.07346935570240021,0.2946778218951082,0.04996582865715027,0.1603115200996399,1948.47802734375,2.819390296936035,128,1.7407814987376333,5.838882986493409,niveau,0.6067,25
fest,1,greek_upper_0,2,0.0658266618847847,0.26402378462943815,0.07167863100767136,0.14389243721961975,2216.23291015625,2.8247673511505127,128,1.7407814987376333,5.838882986493409,niveau,0.6067,25
fest,1,korean_5,2,0.07105451077222824,0.2324962992795541,0.04709739610552788,0.20911923050880432,1892.375244140625,2.819673538208008,128,1.7407814987376333,5.838882986493409,niveau,0.6067,25
fest,1,digit_5,2,0.07131490856409073,0.26139104557565196,0.021275505423545837,0.18515202403068542,1980.775390625,2.822844982147217,128,1.7407814987376333,5.838882986493409,niveau,0.6067,25
fest,1,a_lc,2,0.06143350526690483,0.286071849142447,0.053531937301158905,0.25893208384513855,1876.875244140625,2.8210299015045166,128,1.7407814987376333,5.838882986493409,niveau,0.6067,25
fest,1,rand_gmm_10,2,0.15133847296237946,0.4500490322717872,0.13680696487426758,0.20701642334461212,1599.27587890625,2.8153443336486816,128,1.7407814987376333,5.838882986493409,niveau,0.6067,25
fest,1,rand_gmm_20,2,0.24876922369003296,0.8151505140472258,0.36369654536247253,0.2828432619571686,1636.59716796875,2.8210625648498535,128,1.7407814987376333,5.838882986493409,niveau,0.6067,25
fest,1,rand_ana_poly_10,2,0.12313201278448105,0.38884983358030806,0.19491367042064667,0.2990010380744934,1824.863525390625,2.809569835662842,128,1.7407814987376333,5.838882986493409,niveau,0.6067,25
fest,1,rand_ana_poly_20,2,0.09957153350114822,0.4190224191361399,0.1815568506717682,0.29729554057121277,1713.378173828125,2.820107936859131,128,1.7407814987376333,5.838882986493409,niveau,0.6067,25
fest,1,rand_ana_poly_30,2,0.11408650875091553,0.40955656375047367,0.26755037903785706,0.3380231559276581,1826.2529296875,2.8065454959869385,128,1.7407814987376333,5.838882986493409,niveau,0.6067,25
fest,1,rand_gmm_complex_0,2,0.0989271029829979,0.31919861063752164,0.08956926316022873,0.11874133348464966,1982.14013671875,2.817436695098877,128,1.7407814987376333,5.838882986493409,niveau,0.6067,25
fest,1,rand_gmm_complex_10,2,0.08143661916255951,0.23784911267892261,0.012458895333111286,0.06798652559518814,1945.42724609375,2.814940929412842,128,1.7407814987376333,5.838882986493409,niveau,0.6067,25
fest,1,rand_gmm_complex_20,2,0.15856416523456573,0.4651890140305204,0.16395889222621918,0.18033987283706665,1858.26611328125,2.8110110759735107,128,1.7407814987376333,5.838882986493409,niveau,0.6067,25
fest,1,rand_gmm_complex_30,2,0.13897334039211273,0.4214018637874673,0.27231886982917786,0.2081250697374344,1965.93212890625,2.8173789978027344,128,1.7407814987376333,5.838882986493409,niveau,0.6067,25
fest,1,rand_ana_poly_complex_0,2,0.11782823503017426,0.5131408932522455,0.2698875665664673,0.4339032769203186,1962.047607421875,2.8231005668640137,128,1.7407814987376333,5.838882986493409,niveau,0.6067,25
fest,1,rand_ana_poly_complex_10,2,0.07692334800958633,0.2701984134087593,0.16575782001018524,0.391857773065567,1946.8232421875,2.8184683322906494,128,1.7407814987376333,5.838882986493409,niveau,0.6067,25
fest,1,rand_ana_poly_complex_20,2,0.14144468307495117,0.6210030605960332,0.32052215933799744,0.4702964425086975,1658.52978515625,2.8251163959503174,128,1.7407814987376333,5.838882986493409,niveau,0.6067,25
fest,1,rand_ana_poly_complex_30,2,0.0849362313747406,0.3801137198738497,0.05446934700012207,0.2789401113986969,2010.560546875,2.8128480911254883,128,1.7407814987376333,5.838882986493409,niveau,0.6067,25
fest,1,organic_0,2,0.14522342383861542,0.45543534643499034,0.11564932763576508,0.3794696629047394,1712.49169921875,2.8068294525146484,128,1.7407814987376333,5.838882986493409,niveau,0.6067,25
fest,1,organic_10,2,0.11686212569475174,0.4170234881067378,0.08221585303544998,0.4874977469444275,1867.81982421875,2.8176910877227783,128,1.7407814987376333,5.838882986493409,niveau,0.6067,25
fest,1,organic_20,2,0.11996939778327942,0.475409193295788,0.3085620403289795,0.25882259011268616,1789.409912109375,2.822542190551758,128,1.7407814987376333,5.838882986493409,niveau,0.6067,25
fest,1,organic_30,2,0.0818636417388916,0.4846914112867829,0.2850990891456604,0.16494962573051453,1693.592041015625,2.818002700805664,128,1.7407814987376333,5.838882986493409,niveau,0.6067,25
fest,1,cjk_0,2,0.10507425665855408,0.34250835261357726,0.07603711634874344,0.27215391397476196,2032.010498046875,2.8222615718841553,128,1.7407814987376333,5.838882986493409,niveau,0.6067,25
fest,1,cjk_10,2,0.09914163500070572,0.3145714534815714,0.029803816229104996,0.19566887617111206,2160.230712890625,2.82327938079834,128,1.7407814987376333,5.838882986493409,niveau,0.6067,25
fest,1,cjk_20,2,0.09208858013153076,0.3095595099951803,0.026311412453651428,0.20678041875362396,1649.947021484375,2.7992172241210938,128,1.7407814987376333,5.838882986493409,niveau,0.6067,25
fest,1,A,3,0.06271596252918243,0.2515470982352842,0.07507763057947159,0.1491251438856125,2509.175537109375,4.228767395019531,192,1.7407814987376333,5.838882986493409,niveau,0.6067,25
fest,1,greek_upper_0,3,0.05407370254397392,0.21688390669991464,0.08254020661115646,0.13803496956825256,2753.1484375,4.2252421379089355,192,1.7407814987376333,5.838882986493409,niveau,0.6067,25
fest,1,korean_5,3,0.059173714369535446,0.193621340236144,0.0258955005556345,0.19374887645244598,2666.18798828125,4.23229455947876,192,1.7407814987376333,5.838882986493409,niveau,0.6067,25
fest,1,digit_5,3,0.052918195724487305,0.19396144212916716,0.02682003378868103,0.20054905116558075,2293.592041015625,4.227210998535156,192,1.7407814987376333,5.838882986493409,niveau,0.6067,25
fest,1,a_lc,3,0.05379384383559227,0.25049692853548017,0.045213356614112854,0.20588696002960205,2692.605712890625,4.228340148925781,192,1.7407814987376333,5.838882986493409,niveau,0.6067,25
fest,1,rand_gmm_10,3,0.09325920790433884,0.27733341989128263,0.1404571533203125,0.11426527053117752,2075.68603515625,4.212679386138916,192,1.7407814987376333,5.838882986493409,niveau,0.6067,25
fest,1,rand_gmm_20,3,0.07238629460334778,0.23719061538502104,0.15402352809906006,0.0752880722284317,2615.762939453125,4.229461669921875,192,1.7407814987376333,5.838882986493409,niveau,0.6067,25
fest,1,rand_ana_poly_10,3,0.07800374925136566,0.24633516685968182,0.025513077154755592,0.3509882092475891,2323.29150390625,4.221211910247803,192,1.7407814987376333,5.838882986493409,niveau,0.6067,25
fest,1,rand_ana_poly_20,3,0.055538956075906754,0.2337220982034378,0.07883523404598236,0.2769145667552948,2160.12744140625,4.228118419647217,192,1.7407814987376333,5.838882986493409,niveau,0.6067,25
fest,1,rand_ana_poly_30,3,0.057681430131196976,0.20706925451039793,0.08581798523664474,0.21528635919094086,2772.40966796875,4.218173027038574,192,1.7407814987376333,5.838882986493409,niveau,0.6067,25
fest,1,rand_gmm_complex_0,3,0.08310553431510925,0.26814866997804276,0.055213358253240585,0.11196534335613251,2548.35595703125,4.225827693939209,192,1.7407814987376333,5.838882986493409,niveau,0.6067,25
fest,1,rand_gmm_complex_10,3,0.06459815800189972,0.18866960243983918,0.012669363059103489,0.04422660544514656,2414.990234375,4.219662666320801,192,1.7407814987376333,5.838882986493409,niveau,0.6067,25
fest,1,rand_gmm_complex_20,3,0.09833729267120361,0.28849789706568446,0.07980460673570633,0.11232556402683258,2432.443359375,4.219524383544922,192,1.7407814987376333,5.838882986493409,niveau,0.6067,25
fest,1,rand_gmm_complex_30,3,0.08041426539421082,0.24383612868920918,0.05124711990356445,0.1437462419271469,2706.593505859375,4.22320556640625,192,1.7407814987376333,5.838882986493409,niveau,0.6067,25
fest,1,rand_ana_poly_complex_0,3,0.10557407885789871,0.45977415443379777,0.2426292449235916,0.4644085466861725,2235.104248046875,4.219583511352539,192,1.7407814987376333,5.838882986493409,niveau,0.6067,25
fest,1,rand_ana_poly_complex_10,3,0.05541307106614113,0.19464212455121238,0.06560814380645752,0.37814798951148987,2524.319091796875,4.221271514892578,192,1.7407814987376333,5.838882986493409,niveau,0.6067,25
fest,1,rand_ana_poly_complex_20,3,0.057693496346473694,0.2532992900741355,0.15861421823501587,0.2571638822555542,2557.18310546875,4.220327854156494,192,1.7407814987376333,5.838882986493409,niveau,0.6067,25
fest,1,rand_ana_poly_complex_30,3,0.06732922792434692,0.301317386800951,0.03133730590343475,0.3344176709651947,2556.9453125,4.2232770919799805,192,1.7407814987376333,5.838882986493409,niveau,0.6067,25
fest,1,organic_0,3,0.09490082412958145,0.2976185836415279,0.05287488177418709,0.3545990288257599,2474.842041015625,4.217466354370117,192,1.7407814987376333,5.838882986493409,niveau,0.6067,25
fest,1,organic_10,3,0.0883675292134285,0.3153402785451214,0.08885017037391663,0.4769268035888672,2433.170166015625,4.221250534057617,192,1.7407814987376333,5.838882986493409,niveau,0.6067,25
fest,1,organic_20,3,0.09637375175952911,0.38190545610350596,0.09262862801551819,0.20164461433887482,2454.37158203125,4.225244522094727,192,1.7407814987376333,5.838882986493409,niveau,0.6067,25
fest,1,organic_30,3,0.0407082624733448,0.24102207976736686,0.12363258749246597,0.19332469999790192,2400.240234375,4.206526756286621,192,1.7407814987376333,5.838882986493409,niveau,0.6067,25
fest,1,cjk_0,3,0.07140443474054337,0.2327555396538338,0.05176696181297302,0.28070932626724243,2517.84814453125,4.234743118286133,192,1.7407814987376333,5.838882986493409,niveau,0.6067,25
fest,1,cjk_10,3,0.07556191831827164,0.23975419079043112,0.05245646834373474,0.18315841257572174,2639.552001953125,4.23441743850708,192,1.7407814987376333,5.838882986493409,niveau,0.6067,25
fest,1,cjk_20,3,0.04921092465519905,0.1654245260477981,0.0072665736079216,0.16642554104328156,2518.697998046875,4.211830139160156,192,1.7407814987376333,5.838882986493409,niveau,0.6067,25
fest,1,A,4,0.057259853929281235,0.2296632232118705,0.06190398335456848,0.148250550031662,2947.61767578125,5.6415815353393555,256,1.7407814987376333,5.838882986493409,niveau,0.6067,25
fest,1,greek_upper_0,4,0.05096492916345596,0.20441494518829767,0.1110091581940651,0.12607884407043457,2956.950927734375,5.637951850891113,256,1.7407814987376333,5.838882986493409,niveau,0.6067,25
fest,1,korean_5,4,0.04392111673951149,0.14371356570022117,0.05031069368124008,0.20543882250785828,2867.8974609375,5.644923686981201,256,1.7407814987376333,5.838882986493409,niveau,0.6067,25
fest,1,digit_5,4,0.05115726962685585,0.18750710708044904,0.057412952184677124,0.1691863089799881,2846.61669921875,5.631562232971191,256,1.7407814987376333,5.838882986493409,niveau,0.6067,25
fest,1,a_lc,4,0.04621405899524689,0.21520082983561287,0.049817636609077454,0.165383443236351,2988.635498046875,5.633928298950195,256,1.7407814987376333,5.838882986493409,niveau,0.6067,25
fest,1,rand_gmm_10,4,0.05923787131905556,0.1761610655844855,0.03310442715883255,0.04506111890077591,2844.572509765625,5.623519420623779,256,1.7407814987376333,5.838882986493409,niveau,0.6067,25
fest,1,rand_gmm_20,4,0.0501299686729908,0.1642625608056556,0.06554083526134491,0.04940469190478325,3298.88134765625,5.614474773406982,256,1.7407814987376333,5.838882986493409,niveau,0.6067,25
fest,1,rand_ana_poly_10,4,0.058280300348997116,0.18404868546560574,0.19046908617019653,0.3003981411457062,2735.91748046875,5.6299662590026855,256,1.7407814987376333,5.838882986493409,niveau,0.6067,25
fest,1,rand_ana_poly_20,4,0.03756372630596161,0.15807774486380066,0.1399640589952469,0.2386854737997055,2745.943359375,5.630411148071289,256,1.7407814987376333,5.838882986493409,niveau,0.6067,25
fest,1,rand_ana_poly_30,4,0.04762548580765724,0.17096964862792793,0.052622757852077484,0.19211144745349884,3176.724609375,5.611164093017578,256,1.7407814987376333,5.838882986493409,niveau,0.6067,25
fest,1,rand_gmm_complex_0,4,0.06935279071331024,0.22377400906330058,0.05241166427731514,0.10791580379009247,2932.21728515625,5.63341760635376,256,1.7407814987376333,5.838882986493409,niveau,0.6067,25
fest,1,rand_gmm_complex_10,4,0.04904792457818985,0.14325257432873173,0.053827885538339615,0.03649728745222092,3098.17236328125,5.621580123901367,256,1.7407814987376333,5.838882986493409,niveau,0.6067,25
fest,1,rand_gmm_complex_20,4,0.09040601551532745,0.26522944296896694,0.18019898235797882,0.10956961661577225,2521.21728515625,5.627091407775879,256,1.7407814987376333,5.838882986493409,niveau,0.6067,25
fest,1,rand_gmm_complex_30,4,0.06141034513711929,0.18621149800096767,0.08302382379770279,0.10818885266780853,3177.0712890625,5.632299900054932,256,1.7407814987376333,5.838882986493409,niveau,0.6067,25
fest,1,rand_ana_poly_complex_0,4,0.06878327578306198,0.29955054123570013,0.1475224643945694,0.49026134610176086,2792.51416015625,5.629644393920898,256,1.7407814987376333,5.838882986493409,niveau,0.6067,25
fest,1,rand_ana_poly_complex_10,4,0.045008279383182526,0.1580945966896623,0.026869919151067734,0.3541463315486908,2990.76953125,5.633531093597412,256,1.7407814987376333,5.838882986493409,niveau,0.6067,25
fest,1,rand_ana_poly_complex_20,4,0.049393441528081894,0.2168584756632829,0.05376188084483147,0.238079234957695,3100.068603515625,5.621549606323242,256,1.7407814987376333,5.838882986493409,niveau,0.6067,25
fest,1,rand_ana_poly_complex_30,4,0.06554413586854935,0.2933285936715178,0.0643843561410904,0.259747177362442,2800.661865234375,5.636112689971924,256,1.7407814987376333,5.838882986493409,niveau,0.6067,25
fest,1,organic_0,4,0.06471601873636246,0.20295598075034044,0.012136988341808319,0.29467809200286865,3123.4501953125,5.627408027648926,256,1.7407814987376333,5.838882986493409,niveau,0.6067,25
fest,1,organic_10,4,0.08452700823545456,0.30163534681586984,0.1312417834997177,0.425622820854187,2587.96875,5.632813453674316,256,1.7407814987376333,5.838882986493409,niveau,0.6067,25
fest,1,organic_20,4,0.06307613104581833,0.2499551813278444,0.12020915001630783,0.1796080768108368,2916.09033203125,5.624205589294434,256,1.7407814987376333,5.838882986493409,niveau,0.6067,25
fest,1,organic_30,4,0.03573756292462349,0.21159197712135028,0.09366974234580994,0.13426700234413147,3032.89794921875,5.619399070739746,256,1.7407814987376333,5.838882986493409,niveau,0.6067,25
fest,1,cjk_0,4,0.06944985687732697,0.2263842431510123,0.14511415362358093,0.2053048014640808,2668.460693359375,5.62855863571167,256,1.7407814987376333,5.838882986493409,niveau,0.6067,25
fest,1,cjk_10,4,0.05537803843617439,0.17571174856760938,0.028073780238628387,0.13801567256450653,3292.483642578125,5.642699241638184,256,1.7407814987376333,5.838882986493409,niveau,0.6067,25
fest,1,cjk_20,4,0.038705211132764816,0.13010914247353275,0.04961680620908737,0.18799151480197906,2820.9140625,5.622692108154297,256,1.7407814987376333,5.838882986493409,niveau,0.6067,25
fest,1,A,5,0.04725934565067291,0.1895522413036948,0.03364481031894684,0.13924729824066162,3141.01953125,7.049269676208496,320,1.7407814987376333,5.838882986493409,niveau,0.6067,25
fest,1,greek_upper_0,5,0.04808695241808891,0.19287168459098405,0.11053535342216492,0.1292594075202942,3102.043212890625,7.048722267150879,320,1.7407814987376333,5.838882986493409,niveau,0.6067,25
fest,1,korean_5,5,0.03744105249643326,0.12251025377483236,0.030120719224214554,0.15072882175445557,3323.857666015625,7.055970668792725,320,1.7407814987376333,5.838882986493409,niveau,0.6067,25
fest,1,digit_5,5,0.03247084841132164,0.11901563344691189,0.041226860135793686,0.1925911009311676,2893.369873046875,7.022912979125977,320,1.7407814987376333,5.838882986493409,niveau,0.6067,25
fest,1,a_lc,5,0.04552111029624939,0.2119740382855976,0.048193853348493576,0.12115355581045151,3546.98388671875,7.045500755310059,320,1.7407814987376333,5.838882986493409,niveau,0.6067,25
fest,1,rand_gmm_10,5,0.04768882691860199,0.14181661797412745,0.012558444403111935,0.033981870859861374,3446.591796875,7.032459735870361,320,1.7407814987376333,5.838882986493409,niveau,0.6067,25
fest,1,rand_gmm_20,5,0.041767820715904236,0.13686202827735808,0.014207081869244576,0.04518706351518631,3431.45361328125,7.024214744567871,320,1.7407814987376333,5.838882986493409,niveau,0.6067,25
fest,1,rand_ana_poly_10,5,0.0413108766078949,0.13045939175990764,0.10878004133701324,0.17242443561553955,3155.479736328125,7.039920330047607,320,1.7407814987376333,5.838882986493409,niveau,0.6067,25
fest,1,rand_ana_poly_20,5,0.034661080688238144,0.1458626714802078,0.07383973151445389,0.17311912775039673,3166.4501953125,7.041579246520996,320,1.7407814987376333,5.838882986493409,niveau,0.6067,25
fest,1,rand_ana_poly_30,5,0.04735538363456726,0.17000001497813513,0.11561687290668488,0.17580477893352509,3552.928955078125,7.0169477462768555,320,1.7407814987376333,5.838882986493409,niveau,0.6067,25
fest,1,rand_gmm_complex_0,5,0.050347402691841125,0.16245114335558292,0.09326890110969543,0.06543240696191788,3376.68798828125,7.041614532470703,320,1.7407814987376333,5.838882986493409,niveau,0.6067,25
fest,1,rand_gmm_complex_10,5,0.04624679684638977,0.13507141759162497,0.060572560876607895,0.03456549718976021,3424.18359375,7.033411026000977,320,1.7407814987376333,5.838882986493409,niveau,0.6067,25
fest,1,rand_gmm_complex_20,5,0.04477723687887192,0.13136561242497388,0.030353525653481483,0.04042527452111244,3346.30908203125,7.038857460021973,320,1.7407814987376333,5.838882986493409,niveau,0.6067,25
fest,1,rand_gmm_complex_30,5,0.043771132826805115,0.13272500251675107,0.014508932828903198,0.03653449937701225,3484.7607421875,7.034293174743652,320,1.7407814987376333,5.838882986493409,niveau,0.6067,25
fest,1,rand_ana_poly_complex_0,5,0.043964631855487823,0.19146557237366596,0.0739976018667221,0.32768040895462036,3365.090087890625,7.037471294403076,320,1.7407814987376333,5.838882986493409,niveau,0.6067,25
fest,1,rand_ana_poly_complex_10,5,0.0356907919049263,0.12536629769171606,0.07932710647583008,0.23426005244255066,3062.359375,7.032577037811279,320,1.7407814987376333,5.838882986493409,niveau,0.6067,25
fest,1,rand_ana_poly_complex_20,5,0.041594408452510834,0.18261736242855697,0.0444914735853672,0.21392220258712769,3368.3779296875,7.021727561950684,320,1.7407814987376333,5.838882986493409,niveau,0.6067,25
fest,1,rand_ana_poly_complex_30,5,0.06530672311782837,0.2922661042914101,0.0718010663986206,0.2550530731678009,2928.6689453125,7.047597885131836,320,1.7407814987376333,5.838882986493409,niveau,0.6067,25
fest,1,organic_0,5,0.057311221957206726,0.17973378905939674,0.019935917109251022,0.2866787910461426,3411.77880859375,7.026894569396973,320,1.7407814987376333,5.838882986493409,niveau,0.6067,25
fest,1,organic_10,5,0.07607481628656387,0.2714736280578105,0.09971719980239868,0.34045782685279846,2816.7861328125,7.026629447937012,320,1.7407814987376333,5.838882986493409,niveau,0.6067,25
fest,1,organic_20,5,0.05001917481422424,0.19821367771394774,0.1084032878279686,0.15355809032917023,3035.78759765625,7.033898830413818,320,1.7407814987376333,5.838882986493409,niveau,0.6067,25
fest,1,organic_30,5,0.026005670428276062,0.1539722010113295,0.08161795139312744,0.09041314572095871,3073.8154296875,7.031284332275391,320,1.7407814987376333,5.838882986493409,niveau,0.6067,25
fest,1,cjk_0,5,0.06010624021291733,0.19592705170421296,0.08165881037712097,0.18547819554805756,3016.69140625,7.029786586761475,320,1.7407814987376333,5.838882986493409,niveau,0.6067,25
fest,1,cjk_10,5,0.053289253264665604,0.16908413760065694,0.1380118429660797,0.1314106285572052,3438.59228515625,7.052155494689941,320,1.7407814987376333,5.838882986493409,niveau,0.6067,25
fest,1,cjk_20,5,0.03697372227907181,0.12428867222254447,0.012416553683578968,0.15787100791931152,3271.9677734375,7.019792556762695,320,1.7407814987376333,5.838882986493409,niveau,0.6067,25
fest,1,A,6,0.03438980504870415,0.13793387392967793,0.031013984233140945,0.1075604036450386,3531.58642578125,8.462724685668945,384,1.7407814987376333,5.838882986493409,niveau,0.6067,25
fest,1,greek_upper_0,6,0.03549295663833618,0.14235849838085265,0.01403942983597517,0.09874432533979416,3465.55029296875,8.443695068359375,384,1.7407814987376333,5.838882986493409,niveau,0.6067,25
fest,1,korean_5,6,0.0349431112408638,0.11433678116308914,0.03636439889669418,0.1255771666765213,3616.012451171875,8.464187622070312,384,1.7407814987376333,5.838882986493409,niveau,0.6067,25
fest,1,digit_5,6,0.032350242137908936,0.1185735744084151,0.03170184791088104,0.1187945082783699,3388.141357421875,8.43511962890625,384,1.7407814987376333,5.838882986493409,niveau,0.6067,25
fest,1,a_lc,6,0.03661374747753143,0.17049592725379797,0.04353652149438858,0.11374495178461075,3630.12060546875,8.452898025512695,384,1.7407814987376333,5.838882986493409,niveau,0.6067,25
fest,1,rand_gmm_10,6,0.041157066822052,0.12239252671073442,0.01439698226749897,0.03261076658964157,3634.127197265625,8.417632102966309,384,1.7407814987376333,5.838882986493409,niveau,0.6067,25
fest,1,rand_gmm_20,6,0.04078659787774086,0.13364682227615127,0.02069317363202572,0.03973542898893356,3664.50439453125,8.426275253295898,384,1.7407814987376333,5.838882986493409,niveau,0.6067,25
fest,1,rand_ana_poly_10,6,0.028964070603251457,0.09146828496660547,0.012188579887151718,0.14450334012508392,3214.925537109375,8.444404602050781,384,1.7407814987376333,5.838882986493409,niveau,0.6067,25
fest,1,rand_ana_poly_20,6,0.03305749222636223,0.1391143620692023,0.05801907181739807,0.17244058847427368,3231.60595703125,8.446612358093262,384,1.7407814987376333,5.838882986493409,niveau,0.6067,25
fest,1,rand_ana_poly_30,6,0.0430617518723011,0.15458640394019102,0.10157964378595352,0.13887372612953186,3740.66748046875,8.413811683654785,384,1.7407814987376333,5.838882986493409,niveau,0.6067,25
fest,1,rand_gmm_complex_0,6,0.04266390949487686,0.13765955157374984,0.03359058499336243,0.05952588468790054,3692.8310546875,8.435543060302734,384,1.7407814987376333,5.838882986493409,niveau,0.6067,25
fest,1,rand_gmm_complex_10,6,0.03812630847096443,0.11135418848172096,0.05559103935956955,0.031340502202510834,3637.560791015625,8.438804626464844,384,1.7407814987376333,5.838882986493409,niveau,0.6067,25
fest,1,rand_gmm_complex_20,6,0.03970155864953995,0.1164747967886273,0.01237338874489069,0.03391692787408829,3601.239990234375,8.445579528808594,384,1.7407814987376333,5.838882986493409,niveau,0.6067,25
fest,1,rand_gmm_complex_30,6,0.03835109621286392,0.1162900983511982,0.029878923669457436,0.03045526333153248,3647.547607421875,8.445294380187988,384,1.7407814987376333,5.838882986493409,niveau,0.6067,25
fest,1,rand_ana_poly_complex_0,6,0.03850575536489487,0.16769221484336597,0.050815463066101074,0.2318696528673172,3601.867919921875,8.449954986572266,384,1.7407814987376333,5.838882986493409,niveau,0.6067,25
fest,1,rand_ana_poly_complex_10,6,0.030359771102666855,0.10664072996889565,0.021824318915605545,0.203217014670372,3539.43408203125,8.430502891540527,384,1.7407814987376333,5.838882986493409,niveau,0.6067,25
fest,1,rand_ana_poly_complex_20,6,0.028627589344978333,0.12568744341770352,0.05146600306034088,0.13819515705108643,3430.5712890625,8.428544998168945,384,1.7407814987376333,5.838882986493409,niveau,0.6067,25
fest,1,rand_ana_poly_complex_30,6,0.056011803448200226,0.25066870310742384,0.05365834757685661,0.25915777683258057,3232.10205078125,8.45213508605957,384,1.7407814987376333,5.838882986493409,niveau,0.6067,25
fest,1,organic_0,6,0.04590219631791115,0.14395393063729683,0.04161003232002258,0.24971362948417664,3569.34814453125,8.420998573303223,384,1.7407814987376333,5.838882986493409,niveau,0.6067,25
fest,1,organic_10,6,0.039956532418727875,0.1425852253058595,0.05921662598848343,0.25189316272735596,3567.5595703125,8.434233665466309,384,1.7407814987376333,5.838882986493409,niveau,0.6067,25
fest,1,organic_20,6,0.04051627218723297,0.16055601371510417,0.06314485520124435,0.11246079951524734,3393.792236328125,8.436090469360352,384,1.7407814987376333,5.838882986493409,niveau,0.6067,25
fest,1,organic_30,6,0.025500785559415817,0.1509829208568289,0.09302382171154022,0.07780786603689194,3119.532470703125,8.43733024597168,384,1.7407814987376333,5.838882986493409,niveau,0.6067,25
fest,1,cjk_0,6,0.04155467078089714,0.13545488957219232,0.06882517039775848,0.15124674141407013,3612.65673828125,8.441314697265625,384,1.7407814987376333,5.838882986493409,niveau,0.6067,25
fest,1,cjk_10,6,0.05126439779996872,0.1626593723986783,0.08248758316040039,0.11860500276088715,3577.274169921875,8.455556869506836,384,1.7407814987376333,5.838882986493409,niveau,0.6067,25
fest,1,cjk_20,6,0.033378131687641144,0.1122019481136834,0.012756923213601112,0.12332093715667725,3564.9208984375,8.421936988830566,384,1.7407814987376333,5.838882986493409,niveau,0.6067,25
fest,1,A,7,0.03346195071935654,0.13421234826507805,0.04743073508143425,0.08874291926622391,3753.768310546875,9.856122970581055,448,1.7407814987376333,5.838882986493409,niveau,0.6067,25
fest,1,greek_upper_0,7,0.029295699670910835,0.11750195557567976,0.05038771033287048,0.08987448364496231,3639.7978515625,9.848124504089355,448,1.7407814987376333,5.838882986493409,niveau,0.6067,25
fest,1,korean_5,7,0.03128853440284729,0.10237870023286746,0.045483797788619995,0.09877151995897293,3732.41943359375,9.850862503051758,448,1.7407814987376333,5.838882986493409,niveau,0.6067,25
fest,1,digit_5,7,0.03229466453194618,0.11836986541087582,0.046191900968551636,0.10418020188808441,3589.73486328125,9.844676971435547,448,1.7407814987376333,5.838882986493409,niveau,0.6067,25
fest,1,a_lc,7,0.028486933559179306,0.13265252770889197,0.10821520537137985,0.11188776046037674,3679.4755859375,9.857322692871094,448,1.7407814987376333,5.838882986493409,niveau,0.6067,25
fest,1,rand_gmm_10,7,0.0347655788064003,0.10338557533931529,0.04850682616233826,0.03159913793206215,3691.8349609375,9.782297134399414,448,1.7407814987376333,5.838882986493409,niveau,0.6067,25
fest,1,rand_gmm_20,7,0.03555234149098396,0.11649555765816062,0.03774326294660568,0.03229830786585808,3732.05517578125,9.81666374206543,448,1.7407814987376333,5.838882986493409,niveau,0.6067,25
fest,1,rand_ana_poly_10,7,0.026952292770147324,0.08511510793398176,0.09231515228748322,0.14009542763233185,3488.265625,9.854421615600586,448,1.7407814987376333,5.838882986493409,niveau,0.6067,25
fest,1,rand_ana_poly_20,7,0.030828872695565224,0.12973576244044555,0.049167998135089874,0.19029515981674194,3329.058349609375,9.843277931213379,448,1.7407814987376333,5.838882986493409,niveau,0.6067,25
fest,1,rand_ana_poly_30,7,0.03611121326684952,0.12963482343667318,0.03460037708282471,0.13132674992084503,3767.9755859375,9.817800521850586,448,1.7407814987376333,5.838882986493409,niveau,0.6067,25
fest,1,rand_gmm_complex_0,7,0.03565780445933342,0.11505362331048757,0.08083178102970123,0.035811230540275574,3762.7861328125,9.83095932006836,448,1.7407814987376333,5.838882986493409,niveau,0.6067,25
fest,1,rand_gmm_complex_10,7,0.0352916494011879,0.10307509792728912,0.06118601933121681,0.025086475536227226,3760.8837890625,9.849272727966309,448,1.7407814987376333,5.838882986493409,niveau,0.6067,25
fest,1,rand_gmm_complex_20,7,0.03502170741558075,0.10274524208050954,0.14669989049434662,0.032380230724811554,3653.44580078125,9.844039916992188,448,1.7407814987376333,5.838882986493409,niveau,0.6067,25
fest,1,rand_gmm_complex_30,7,0.03634507954120636,0.11020735498588721,0.021216077730059624,0.02864884026348591,3737.880859375,9.846114158630371,448,1.7407814987376333,5.838882986493409,niveau,0.6067,25
fest,1,rand_ana_poly_complex_0,7,0.029462164267897606,0.12830745776427685,0.06200479716062546,0.17436599731445312,3652.921630859375,9.849053382873535,448,1.7407814987376333,5.838882986493409,niveau,0.6067,25
fest,1,rand_ana_poly_complex_10,7,0.026651158928871155,0.09361398124777745,0.04281501844525337,0.17204780876636505,3572.22900390625,9.822380065917969,448,1.7407814987376333,5.838882986493409,niveau,0.6067,25
fest,1,rand_ana_poly_complex_20,7,0.02579854428768158,0.11326671751304426,0.0593390017747879,0.1322336494922638,3534.38134765625,9.839201927185059,448,1.7407814987376333,5.838882986493409,niveau,0.6067,25
fest,1,rand_ana_poly_complex_30,7,0.05372108891606331,0.24041710602233585,0.06713135540485382,0.2957311272621155,3453.30322265625,9.86285400390625,448,1.7407814987376333,5.838882986493409,niveau,0.6067,25
fest,1,organic_0,7,0.03692618012428284,0.1158042359345048,0.06444457173347473,0.19863414764404297,3676.285888671875,9.82141399383545,448,1.7407814987376333,5.838882986493409,niveau,0.6067,25
fest,1,organic_10,7,0.03686979413032532,0.13157017350657438,0.04093008488416672,0.24505242705345154,3623.598388671875,9.839262008666992,448,1.7407814987376333,5.838882986493409,niveau,0.6067,25
fest,1,organic_20,7,0.031670961529016495,0.12550422482415904,0.054350078105926514,0.08128887414932251,3621.291015625,9.845751762390137,448,1.7407814987376333,5.838882986493409,niveau,0.6067,25
fest,1,organic_30,7,0.02376440167427063,0.14070228420361222,0.08462616801261902,0.07740598917007446,3355.82275390625,9.844245910644531,448,1.7407814987376333,5.838882986493409,niveau,0.6067,25
fest,1,cjk_0,7,0.03653372824192047,0.11908822839103676,0.019220562651753426,0.12207946926355362,3748.4482421875,9.845898628234863,448,1.7407814987376333,5.838882986493409,niveau,0.6067,25
fest,1,cjk_10,7,0.045663509517908096,0.14488803377123716,0.07489413022994995,0.120086669921875,3673.862060546875,9.858274459838867,448,1.7407814987376333,5.838882986493409,niveau,0.6067,25
fest,1,cjk_20,7,0.030322778970003128,0.10193125560454108,0.019745785742998123,0.10966911166906357,3600.224609375,9.819040298461914,448,1.7407814987376333,5.838882986493409,niveau,0.6067,25
fest,1,A,8,0.0296888779848814,0.1190789522441486,0.05153821408748627,0.08662708848714828,3774.3408203125,11.26138687133789,512,1.7407814987376333,5.838882986493409,niveau,0.6067,25
fest,1,greek_upper_0,8,0.025493275374174118,0.10225083354022671,0.038566187024116516,0.07781186699867249,3745.34716796875,11.223320007324219,512,1.7407814987376333,5.838882986493409,niveau,0.6067,25
fest,1,korean_5,8,0.030100949108600616,0.09849282187003888,0.05001959949731827,0.09387810528278351,3794.451904296875,11.242103576660156,512,1.7407814987376333,5.838882986493409,niveau,0.6067,25
fest,1,digit_5,8,0.028053930029273033,0.10282627083883375,0.04739218205213547,0.10906971246004105,3725.90380859375,11.253704071044922,512,1.7407814987376333,5.838882986493409,niveau,0.6067,25
fest,1,a_lc,8,0.024875489994883537,0.11583544501072718,0.03571787476539612,0.11120408028364182,3692.055419921875,11.263179779052734,512,1.7407814987376333,5.838882986493409,niveau,0.6067,25
fest,1,rand_gmm_10,8,0.030566193163394928,0.09089747890371551,0.06756063550710678,0.026877349242568016,3776.464599609375,11.18274211883545,512,1.7407814987376333,5.838882986493409,niveau,0.6067,25
fest,1,rand_gmm_20,8,0.033171556890010834,0.10869436037767596,0.040837861597537994,0.03248737379908562,3742.050537109375,11.17979907989502,512,1.7407814987376333,5.838882986493409,niveau,0.6067,25
fest,1,rand_ana_poly_10,8,0.026952292770147324,0.08511510793398176,0.04364880919456482,0.13861466944217682,3695.26513671875,11.261139869689941,512,1.7407814987376333,5.838882986493409,niveau,0.6067,25
fest,1,rand_ana_poly_20,8,0.030828870832920074,0.1297357546019595,0.07258033752441406,0.18687812983989716,3675.826416015625,11.25426959991455,512,1.7407814987376333,5.838882986493409,niveau,0.6067,25
fest,1,rand_ana_poly_30,8,0.031983382999897,0.11481641941688409,0.04198446124792099,0.13518911600112915,3782.13623046875,11.225862503051758,512,1.7407814987376333,5.838882986493409,niveau,0.6067,25
fest,1,rand_gmm_complex_0,8,0.033999983221292496,0.10970449026290419,0.05384334176778793,0.03371511772274971,3839.72021484375,11.228001594543457,512,1.7407814987376333,5.838882986493409,niveau,0.6067,25
fest,1,rand_gmm_complex_10,8,0.03151816874742508,0.09205402369265045,0.13490784168243408,0.023570362478494644,3806.528076171875,11.247875213623047,512,1.7407814987376333,5.838882986493409,niveau,0.6067,25
fest,1,rand_gmm_complex_20,8,0.032289132475852966,0.09472852632322587,0.011018704622983932,0.030094362795352936,3673.98388671875,11.244889259338379,512,1.7407814987376333,5.838882986493409,niveau,0.6067,25
fest,1,rand_gmm_complex_30,8,0.030699344351887703,0.09308807639247725,0.17586468160152435,0.023074425756931305,3823.546875,11.23391342163086,512,1.7407814987376333,5.838882986493409,niveau,0.6067,25
fest,1,rand_ana_poly_complex_0,8,0.025989189743995667,0.11318268525978373,0.18759438395500183,0.1693393737077713,3665.923095703125,11.252671241760254,512,1.7407814987376333,5.838882986493409,niveau,0.6067,25
fest,1,rand_ana_poly_complex_10,8,0.024492837488651276,0.08603273259098676,0.019535798579454422,0.1647540181875229,3593.465576171875,11.22182846069336,512,1.7407814987376333,5.838882986493409,niveau,0.6067,25
fest,1,rand_ana_poly_complex_20,8,0.020546410232782364,0.09020758759845597,0.02862166054546833,0.12375915795564651,3589.51611328125,11.239497184753418,512,1.7407814987376333,5.838882986493409,niveau,0.6067,25
fest,1,rand_ana_poly_complex_30,8,0.05288814753293991,0.23668945714445,0.04611731693148613,0.2734733819961548,3637.04296875,11.26809024810791,512,1.7407814987376333,5.838882986493409,niveau,0.6067,25
fest,1,organic_0,8,0.03549831733107567,0.11132631378739576,0.011517910286784172,0.16470220685005188,3723.234130859375,11.23044204711914,512,1.7407814987376333,5.838882986493409,niveau,0.6067,25
fest,1,organic_10,8,0.034010447561740875,0.1213665709908051,0.049719199538230896,0.15750055015087128,3782.26318359375,11.248462677001953,512,1.7407814987376333,5.838882986493409,niveau,0.6067,25
fest,1,organic_20,8,0.02741769328713417,0.10864956971122249,0.0447920560836792,0.07524234801530838,3639.84375,11.250473022460938,512,1.7407814987376333,5.838882986493409,niveau,0.6067,25
fest,1,organic_30,8,0.02120169810950756,0.12552924302036642,0.07883436977863312,0.06927691400051117,3594.692626953125,11.22722053527832,512,1.7407814987376333,5.838882986493409,niveau,0.6067,25
fest,1,cjk_0,8,0.031048323959112167,0.10120757099624395,0.009962162002921104,0.11490032076835632,3787.30712890625,11.247732162475586,512,1.7407814987376333,5.838882986493409,niveau,0.6067,25
fest,1,cjk_10,8,0.0398821197450161,0.1265439729335358,0.09696470201015472,0.12645544111728668,3740.5537109375,11.269447326660156,512,1.7407814987376333,5.838882986493409,niveau,0.6067,25
fest,1,cjk_20,8,0.028234926983714104,0.09491285617982459,0.010596058331429958,0.09064523130655289,3742.646728515625,11.220383644104004,512,1.7407814987376333,5.838882986493409,niveau,0.6067,25
fest,2,A,1,0.15337345004081726,0.6151647004723862,0.06106211617588997,0.22051595151424408,1029.87744140625,1.409938097000122,64,1.738963373452425,5.828661986477673,niveau,0.6067,25
fest,2,greek_upper_0,1,0.13854281604290009,0.5556805947245118,0.12128329277038574,0.2727773189544678,1179.71630859375,1.4115784168243408,64,1.738963373452425,5.828661986477673,niveau,0.6067,25
fest,2,korean_5,1,0.15442396700382233,0.5052881296100542,0.13260410726070404,0.2236594408750534,1235.14111328125,1.412596344947815,64,1.738963373452425,5.828661986477673,niveau,0.6067,25
fest,2,digit_5,1,0.12946467101573944,0.4745277867319861,0.17332887649536133,0.182753324508667,1236.900390625,1.4027055501937866,64,1.738963373452425,5.828661986477673,niveau,0.6067,25
fest,2,a_lc,1,0.16536785662174225,0.7700535453247188,0.27980294823646545,0.20433279871940613,1251.53076171875,1.4127641916275024,64,1.738963373452425,5.828661986477673,niveau,0.6067,25
fest,2,rand_gmm_10,1,0.18056930601596832,0.5369754289160567,0.13216495513916016,0.20265468955039978,1218.14794921875,1.4101943969726562,64,1.738963373452425,5.828661986477673,niveau,0.6067,25
fest,2,rand_gmm_20,1,0.3047959506511688,0.998735181818102,0.4634224474430084,0.2953452467918396,1113.008544921875,1.411484718322754,64,1.738963373452425,5.828661986477673,niveau,0.6067,25
fest,2,rand_ana_poly_10,1,0.11052926629781723,0.34905046895389236,0.13764232397079468,0.23035646975040436,1188.021484375,1.4103646278381348,64,1.738963373452425,5.828661986477673,niveau,0.6067,25
fest,2,rand_ana_poly_20,1,0.08997850865125656,0.378652522860631,0.09274958074092865,0.3610653579235077,1255.0859375,1.4123318195343018,64,1.738963373452425,5.828661986477673,niveau,0.6067,25
fest,2,rand_ana_poly_30,1,0.16194428503513336,0.5813601066785579,0.1628064662218094,0.45423468947410583,1036.43994140625,1.411539077758789,64,1.738963373452425,5.828661986477673,niveau,0.6067,25
fest,2,rand_gmm_complex_0,1,0.15514510869979858,0.5005918666464345,0.07461618632078171,0.15528908371925354,1227.97021484375,1.4119449853897095,64,1.738963373452425,5.828661986477673,niveau,0.6067,25
fest,2,rand_gmm_complex_10,1,0.22022946178913116,0.6432165604485689,0.2608533501625061,0.21391548216342926,1075.871337890625,1.4105916023254395,64,1.738963373452425,5.828661986477673,niveau,0.6067,25
fest,2,rand_gmm_complex_20,1,0.16386429965496063,0.48073832999106786,0.12279333174228668,0.1836998611688614,1257.05078125,1.4106621742248535,64,1.738963373452425,5.828661986477673,niveau,0.6067,25
fest,2,rand_gmm_complex_30,1,0.13894878327846527,0.4213274004880238,0.04789866507053375,0.19970011711120605,1214.98828125,1.4098178148269653,64,1.738963373452425,5.828661986477673,niveau,0.6067,25
fest,2,rand_ana_poly_complex_0,1,0.13044118881225586,0.568070192402226,0.09246925264596939,0.43340110778808594,1161.2548828125,1.4006675481796265,64,1.738963373452425,5.828661986477673,niveau,0.6067,25
fest,2,rand_ana_poly_complex_10,1,0.22611382603645325,0.7942399625822322,0.33129942417144775,0.4068634808063507,1135.79931640625,1.4121155738830566,64,1.738963373452425,5.828661986477673,niveau,0.6067,25
fest,2,rand_ana_poly_complex_20,1,0.23048652708530426,1.0119350945859076,0.40935924649238586,0.29496124386787415,1065.86083984375,1.4045042991638184,64,1.738963373452425,5.828661986477673,niveau,0.6067,25
fest,2,rand_ana_poly_complex_30,1,0.1471470147371292,0.6585246158766622,0.10808450728654861,0.3762907385826111,1114.66162109375,1.4076370000839233,64,1.738963373452425,5.828661986477673,niveau,0.6067,25
fest,2,organic_0,1,0.17257297039031982,0.5412062908141664,0.12764132022857666,0.40731653571128845,1255.873046875,1.412184238433838,64,1.738963373452425,5.828661986477673,niveau,0.6067,25
fest,2,organic_10,1,0.168458953499794,0.6011472063651656,0.17082063853740692,0.49596506357192993,1186.47998046875,1.4124220609664917,64,1.738963373452425,5.828661986477673,niveau,0.6067,25
fest,2,organic_20,1,0.12827196717262268,0.5083102321323779,0.2714534401893616,0.25895461440086365,1154.03662109375,1.4118696451187134,64,1.738963373452425,5.828661986477673,niveau,0.6067,25
fest,2,organic_30,1,0.16798003017902374,0.9945621299765276,0.361669659614563,0.19665266573429108,1163.5478515625,1.409583330154419,64,1.738963373452425,5.828661986477673,niveau,0.6067,25
fest,2,cjk_0,1,0.13188473880290985,0.4299019194496407,0.05165226384997368,0.2569001615047455,1174.0302734375,1.4116811752319336,64,1.738963373452425,5.828661986477673,niveau,0.6067,25
fest,2,cjk_10,1,0.18623243272304535,0.5909062024918221,0.17604926228523254,0.2131115198135376,1159.634765625,1.4097607135772705,64,1.738963373452425,5.828661986477673,niveau,0.6067,25
fest,2,cjk_20,1,0.163981631398201,0.5512309277799,0.44104087352752686,0.22426274418830872,1095.480712890625,1.3955681324005127,64,1.738963373452425,5.828661986477673,niveau,0.6067,25
fest,2,A,2,0.06960690021514893,0.27918592109825896,0.07986318320035934,0.2824913263320923,1750.02587890625,2.8200626373291016,128,1.738963373452425,5.828661986477673,niveau,0.6067,25
fest,2,greek_upper_0,2,0.10565213114023209,0.4237595332820214,0.08964598923921585,0.2684398591518402,1927.01611328125,2.8247480392456055,128,1.738963373452425,5.828661986477673,niveau,0.6067,25
fest,2,korean_5,2,0.13103224337100983,0.42874845437630915,0.17252762615680695,0.2079325020313263,1952.0673828125,2.824880838394165,128,1.738963373452425,5.828661986477673,niveau,0.6067,25
fest,2,digit_5,2,0.12351018190383911,0.4527027551058194,0.24298697710037231,0.1903732866048813,1705.7861328125,2.8044278621673584,128,1.738963373452425,5.828661986477673,niveau,0.6067,25
fest,2,a_lc,2,0.09586988389492035,0.44642861975297693,0.11121407151222229,0.23850147426128387,2162.8720703125,2.8190979957580566,128,1.738963373452425,5.828661986477673,niveau,0.6067,25
fest,2,rand_gmm_10,2,0.09543809294700623,0.2838129692463742,0.038277965039014816,0.10106320679187775,2027.4658203125,2.8206229209899902,128,1.738963373452425,5.828661986477673,niveau,0.6067,25
fest,2,rand_gmm_20,2,0.2549886405467987,0.835529887237631,0.31997156143188477,0.2895086705684662,1675.75390625,2.8208954334259033,128,1.738963373452425,5.828661986477673,niveau,0.6067,25
fest,2,rand_ana_poly_10,2,0.058095257729291916,0.1834643224697407,0.017798997461795807,0.30818575620651245,1873.43505859375,2.81274151802063,128,1.738963373452425,5.828661986477673,niveau,0.6067,25
fest,2,rand_ana_poly_20,2,0.08473709225654602,0.3565953052986849,0.19972571730613708,0.36237430572509766,2009.19921875,2.8252155780792236,128,1.738963373452425,5.828661986477673,niveau,0.6067,25
fest,2,rand_ana_poly_30,2,0.10019897669553757,0.35970202818927827,0.11594206094741821,0.38552045822143555,1667.9306640625,2.814141273498535,128,1.738963373452425,5.828661986477673,niveau,0.6067,25
fest,2,rand_gmm_complex_0,2,0.09880297631025314,0.31879810298806593,0.07518152892589569,0.10154516249895096,1898.13916015625,2.8150079250335693,128,1.738963373452425,5.828661986477673,niveau,0.6067,25
fest,2,rand_gmm_complex_10,2,0.21005581319332123,0.6135027374030628,0.31459128856658936,0.21830636262893677,1729.178466796875,2.82320499420166,128,1.738963373452425,5.828661986477673,niveau,0.6067,25
fest,2,rand_gmm_complex_20,2,0.09673203527927399,0.2837884590768912,0.024323273450136185,0.11226887255907059,2321.0966796875,2.819171905517578,128,1.738963373452425,5.828661986477673,niveau,0.6067,25
fest,2,rand_gmm_complex_30,2,0.11355435848236084,0.3443251646009427,0.11238503456115723,0.16369500756263733,1954.77099609375,2.8132519721984863,128,1.738963373452425,5.828661986477673,niveau,0.6067,25
fest,2,rand_ana_poly_complex_0,2,0.0701923668384552,0.3056871199823228,0.039145395159721375,0.4011705815792084,2110.00634765625,2.798649549484253,128,1.738963373452425,5.828661986477673,niveau,0.6067,25
fest,2,rand_ana_poly_complex_10,2,0.15883924067020416,0.5579334743827413,0.16297884285449982,0.36061209440231323,1847.5703125,2.8019556999206543,128,1.738963373452425,5.828661986477673,niveau,0.6067,25
fest,2,rand_ana_poly_complex_20,2,0.07842094451189041,0.34430171214643546,0.18129035830497742,0.2651873528957367,1948.47216796875,2.8119094371795654,128,1.738963373452425,5.828661986477673,niveau,0.6067,25
fest,2,rand_ana_poly_complex_30,2,0.1047518402338028,0.46879418842149656,0.3090447187423706,0.2547585368156433,1675.57763671875,2.8051061630249023,128,1.738963373452425,5.828661986477673,niveau,0.6067,25
fest,2,organic_0,2,0.1601913720369339,0.5023763459854328,0.24313203990459442,0.3728655278682709,1697.89501953125,2.8033463954925537,128,1.738963373452425,5.828661986477673,niveau,0.6067,25
fest,2,organic_10,2,0.07685419172048569,0.27425483591336275,0.029707878828048706,0.49727725982666016,1883.348876953125,2.8138322830200195,128,1.738963373452425,5.828661986477673,niveau,0.6067,25
fest,2,organic_20,2,0.06459467113018036,0.25597278189793315,0.021029457449913025,0.15066203474998474,2058.60888671875,2.815800666809082,128,1.738963373452425,5.828661986477673,niveau,0.6067,25
fest,2,organic_30,2,0.05891103297472,0.3487955227297691,0.17991769313812256,0.1856084018945694,1818.65478515625,2.8043696880340576,128,1.738963373452425,5.828661986477673,niveau,0.6067,25
fest,2,cjk_0,2,0.10979864746332169,0.35790835032093155,0.13458049297332764,0.23610243201255798,1630.0927734375,2.8182597160339355,128,1.738963373452425,5.828661986477673,niveau,0.6067,25
fest,2,cjk_10,2,0.10044043511152267,0.3186924813286389,0.2640830874443054,0.17916563153266907,1889.23681640625,2.8222765922546387,128,1.738963373452425,5.828661986477673,niveau,0.6067,25
fest,2,cjk_20,2,0.10921058803796768,0.3671158364156744,0.10030657052993774,0.21685968339443207,1761.341796875,2.805950880050659,128,1.738963373452425,5.828661986477673,niveau,0.6067,25
fest,2,A,3,0.06544090807437897,0.26247656686018817,0.12375497072935104,0.28185755014419556,2239.077880859375,4.233267784118652,192,1.738963373452425,5.828661986477673,niveau,0.6067,25
fest,2,greek_upper_0,3,0.07581088691949844,0.30406945616707404,0.0727996677160263,0.15279094874858856,2566.102783203125,4.224882125854492,192,1.738963373452425,5.828661986477673,niveau,0.6067,25
fest,2,korean_5,3,0.09868020564317703,0.3228898823570713,0.13502179086208344,0.2079613208770752,2720.166015625,4.226138114929199,192,1.738963373452425,5.828661986477673,niveau,0.6067,25
fest,2,digit_5,3,0.11497536301612854,0.4214200222554708,0.22200551629066467,0.3234042823314667,2000.0205078125,4.215628147125244,192,1.738963373452425,5.828661986477673,niveau,0.6067,25
fest,2,a_lc,3,0.06783116608858109,0.31586325781254715,0.061339348554611206,0.17775288224220276,2709.556640625,4.230005264282227,192,1.738963373452425,5.828661986477673,niveau,0.6067,25
fest,2,rand_gmm_10,3,0.07232028990983963,0.21506544800164135,0.029670143499970436,0.07230962067842484,2765.7822265625,4.231420040130615,192,1.738963373452425,5.828661986477673,niveau,0.6067,25
fest,2,rand_gmm_20,3,0.07047946751117706,0.23094245067506936,0.12855495512485504,0.06762426346540451,2783.9130859375,4.232147693634033,192,1.738963373452425,5.828661986477673,niveau,0.6067,25
fest,2,rand_ana_poly_10,3,0.04157811030745506,0.13130331347653632,0.018515709787607193,0.21695639193058014,2232.52783203125,4.216523170471191,192,1.738963373452425,5.828661986477673,niveau,0.6067,25
fest,2,rand_ana_poly_20,3,0.058344896882772446,0.24553021306823616,0.09318581223487854,0.23899954557418823,2662.7744140625,4.233208179473877,192,1.738963373452425,5.828661986477673,niveau,0.6067,25
fest,2,rand_ana_poly_30,3,0.06465626507997513,0.23210805590439157,0.04554525762796402,0.29944074153900146,2088.83154296875,4.222635746002197,192,1.738963373452425,5.828661986477673,niveau,0.6067,25
fest,2,rand_gmm_complex_0,3,0.07708943635225296,0.24873710274016467,0.06174924224615097,0.10131227225065231,2261.7822265625,4.220083713531494,192,1.738963373452425,5.828661986477673,niveau,0.6067,25
fest,2,rand_gmm_complex_10,3,0.12186833471059799,0.35593662375291873,0.19894441962242126,0.18612299859523773,2721.10986328125,4.233631134033203,192,1.738963373452425,5.828661986477673,niveau,0.6067,25
fest,2,rand_gmm_complex_20,3,0.06869012862443924,0.20152026885244068,0.059941548854112625,0.07186983525753021,2894.21484375,4.227769374847412,192,1.738963373452425,5.828661986477673,niveau,0.6067,25
fest,2,rand_gmm_complex_30,3,0.08885474503040314,0.26942977017408687,0.059731438755989075,0.14552566409111023,2576.330322265625,4.226618766784668,192,1.738963373452425,5.828661986477673,niveau,0.6067,25
fest,2,rand_ana_poly_complex_0,3,0.05424433946609497,0.2362336056411423,0.05442478880286217,0.4274647831916809,2304.908203125,4.205507278442383,192,1.738963373452425,5.828661986477673,niveau,0.6067,25
fest,2,rand_ana_poly_complex_10,3,0.09649072587490082,0.3389301390887019,0.08761642873287201,0.3334609866142273,2618.161865234375,4.21061897277832,192,1.738963373452425,5.828661986477673,niveau,0.6067,25
fest,2,rand_ana_poly_complex_20,3,0.055078353732824326,0.24181768799715386,0.06379353255033493,0.3224298655986786,2641.058837890625,4.2187371253967285,192,1.738963373452425,5.828661986477673,niveau,0.6067,25
fest,2,rand_ana_poly_complex_30,3,0.062350764870643616,0.2790373529453346,0.050409067422151566,0.25842371582984924,2471.65380859375,4.2114763259887695,192,1.738963373452425,5.828661986477673,niveau,0.6067,25
fest,2,organic_0,3,0.14011292159557343,0.43940829447605056,0.1663290113210678,0.3584589660167694,1996.125,4.207840442657471,192,1.738963373452425,5.828661986477673,niveau,0.6067,25
fest,2,organic_10,3,0.06544895470142365,0.23355515074079577,0.13143813610076904,0.476870596408844,2473.50537109375,4.220340251922607,192,1.738963373452425,5.828661986477673,niveau,0.6067,25
fest,2,organic_20,3,0.045580994337797165,0.1806262609311206,0.019758304581046104,0.12641650438308716,2517.03857421875,4.218969345092773,192,1.738963373452425,5.828661986477673,niveau,0.6067,25
fest,2,organic_30,3,0.04439892619848251,0.26287345324067884,0.0893242135643959,0.1552845984697342,2332.708740234375,4.200770854949951,192,1.738963373452425,5.828661986477673,niveau,0.6067,25
fest,2,cjk_0,3,0.08060310781002045,0.2627402615015042,0.03764326125383377,0.23529715836048126,2298.310546875,4.230246543884277,192,1.738963373452425,5.828661986477673,niveau,0.6067,25
fest,2,cjk_10,3,0.08992460370063782,0.28532627376644104,0.07715722918510437,0.16663306951522827,2418.02001953125,4.2328596115112305,192,1.738963373452425,5.828661986477673,niveau,0.6067,25
fest,2,cjk_20,3,0.08746280521154404,0.29400977933874256,0.06737136840820312,0.1742926836013794,2512.213134765625,4.218433856964111,192,1.738963373452425,5.828661986477673,niveau,0.6067,25
fest,2,A,4,0.04301776736974716,0.1725397190449762,0.05915272980928421,0.13296817243099213,2892.4208984375,5.641077995300293,256,1.738963373452425,5.828661986477673,niveau,0.6067,25
fest,2,greek_upper_0,4,0.05898059159517288,0.23656492015190855,0.08566582947969437,0.13318823277950287,3103.943115234375,5.638154029846191,256,1.738963373452425,5.828661986477673,niveau,0.6067,25
fest,2,korean_5,4,0.0598587691783905,0.19586289684010158,0.07555487006902695,0.159463569521904,3313.7529296875,5.634443283081055,256,1.738963373452425,5.828661986477673,niveau,0.6067,25
fest,2,digit_5,4,0.05565531179308891,0.20399381327622837,0.15341320633888245,0.2970658540725708,2428.656982421875,5.618948936462402,256,1.738963373452425,5.828661986477673,niveau,0.6067,25
fest,2,a_lc,4,0.04023529589176178,0.1873600642929699,0.04127848520874977,0.13247328996658325,3114.03076171875,5.62872838973999,256,1.738963373452425,5.828661986477673,niveau,0.6067,25
fest,2,rand_gmm_10,4,0.06411120295524597,0.19065333674247578,0.05703087896108627,0.07008194178342819,3209.20654296875,5.633607864379883,256,1.738963373452425,5.828661986477673,niveau,0.6067,25
fest,2,rand_gmm_20,4,0.053869158029556274,0.17651488881035315,0.06124218553304672,0.05568082630634308,3175.19189453125,5.640480995178223,256,1.738963373452425,5.828661986477673,niveau,0.6067,25
fest,2,rand_ana_poly_10,4,0.030857225880026817,0.0974468529902134,0.013172241859138012,0.21090954542160034,2271.51611328125,5.623812198638916,256,1.738963373452425,5.828661986477673,niveau,0.6067,25
fest,2,rand_ana_poly_20,4,0.04992254450917244,0.21008680527576515,0.05712409317493439,0.21100552380084991,3000.4638671875,5.639003753662109,256,1.738963373452425,5.828661986477673,niveau,0.6067,25
fest,2,rand_ana_poly_30,4,0.061401061713695526,0.22042227535418477,0.07918667793273926,0.2796519100666046,2319.93017578125,5.61727237701416,256,1.738963373452425,5.828661986477673,niveau,0.6067,25
fest,2,rand_gmm_complex_0,4,0.06049179285764694,0.19518307574873775,0.04602690413594246,0.08484654128551483,2831.83642578125,5.628288269042969,256,1.738963373452425,5.828661986477673,niveau,0.6067,25
fest,2,rand_gmm_complex_10,4,0.06539534032344818,0.1909979052325317,0.1140425056219101,0.06688589602708817,3267.153564453125,5.6455607414245605,256,1.738963373452425,5.828661986477673,niveau,0.6067,25
fest,2,rand_gmm_complex_20,4,0.05771508812904358,0.16932214729423384,0.10829748213291168,0.06623348593711853,3133.67529296875,5.634819984436035,256,1.738963373452425,5.828661986477673,niveau,0.6067,25
fest,2,rand_gmm_complex_30,4,0.056006722152233124,0.16982636405649307,0.00930787157267332,0.047095198184251785,3233.859130859375,5.6299848556518555,256,1.738963373452425,5.828661986477673,niveau,0.6067,25
fest,2,rand_ana_poly_complex_0,4,0.048077188432216644,0.20937571890851475,0.060141026973724365,0.4055795669555664,2598.57470703125,5.615139484405518,256,1.738963373452425,5.828661986477673,niveau,0.6067,25
fest,2,rand_ana_poly_complex_10,4,0.052669841796159744,0.1850063479561392,0.029496748000383377,0.24393807351589203,3305.8095703125,5.619401454925537,256,1.738963373452425,5.828661986477673,niveau,0.6067,25
fest,2,rand_ana_poly_complex_20,4,0.042061712592840195,0.18466902881194416,0.026872185990214348,0.2932204306125641,2793.849365234375,5.628158092498779,256,1.738963373452425,5.828661986477673,niveau,0.6067,25
fest,2,rand_ana_poly_complex_30,4,0.04395873099565506,0.19672778611957073,0.0267533790320158,0.24983443319797516,2784.88720703125,5.619135856628418,256,1.738963373452425,5.828661986477673,niveau,0.6067,25
fest,2,organic_0,4,0.0686449185013771,0.21527740781968352,0.054463621228933334,0.3875739872455597,2936.5771484375,5.598915100097656,256,1.738963373452425,5.828661986477673,niveau,0.6067,25
fest,2,organic_10,4,0.046363670378923416,0.16544915153565448,0.025946497917175293,0.27631089091300964,2789.82666015625,5.633722305297852,256,1.738963373452425,5.828661986477673,niveau,0.6067,25
fest,2,organic_20,4,0.03969530388712883,0.1573027184207577,0.02103910595178604,0.10837522894144058,2933.5615234375,5.629827976226807,256,1.738963373452425,5.828661986477673,niveau,0.6067,25
fest,2,organic_30,4,0.033114008605480194,0.19605865587491733,0.08244548738002777,0.09007042646408081,2845.005615234375,5.608328819274902,256,1.738963373452425,5.828661986477673,niveau,0.6067,25
fest,2,cjk_0,4,0.054908618330955505,0.17898447257101957,0.029580429196357727,0.20309242606163025,2940.39892578125,5.635916709899902,256,1.738963373452425,5.828661986477673,niveau,0.6067,25
fest,2,cjk_10,4,0.07309920340776443,0.2319401194479172,0.025061899796128273,0.16122616827487946,3194.5087890625,5.645017623901367,256,1.738963373452425,5.828661986477673,niveau,0.6067,25
fest,2,cjk_20,4,0.07608377933502197,0.2557587207435567,0.060623664408922195,0.1703871637582779,2697.93505859375,5.612554550170898,256,1.738963373452425,5.828661986477673,niveau,0.6067,25
fest,2,A,5,0.03670743480324745,0.14722964196110772,0.03764555603265762,0.1546352207660675,3058.43505859375,7.04056453704834,320,1.738963373452425,5.828661986477673,niveau,0.6067,25
fest,2,greek_upper_0,5,0.03788869082927704,0.15196753505303662,0.04030691087245941,0.12369769811630249,3472.452880859375,7.035224914550781,320,1.738963373452425,5.828661986477673,niveau,0.6067,25
fest,2,korean_5,5,0.04222814738750458,0.1381740284511778,0.05435573682188988,0.12185054272413254,3510.21826171875,7.045016288757324,320,1.738963373452425,5.828661986477673,niveau,0.6067,25
fest,2,digit_5,5,0.042587775737047195,0.1560972796963451,0.07559976726770401,0.13372153043746948,3370.427734375,7.022354602813721,320,1.738963373452425,5.828661986477673,niveau,0.6067,25
fest,2,a_lc,5,0.03431781753897667,0.15980467790752806,0.041798777878284454,0.12028384208679199,3482.163818359375,7.036442756652832,320,1.738963373452425,5.828661986477673,niveau,0.6067,25
fest,2,rand_gmm_10,5,0.04315592348575592,0.12833670924106552,0.024321118369698524,0.03599897027015686,3521.625,7.037623405456543,320,1.738963373452425,5.828661986477673,niveau,0.6067,25
fest,2,rand_gmm_20,5,0.03715372458100319,0.121742863694064,0.01696137897670269,0.034935466945171356,3562.41943359375,7.047491550445557,320,1.738963373452425,5.828661986477673,niveau,0.6067,25
fest,2,rand_ana_poly_10,5,0.030857214704155922,0.09744681769690958,0.06229294091463089,0.19495439529418945,2988.98291015625,7.034360885620117,320,1.738963373452425,5.828661986477673,niveau,0.6067,25
fest,2,rand_ana_poly_20,5,0.03877731412649155,0.16318483206545298,0.03859931230545044,0.15487951040267944,3415.732177734375,7.043215751647949,320,1.738963373452425,5.828661986477673,niveau,0.6067,25
fest,2,rand_ana_poly_30,5,0.06019499897956848,0.2160926581675022,0.0993817150592804,0.25727739930152893,2985.634033203125,7.015083312988281,320,1.738963373452425,5.828661986477673,niveau,0.6067,25
fest,2,rand_gmm_complex_0,5,0.04845207557082176,0.1563356728172718,0.039042893797159195,0.07699689269065857,3238.33740234375,7.036911487579346,320,1.738963373452425,5.828661986477673,niveau,0.6067,25
fest,2,rand_gmm_complex_10,5,0.04473105072975159,0.1306444304131756,0.06288595497608185,0.03977486491203308,3497.505126953125,7.053952217102051,320,1.738963373452425,5.828661986477673,niveau,0.6067,25
fest,2,rand_gmm_complex_20,5,0.04778727889060974,0.1401963496445681,0.091191366314888,0.05541437119245529,3496.70361328125,7.047289848327637,320,1.738963373452425,5.828661986477673,niveau,0.6067,25
fest,2,rand_gmm_complex_30,5,0.044887691736221313,0.1361106878872611,0.008101822808384895,0.040457092225551605,3452.09326171875,7.015761375427246,320,1.738963373452425,5.828661986477673,niveau,0.6067,25
fest,2,rand_ana_poly_complex_0,5,0.04455779865384102,0.19404880839240618,0.053645990788936615,0.32685598731040955,3022.843505859375,7.025218486785889,320,1.738963373452425,5.828661986477673,niveau,0.6067,25
fest,2,rand_ana_poly_complex_10,5,0.044987328350543976,0.1580210047838926,0.08260902762413025,0.2849236726760864,3409.16650390625,7.024776935577393,320,1.738963373452425,5.828661986477673,niveau,0.6067,25
fest,2,rand_ana_poly_complex_20,5,0.03713062033057213,0.163019410598107,0.08923564851284027,0.2806890904903412,3003.6787109375,7.024112224578857,320,1.738963373452425,5.828661986477673,niveau,0.6067,25
fest,2,rand_ana_poly_complex_30,5,0.03525929898023605,0.15779536104432787,0.016778631135821342,0.21131446957588196,3102.01513671875,7.032083511352539,320,1.738963373452425,5.828661986477673,niveau,0.6067,25
fest,2,organic_0,5,0.05243479460477829,0.16444081963397983,0.03461141139268875,0.30908840894699097,3351.326171875,7.003979682922363,320,1.738963373452425,5.828661986477673,niveau,0.6067,25
fest,2,organic_10,5,0.0435761958360672,0.15550202495413928,0.018207702785730362,0.2621810734272003,3314.4189453125,7.046364784240723,320,1.738963373452425,5.828661986477673,niveau,0.6067,25
fest,2,organic_20,5,0.03466428816318512,0.13736604147669906,0.019825264811515808,0.08592858165502548,3343.27978515625,7.035976886749268,320,1.738963373452425,5.828661986477673,niveau,0.6067,25
fest,2,organic_30,5,0.03303253650665283,0.19557628267819246,0.02965088188648224,0.0736086517572403,3488.03076171875,7.011331558227539,320,1.738963373452425,5.828661986477673,niveau,0.6067,25
fest,2,cjk_0,5,0.05049536004662514,0.16459866702079623,0.031900957226753235,0.16203154623508453,3062.5048828125,7.0423431396484375,320,1.738963373452425,5.828661986477673,niveau,0.6067,25
fest,2,cjk_10,5,0.04096182435750961,0.12996982171321778,0.02755618281662464,0.1152680367231369,3593.54443359375,7.040676593780518,320,1.738963373452425,5.828661986477673,niveau,0.6067,25
fest,2,cjk_20,5,0.05726174637675285,0.19248769092256443,0.02952699549496174,0.2083600014448166,2975.57666015625,7.0227460861206055,320,1.738963373452425,5.828661986477673,niveau,0.6067,25
fest,2,A,6,0.036698468029499054,0.147193677179161,0.061144210398197174,0.12107997387647629,3621.8701171875,8.433046340942383,384,1.738963373452425,5.828661986477673,niveau,0.6067,25
fest,2,greek_upper_0,6,0.033182743936777115,0.13309247936515034,0.03731919080018997,0.10621939599514008,3673.28564453125,8.422607421875,384,1.738963373452425,5.828661986477673,niveau,0.6067,25
fest,2,korean_5,6,0.03730253875255585,0.12205702522535876,0.03549662604928017,0.10990244150161743,3567.60986328125,8.438579559326172,384,1.738963373452425,5.828661986477673,niveau,0.6067,25
fest,2,digit_5,6,0.039948806166648865,0.14642464561270435,0.07400866597890854,0.09692834317684174,3678.041015625,8.407695770263672,384,1.738963373452425,5.828661986477673,niveau,0.6067,25
fest,2,a_lc,6,0.03057674504816532,0.14238396390834032,0.039470504969358444,0.1315031200647354,3515.3505859375,8.442452430725098,384,1.738963373452425,5.828661986477673,niveau,0.6067,25
fest,2,rand_gmm_10,6,0.03847477585077286,0.11441595319135171,0.012748338282108307,0.03132699057459831,3645.4365234375,8.426679611206055,384,1.738963373452425,5.828661986477673,niveau,0.6067,25
fest,2,rand_gmm_20,6,0.034347549080848694,0.1125477736924654,0.03558870404958725,0.031155049800872803,3626.96630859375,8.46107006072998,384,1.738963373452425,5.828661986477673,niveau,0.6067,25
fest,2,rand_ana_poly_10,6,0.030826404690742493,0.09734951994048137,0.10067417472600937,0.18315789103507996,3579.0439453125,8.417486190795898,384,1.738963373452425,5.828661986477673,niveau,0.6067,25
fest,2,rand_ana_poly_20,6,0.034410491585731506,0.1448081285978259,0.04242998734116554,0.16130498051643372,3482.31689453125,8.440299987792969,384,1.738963373452425,5.828661986477673,niveau,0.6067,25
fest,2,rand_ana_poly_30,6,0.04332385212182999,0.15552731166653364,0.06323820352554321,0.16218528151512146,3528.594970703125,8.416349411010742,384,1.738963373452425,5.828661986477673,niveau,0.6067,25
fest,2,rand_gmm_complex_0,6,0.04300307109951973,0.1387538918477413,0.02920294925570488,0.07277786731719971,3497.044921875,8.441620826721191,384,1.738963373452425,5.828661986477673,niveau,0.6067,25
fest,2,rand_gmm_complex_10,6,0.03918306529521942,0.11444062153298401,0.03224773705005646,0.0318005234003067,3595.589111328125,8.462529182434082,384,1.738963373452425,5.828661986477673,niveau,0.6067,25
fest,2,rand_gmm_complex_20,6,0.039588332176208496,0.11614261762687728,0.08825559169054031,0.040168557316064835,3666.7587890625,8.424543380737305,384,1.738963373452425,5.828661986477673,niveau,0.6067,25
fest,2,rand_gmm_complex_30,6,0.040060609579086304,0.12147376967019445,0.030867386609315872,0.038757238537073135,3704.275634765625,8.418417930603027,384,1.738963373452425,5.828661986477673,niveau,0.6067,25
fest,2,rand_ana_poly_complex_0,6,0.03654077276587486,0.15913473347374324,0.055751435458660126,0.4783705174922943,3243.832763671875,8.435211181640625,384,1.738963373452425,5.828661986477673,niveau,0.6067,25
fest,2,rand_ana_poly_complex_10,6,0.033668193966150284,0.11826178692662301,0.027920229360461235,0.21514330804347992,3537.843994140625,8.435992240905762,384,1.738963373452425,5.828661986477673,niveau,0.6067,25
fest,2,rand_ana_poly_complex_20,6,0.03672328591346741,0.1612310371208651,0.051326241344213486,0.26708555221557617,3278.048828125,8.431401252746582,384,1.738963373452425,5.828661986477673,niveau,0.6067,25
fest,2,rand_ana_poly_complex_30,6,0.030576128512620926,0.13683684524446224,0.0175787266343832,0.2061537206172943,3361.124755859375,8.440181732177734,384,1.738963373452425,5.828661986477673,niveau,0.6067,25
fest,2,organic_0,6,0.04614837095141411,0.14472595918840384,0.12376366555690765,0.2699722647666931,3482.70654296875,8.403915405273438,384,1.738963373452425,5.828661986477673,niveau,0.6067,25
fest,2,organic_10,6,0.03981860727071762,0.14209303824372171,0.032553091645240784,0.24100399017333984,3447.397216796875,8.448265075683594,384,1.738963373452425,5.828661986477673,niveau,0.6067,25
fest,2,organic_20,6,0.030651027336716652,0.12146247667391835,0.019761495292186737,0.07770362496376038,3464.86083984375,8.44112777709961,384,1.738963373452425,5.828661986477673,niveau,0.6067,25
fest,2,organic_30,6,0.02709890529513359,0.16044493468441942,0.021040376275777817,0.06218608096241951,3568.218017578125,8.406344413757324,384,1.738963373452425,5.828661986477673,niveau,0.6067,25
fest,2,cjk_0,6,0.03951588645577431,0.12880910703002899,0.09457392990589142,0.1691834032535553,3288.03173828125,8.4441499710083,384,1.738963373452425,5.828661986477673,niveau,0.6067,25
fest,2,cjk_10,6,0.03819730505347252,0.1211981401120154,0.022511597722768784,0.12203654646873474,3636.2841796875,8.446710586547852,384,1.738963373452425,5.828661986477673,niveau,0.6067,25
fest,2,cjk_20,6,0.05623532831668854,0.18903734483980492,0.07815752923488617,0.20279939472675323,3181.809326171875,8.419038772583008,384,1.738963373452425,5.828661986477673,niveau,0.6067,25
fest,2,A,7,0.032466765493154526,0.13022076548834466,0.047014299780130386,0.09223448485136032,3725.426513671875,9.827180862426758,448,1.738963373452425,5.828661986477673,niveau,0.6067,25
fest,2,greek_upper_0,7,0.028236422687768936,0.11325330753471595,0.028432942926883698,0.09991462528705597,3759.88623046875,9.82680606842041,448,1.738963373452425,5.828661986477673,niveau,0.6067,25
fest,2,korean_5,7,0.03662592172622681,0.11984307775121017,0.06206195801496506,0.09809083491563797,3751.544921875,9.819944381713867,448,1.738963373452425,5.828661986477673,niveau,0.6067,25
fest,2,digit_5,7,0.03046855702996254,0.1116766204935375,0.04949956387281418,0.09049906581640244,3745.67724609375,9.803434371948242,448,1.738963373452425,5.828661986477673,niveau,0.6067,25
fest,2,a_lc,7,0.027227336540818214,0.12678707616658857,0.03521234914660454,0.11442936211824417,3554.036376953125,9.855840682983398,448,1.738963373452425,5.828661986477673,niveau,0.6067,25
fest,2,rand_gmm_10,7,0.035879410803318024,0.1066978792268455,0.12075872719287872,0.03110278584063053,3750.014404296875,9.834903717041016,448,1.738963373452425,5.828661986477673,niveau,0.6067,25
fest,2,rand_gmm_20,7,0.030586877837777138,0.1002250552649961,0.039704278111457825,0.02864479459822178,3673.93408203125,9.872926712036133,448,1.738963373452425,5.828661986477673,niveau,0.6067,25
fest,2,rand_ana_poly_10,7,0.025753742083907127,0.08133009521192217,0.1098363995552063,0.147105410695076,3637.252685546875,9.828974723815918,448,1.738963373452425,5.828661986477673,niveau,0.6067,25
fest,2,rand_ana_poly_20,7,0.02512219361960888,0.10572060080177052,0.0377650186419487,0.1297803670167923,3545.236083984375,9.842205047607422,448,1.738963373452425,5.828661986477673,niveau,0.6067,25
fest,2,rand_ana_poly_30,7,0.036830514669418335,0.13221702718681308,0.04826509207487106,0.14824378490447998,3636.2783203125,9.82698917388916,448,1.738963373452425,5.828661986477673,niveau,0.6067,25
fest,2,rand_gmm_complex_0,7,0.03820576146245003,0.12327487219815329,0.01579027622938156,0.06894569844007492,3610.31298828125,9.847311019897461,448,1.738963373452425,5.828661986477673,niveau,0.6067,25
fest,2,rand_gmm_complex_10,7,0.03624804690480232,0.10586841498713598,0.056112442165613174,0.03053242899477482,3655.31201171875,9.8685884475708,448,1.738963373452425,5.828661986477673,niveau,0.6067,25
fest,2,rand_gmm_complex_20,7,0.035702940076589584,0.10474381438990424,0.012228364124894142,0.024483872577548027,3780.946044921875,9.823136329650879,448,1.738963373452425,5.828661986477673,niveau,0.6067,25
fest,2,rand_gmm_complex_30,7,0.03680094704031944,0.11158965905387871,0.028773518279194832,0.029299035668373108,3749.3955078125,9.8231840133667,448,1.738963373452425,5.828661986477673,niveau,0.6067,25
fest,2,rand_ana_poly_complex_0,7,0.03352900221943855,0.14601850010172202,0.020161092281341553,0.4556621313095093,3349.580322265625,9.843460083007812,448,1.738963373452425,5.828661986477673,niveau,0.6067,25
fest,2,rand_ana_poly_complex_10,7,0.026122450828552246,0.09175685862429615,0.02347039431333542,0.18442615866661072,3626.103271484375,9.834219932556152,448,1.738963373452425,5.828661986477673,niveau,0.6067,25
fest,2,rand_ana_poly_complex_20,7,0.033200785517692566,0.14576574369892872,0.08964395523071289,0.13124655187129974,3534.76953125,9.841686248779297,448,1.738963373452425,5.828661986477673,niveau,0.6067,25
fest,2,rand_ana_poly_complex_30,7,0.03054644539952278,0.13670400489642054,0.04887824505567551,0.19268912076950073,3596.495849609375,9.851739883422852,448,1.738963373452425,5.828661986477673,niveau,0.6067,25
fest,2,organic_0,7,0.03359963744878769,0.10537186162601489,0.00961025059223175,0.19882091879844666,3640.543701171875,9.815078735351562,448,1.738963373452425,5.828661986477673,niveau,0.6067,25
fest,2,organic_10,7,0.03238893672823906,0.11558019580919945,0.02685585618019104,0.20810197293758392,3696.217041015625,9.835373878479004,448,1.738963373452425,5.828661986477673,niveau,0.6067,25
fest,2,organic_20,7,0.02495380863547325,0.09888580131475191,0.008756670169532299,0.07665638625621796,3514.409423828125,9.845134735107422,448,1.738963373452425,5.828661986477673,niveau,0.6067,25
fest,2,organic_30,7,0.023968558758497238,0.14191104041303673,0.016565419733524323,0.057147033512592316,3644.087158203125,9.802515029907227,448,1.738963373452425,5.828661986477673,niveau,0.6067,25
fest,2,cjk_0,7,0.036365360021591187,0.11853940203136185,0.014944903552532196,0.15118853747844696,3535.431640625,9.853906631469727,448,1.738963373452425,5.828661986477673,niveau,0.6067,25
fest,2,cjk_10,7,0.03386283665895462,0.10744508850132002,0.009557144716382027,0.11948312073945999,3667.740234375,9.852729797363281,448,1.738963373452425,5.828661986477673,niveau,0.6067,25
fest,2,cjk_20,7,0.04923873394727707,0.16551800811491965,0.05145367607474327,0.16249659657478333,3213.654296875,9.824458122253418,448,1.738963373452425,5.828661986477673,niveau,0.6067,25
fest,2,A,8,0.029126128181815147,0.11682182225227572,0.04302731156349182,0.08706533908843994,3758.251953125,11.212348937988281,512,1.738963373452425,5.828661986477673,niveau,0.6067,25
fest,2,greek_upper_0,8,0.028080038726329803,0.11262606799115879,0.04590421915054321,0.0987669825553894,3819.789794921875,11.218680381774902,512,1.738963373452425,5.828661986477673,niveau,0.6067,25
fest,2,korean_5,8,0.03324921056628227,0.10879419654872469,0.06955746561288834,0.0861918181180954,3793.19189453125,11.22752571105957,512,1.738963373452425,5.828661986477673,niveau,0.6067,25
fest,2,digit_5,8,0.02884836308658123,0.10573811201862057,0.02882615476846695,0.08775121718645096,3773.20068359375,11.208592414855957,512,1.738963373452425,5.828661986477673,niveau,0.6067,25
fest,2,a_lc,8,0.02689628303050995,0.12524548921908285,0.040414124727249146,0.10013329982757568,3729.621337890625,11.247787475585938,512,1.738963373452425,5.828661986477673,niveau,0.6067,25
fest,2,rand_gmm_10,8,0.03051958791911602,0.09075888463435397,0.06879556179046631,0.027664726600050926,3796.240478515625,11.223577499389648,512,1.738963373452425,5.828661986477673,niveau,0.6067,25
fest,2,rand_gmm_20,8,0.028704440221190453,0.09405680837311199,0.04041705280542374,0.026738528162240982,3750.259033203125,11.271919250488281,512,1.738963373452425,5.828661986477673,niveau,0.6067,25
fest,2,rand_ana_poly_10,8,0.0248696431517601,0.07853811841515183,0.011033027432858944,0.1375708431005478,3742.7333984375,11.239232063293457,512,1.738963373452425,5.828661986477673,niveau,0.6067,25
fest,2,rand_ana_poly_20,8,0.022462209686636925,0.09452670970392658,0.014294796623289585,0.10990843176841736,3672.42236328125,11.25549602508545,512,1.738963373452425,5.828661986477673,niveau,0.6067,25
fest,2,rand_ana_poly_30,8,0.02621176466345787,0.09409701798167917,0.030165527015924454,0.11991480737924576,3708.37109375,11.216351509094238,512,1.738963373452425,5.828661986477673,niveau,0.6067,25
fest,2,rand_gmm_complex_0,8,0.03578053414821625,0.11544962344588128,0.04450681805610657,0.07176695019006729,3620.677490234375,11.249940872192383,512,1.738963373452425,5.828661986477673,niveau,0.6067,25
fest,2,rand_gmm_complex_10,8,0.0319596566259861,0.09334346204672343,0.061586473137140274,0.024599093943834305,3751.8271484375,11.276939392089844,512,1.738963373452425,5.828661986477673,niveau,0.6067,25
fest,2,rand_gmm_complex_20,8,0.032033488154411316,0.09397852754728542,0.014222320169210434,0.02271016128361225,3835.739990234375,11.223394393920898,512,1.738963373452425,5.828661986477673,niveau,0.6067,25
fest,2,rand_gmm_complex_30,8,0.0328700989484787,0.09967034627422339,0.039827506989240646,0.02629956416785717,3785.1943359375,11.227398872375488,512,1.738963373452425,5.828661986477673,niveau,0.6067,25
fest,2,rand_ana_poly_complex_0,8,0.02599935792386532,0.11322696759075242,0.04806331545114517,0.19859158992767334,3412.669189453125,11.251458168029785,512,1.738963373452425,5.828661986477673,niveau,0.6067,25
fest,2,rand_ana_poly_complex_10,8,0.022283075377345085,0.07827079513070728,0.017748810350894928,0.1605609655380249,3661.40625,11.238631248474121,512,1.738963373452425,5.828661986477673,niveau,0.6067,25
fest,2,rand_ana_poly_complex_20,8,0.026773320510983467,0.11754640484315018,0.08474017679691315,0.11330068111419678,3699.6259765625,11.234310150146484,512,1.738963373452425,5.828661986477673,niveau,0.6067,25
fest,2,rand_ana_poly_complex_30,8,0.026919055730104446,0.12047040754511837,0.07713531702756882,0.15895774960517883,3799.581298828125,11.257525444030762,512,1.738963373452425,5.828661986477673,niveau,0.6067,25
fest,2,organic_0,8,0.03005673736333847,0.09426096859546461,0.016778631135821342,0.16192775964736938,3664.8408203125,11.224508285522461,512,1.738963373452425,5.828661986477673,niveau,0.6067,25
fest,2,organic_10,8,0.02648302912712097,0.09450491437295762,0.027086153626441956,0.20688888430595398,3747.010009765625,11.224592208862305,512,1.738963373452425,5.828661986477673,niveau,0.6067,25
fest,2,organic_20,8,0.02261359617114067,0.08961211535511328,0.021087821573019028,0.0791717916727066,3533.6982421875,11.244588851928711,512,1.738963373452425,5.828661986477673,niveau,0.6067,25
fest,2,organic_30,8,0.021919352933764458,0.12977827375241352,0.025137636810541153,0.058364834636449814,3742.48388671875,11.207719802856445,512,1.738963373452425,5.828661986477673,niveau,0.6067,25
fest,2,cjk_0,8,0.03257196396589279,0.1061741483986841,0.016944274306297302,0.14252957701683044,3580.49365234375,11.261417388916016,512,1.738963373452425,5.828661986477673,niveau,0.6067,25
fest,2,cjk_10,8,0.02908415161073208,0.09228255964712756,0.02618287317454815,0.1263033002614975,3694.08056640625,11.262033462524414,512,1.738963373452425,5.828661986477673,niveau,0.6067,25
fest,2,cjk_20,8,0.04017182067036629,0.13503921012324255,0.03788772225379944,0.11494151502847672,3666.493408203125,11.236703872680664,512,1.738963373452425,5.828661986477673,niveau,0.6067,25
fest,3,A,1,0.1460263580083847,0.5856962907295552,0.13236825168132782,0.19207005202770233,1041.23828125,1.4075435400009155,64,1.7395567923411728,5.816198112741112,niveau,0.6067,25
fest,3,greek_upper_0,1,0.13711948692798615,0.5499717720539868,0.08536206930875778,0.19962427020072937,1050.121826171875,1.4082822799682617,64,1.7395567923411728,5.816198112741112,niveau,0.6067,25
fest,3,korean_5,1,0.2148735225200653,0.7030841287363137,0.1992497444152832,0.24469265341758728,1173.81103515625,1.4108928442001343,64,1.7395567923411728,5.816198112741112,niveau,0.6067,25
fest,3,digit_5,1,0.19383718073368073,0.7104728080507696,0.25596585869789124,0.23804467916488647,1273.93994140625,1.4124374389648438,64,1.7395567923411728,5.816198112741112,niveau,0.6067,25
fest,3,a_lc,1,0.16181081533432007,0.7534897927902029,0.17729750275611877,0.2561158239841461,1202.71728515625,1.4100909233093262,64,1.7395567923411728,5.816198112741112,niveau,0.6067,25
fest,3,rand_gmm_10,1,0.19481652975082397,0.579343698721616,0.12405811250209808,0.1943920999765396,1071.604736328125,1.4056317806243896,64,1.7395567923411728,5.816198112741112,niveau,0.6067,25
fest,3,rand_gmm_20,1,0.22288066148757935,0.7303205882459212,0.35301774740219116,0.26341259479522705,1247.353271484375,1.412336826324463,64,1.7395567923411728,5.816198112741112,niveau,0.6067,25
fest,3,rand_ana_poly_10,1,0.1483362913131714,0.46844472762745704,0.13275761902332306,0.2734664976596832,1075.261962890625,1.41264009475708,64,1.7395567923411728,5.816198112741112,niveau,0.6067,25
fest,3,rand_ana_poly_20,1,0.1386028230190277,0.5832760444516154,0.2202850878238678,0.25752750039100647,1170.1904296875,1.4120023250579834,64,1.7395567923411728,5.816198112741112,niveau,0.6067,25
fest,3,rand_ana_poly_30,1,0.20147176086902618,0.7232588934282148,0.32889071106910706,0.3044854998588562,1241.93408203125,1.4115126132965088,64,1.7395567923411728,5.816198112741112,niveau,0.6067,25
fest,3,rand_gmm_complex_0,1,0.21778643131256104,0.7027106242322803,0.304364413022995,0.1939115673303604,1150.097412109375,1.4109621047973633,64,1.7395567923411728,5.816198112741112,niveau,0.6067,25
fest,3,rand_gmm_complex_10,1,0.32497745752334595,0.9491504031900768,0.47867128252983093,0.23905983567237854,1180.375,1.4128210544586182,64,1.7395567923411728,5.816198112741112,niveau,0.6067,25
fest,3,rand_gmm_complex_20,1,0.16803359985351562,0.4929700511097324,0.07616806030273438,0.19079238176345825,1238.740234375,1.4116286039352417,64,1.7395567923411728,5.816198112741112,niveau,0.6067,25
fest,3,rand_gmm_complex_30,1,0.22996900975704193,0.6973234510413747,0.25241726636886597,0.24792593717575073,1072.76806640625,1.4032577276229858,64,1.7395567923411728,5.816198112741112,niveau,0.6067,25
fest,3,rand_ana_poly_complex_0,1,0.21779164671897888,0.9484806431296763,0.44982218742370605,0.39976829290390015,1071.7734375,1.410356044769287,64,1.7395567923411728,5.816198112741112,niveau,0.6067,25
fest,3,rand_ana_poly_complex_10,1,0.1514294147491455,0.5319059644093632,0.06801766902208328,0.37641802430152893,1063.22119140625,1.409101963043213,64,1.7395567923411728,5.816198112741112,niveau,0.6067,25
fest,3,rand_ana_poly_complex_20,1,0.1779824197292328,0.7814194565770496,0.27879011631011963,0.27222198247909546,1280.17724609375,1.4121527671813965,64,1.7395567923411728,5.816198112741112,niveau,0.6067,25
fest,3,rand_ana_poly_complex_30,1,0.15124599635601044,0.6768687209261693,0.23220321536064148,0.3196913003921509,1219.095703125,1.4119548797607422,64,1.7395567923411728,5.816198112741112,niveau,0.6067,25
fest,3,organic_0,1,0.1751658320426941,0.5493377672226787,0.04138621315360069,0.42701807618141174,1133.92529296875,1.4083318710327148,64,1.7395567923411728,5.816198112741112,niveau,0.6067,25
fest,3,organic_10,1,0.1449737250804901,0.5173399692797851,0.16283023357391357,0.3902491629123688,1108.220703125,1.4128706455230713,64,1.7395567923411728,5.816198112741112,niveau,0.6067,25
fest,3,organic_20,1,0.15135398507118225,0.5997785874926026,0.11071664094924927,0.2723711133003235,1105.0751953125,1.4100005626678467,64,1.7395567923411728,5.816198112741112,niveau,0.6067,25
fest,3,organic_30,1,0.16694937646389008,0.9884599215586631,0.45329174399375916,0.25396209955215454,1058.934326171875,1.406005620956421,64,1.7395567923411728,5.816198112741112,niveau,0.6067,25
fest,3,cjk_0,1,0.20080745220184326,0.6545678440503512,0.21507202088832855,0.22563216090202332,1059.14111328125,1.4124388694763184,64,1.7395567923411728,5.816198112741112,niveau,0.6067,25
fest,3,cjk_10,1,0.12612803280353546,0.4001979451266568,0.04201442003250122,0.2869350016117096,1152.4609375,1.395322322845459,64,1.7395567923411728,5.816198112741112,niveau,0.6067,25
fest,3,cjk_20,1,0.15857230126857758,0.533047244396611,0.14290542900562286,0.20326514542102814,1157.649169921875,1.4105116128921509,64,1.7395567923411728,5.816198112741112,niveau,0.6067,25
fest,3,A,2,0.0827067419886589,0.3317280021343985,0.1023988202214241,0.18914183974266052,1993.905029296875,2.8153460025787354,128,1.7395567923411728,5.816198112741112,niveau,0.6067,25
fest,3,greek_upper_0,2,0.08697474002838135,0.3488464912537595,0.050615303218364716,0.24854494631290436,1797.504150390625,2.8216822147369385,128,1.7395567923411728,5.816198112741112,niveau,0.6067,25
fest,3,korean_5,2,0.13031810522079468,0.4264117346481049,0.0902661383152008,0.226587176322937,2018.2880859375,2.8224902153015137,128,1.7395567923411728,5.816198112741112,niveau,0.6067,25
fest,3,digit_5,2,0.10446448624134064,0.3828944302663917,0.09067688882350922,0.18030203878879547,2167.22509765625,2.823230743408203,128,1.7395567923411728,5.816198112741112,niveau,0.6067,25
fest,3,a_lc,2,0.076543889939785,0.3564350111636316,0.06812761723995209,0.20901787281036377,2079.860595703125,2.820817470550537,128,1.7395567923411728,5.816198112741112,niveau,0.6067,25
fest,3,rand_gmm_10,2,0.10691167414188385,0.31793300503350724,0.055238574743270874,0.1283121407032013,1858.8369140625,2.817037582397461,128,1.7395567923411728,5.816198112741112,niveau,0.6067,25
fest,3,rand_gmm_20,2,0.15722769498825073,0.5151932963855125,0.29570963978767395,0.20887453854084015,2016.27001953125,2.821408748626709,128,1.7395567923411728,5.816198112741112,niveau,0.6067,25
fest,3,rand_ana_poly_10,2,0.1483362913131714,0.46844472762745704,0.03739481419324875,0.2759864628314972,2022.5703125,2.8251476287841797,128,1.7395567923411728,5.816198112741112,niveau,0.6067,25
fest,3,rand_ana_poly_20,2,0.07548914104700089,0.3176775669489797,0.05080541968345642,0.28352776169776917,2177.45068359375,2.8121228218078613,128,1.7395567923411728,5.816198112741112,niveau,0.6067,25
fest,3,rand_ana_poly_30,2,0.09811639785766602,0.3522258257713365,0.0565214604139328,0.3427108824253082,1862.69091796875,2.8134279251098633,128,1.7395567923411728,5.816198112741112,niveau,0.6067,25
fest,3,rand_gmm_complex_0,2,0.14155124127864838,0.45672983629093566,0.12634307146072388,0.16868586838245392,2147.96484375,2.819945812225342,128,1.7395567923411728,5.816198112741112,niveau,0.6067,25
fest,3,rand_gmm_complex_10,2,0.30301788449287415,0.8850138389046697,0.47676900029182434,0.23886533081531525,1713.5810546875,2.8186683654785156,128,1.7395567923411728,5.816198112741112,niveau,0.6067,25
fest,3,rand_gmm_complex_20,2,0.14787378907203674,0.43382602896194855,0.14355726540088654,0.1828722506761551,1706.784423828125,2.8129591941833496,128,1.7395567923411728,5.816198112741112,niveau,0.6067,25
fest,3,rand_gmm_complex_30,2,0.1844753921031952,0.5593754444980026,0.25352317094802856,0.22341598570346832,1775.82568359375,2.8149800300598145,128,1.7395567923411728,5.816198112741112,niveau,0.6067,25
fest,3,rand_ana_poly_complex_0,2,0.08826026320457458,0.3843726445352894,0.10977071523666382,0.31818801164627075,2072.729736328125,2.8225717544555664,128,1.7395567923411728,5.816198112741112,niveau,0.6067,25
fest,3,rand_ana_poly_complex_10,2,0.08752083778381348,0.3074228062258124,0.04302506893873215,0.3124082386493683,2055.12353515625,2.8220016956329346,128,1.7395567923411728,5.816198112741112,niveau,0.6067,25
fest,3,rand_ana_poly_complex_20,2,0.13423456251621246,0.5893475268785127,0.2757328450679779,0.2764950692653656,1829.313720703125,2.8145251274108887,128,1.7395567923411728,5.816198112741112,niveau,0.6067,25
fest,3,rand_ana_poly_complex_30,2,0.10229025781154633,0.45777790907691696,0.25858283042907715,0.36966460943222046,1836.362060546875,2.8244810104370117,128,1.7395567923411728,5.816198112741112,niveau,0.6067,25
fest,3,organic_0,2,0.12872733175754547,0.40370193309724556,0.07000203430652618,0.43733420968055725,1848.96630859375,2.8110029697418213,128,1.7395567923411728,5.816198112741112,niveau,0.6067,25
fest,3,organic_10,2,0.10009287297725677,0.3571822673552039,0.07403654605150223,0.39811578392982483,1863.29833984375,2.8199572563171387,128,1.7395567923411728,5.816198112741112,niveau,0.6067,25
fest,3,organic_20,2,0.09040144085884094,0.358238658071087,0.026389218866825104,0.22614866495132446,1806.7900390625,2.818221092224121,128,1.7395567923411728,5.816198112741112,niveau,0.6067,25
fest,3,organic_30,2,0.1129172220826149,0.668550855633444,0.32079946994781494,0.26116788387298584,1928.6123046875,2.8176512718200684,128,1.7395567923411728,5.816198112741112,niveau,0.6067,25
fest,3,cjk_0,2,0.13218878209590912,0.4308930030006458,0.0821414440870285,0.30027028918266296,1829.8603515625,2.8247575759887695,128,1.7395567923411728,5.816198112741112,niveau,0.6067,25
fest,3,cjk_10,2,0.1078602597117424,0.3422352139964311,0.13539959490299225,0.24602223932743073,1987.0791015625,2.805823802947998,128,1.7395567923411728,5.816198112741112,niveau,0.6067,25
fest,3,cjk_20,2,0.1001627966761589,0.3367013175198493,0.05792468786239624,0.1870562583208084,2029.474609375,2.821176290512085,128,1.7395567923411728,5.816198112741112,niveau,0.6067,25
fest,3,A,3,0.06304682791233063,0.25287416432310367,0.11454134434461594,0.16658225655555725,2492.662841796875,4.227388381958008,192,1.7395567923411728,5.816198112741112,niveau,0.6067,25
fest,3,greek_upper_0,3,0.05863369628787041,0.23517355973225826,0.03587402403354645,0.24340730905532837,2690.9228515625,4.232233047485352,192,1.7395567923411728,5.816198112741112,niveau,0.6067,25
fest,3,korean_5,3,0.05756498873233795,0.18835745546458424,0.025893421843647957,0.19782687723636627,2759.779296875,4.234886646270752,192,1.7395567923411728,5.816198112741112,niveau,0.6067,25
fest,3,digit_5,3,0.07060878723859787,0.25880289401954404,0.060934677720069885,0.166150763630867,2872.318603515625,4.227269172668457,192,1.7395567923411728,5.816198112741112,niveau,0.6067,25
fest,3,a_lc,3,0.06901389360427856,0.3213707580923579,0.06843574345111847,0.18504519760608673,2539.13525390625,4.233274459838867,192,1.7395567923411728,5.816198112741112,niveau,0.6067,25
fest,3,rand_gmm_10,3,0.056729041039943695,0.16870032796009354,0.012318097054958344,0.03600005805492401,2624.762939453125,4.209433555603027,192,1.7395567923411728,5.816198112741112,niveau,0.6067,25
fest,3,rand_gmm_20,3,0.07395195960998535,0.2423208827712174,0.090949647128582,0.055086392909288406,2942.2021484375,4.230575084686279,192,1.7395567923411728,5.816198112741112,niveau,0.6067,25
fest,3,rand_ana_poly_10,3,0.07278714329004288,0.229861170260074,0.2160644382238388,0.2699279189109802,2966.181396484375,4.228188991546631,192,1.7395567923411728,5.816198112741112,niveau,0.6067,25
fest,3,rand_ana_poly_20,3,0.04809639975428581,0.20240192219744493,0.04129274934530258,0.26706647872924805,2660.796875,4.218444347381592,192,1.7395567923411728,5.816198112741112,niveau,0.6067,25
fest,3,rand_ana_poly_30,3,0.05147559940814972,0.18479108390130777,0.05090363696217537,0.3283631205558777,2622.30517578125,4.225821495056152,192,1.7395567923411728,5.816198112741112,niveau,0.6067,25
fest,3,rand_gmm_complex_0,3,0.07284863293170929,0.23505370841235307,0.03769581392407417,0.09060095250606537,2822.72265625,4.222456455230713,192,1.7395567923411728,5.816198112741112,niveau,0.6067,25
fest,3,rand_gmm_complex_10,3,0.24799521267414093,0.7243110272716685,0.4411797821521759,0.23466834425926208,1955.083984375,4.227590560913086,192,1.7395567923411728,5.816198112741112,niveau,0.6067,25
fest,3,rand_gmm_complex_20,3,0.12607650458812714,0.369878053941157,0.12835891544818878,0.1510581225156784,2065.849853515625,4.2234907150268555,192,1.7395567923411728,5.816198112741112,niveau,0.6067,25
fest,3,rand_gmm_complex_30,3,0.13314799964427948,0.4037379763007898,0.38511791825294495,0.19491373002529144,2171.91259765625,4.220762729644775,192,1.7395567923411728,5.816198112741112,niveau,0.6067,25
fest,3,rand_ana_poly_complex_0,3,0.045655202120542526,0.19882799052152078,0.025070179253816605,0.3841565251350403,2639.016357421875,4.2314772605896,192,1.7395567923411728,5.816198112741112,niveau,0.6067,25
fest,3,rand_ana_poly_complex_10,3,0.07752610743045807,0.2723156462567943,0.04191899672150612,0.2769905626773834,2476.416015625,4.223711013793945,192,1.7395567923411728,5.816198112741112,niveau,0.6067,25
fest,3,rand_ana_poly_complex_20,3,0.09079334139823914,0.39862186166566504,0.16094361245632172,0.1981694996356964,2315.3154296875,4.221680641174316,192,1.7395567923411728,5.816198112741112,niveau,0.6067,25
fest,3,rand_ana_poly_complex_30,3,0.08833906799554825,0.3953423786584779,0.04592140391469002,0.34486597776412964,2618.572509765625,4.237576007843018,192,1.7395567923411728,5.816198112741112,niveau,0.6067,25
fest,3,organic_0,3,0.07617265731096268,0.23888515815358044,0.09410466998815536,0.3731350898742676,2727.733154296875,4.2192182540893555,192,1.7395567923411728,5.816198112741112,niveau,0.6067,25
fest,3,organic_10,3,0.06654039770364761,0.23744997436437093,0.028696922585368156,0.5063725709915161,2677.54541015625,4.232011795043945,192,1.7395567923411728,5.816198112741112,niveau,0.6067,25
fest,3,organic_20,3,0.05080312490463257,0.20132027895519466,0.04105305299162865,0.12698331475257874,2321.8828125,4.230310916900635,192,1.7395567923411728,5.816198112741112,niveau,0.6067,25
fest,3,organic_30,3,0.055771272629499435,0.3302058919669313,0.22181561589241028,0.16115149855613708,2626.647705078125,4.225391864776611,192,1.7395567923411728,5.816198112741112,niveau,0.6067,25
fest,3,cjk_0,3,0.12192495912313461,0.39743623433326364,0.15685245394706726,0.2727598249912262,2272.716552734375,4.219448566436768,192,1.7395567923411728,5.816198112741112,niveau,0.6067,25
fest,3,cjk_10,3,0.06738408654928207,0.21380633925580084,0.0736003965139389,0.21371859312057495,2872.41845703125,4.191965579986572,192,1.7395567923411728,5.816198112741112,niveau,0.6067,25
fest,3,cjk_20,3,0.0685744509100914,0.23051580762344817,0.03297466039657593,0.16000044345855713,2510.82861328125,4.22247314453125,192,1.7395567923411728,5.816198112741112,niveau,0.6067,25
fest,3,A,4,0.04409218579530716,0.17684909781141675,0.08098946511745453,0.13475094735622406,2863.75830078125,5.6389312744140625,256,1.7395567923411728,5.816198112741112,niveau,0.6067,25
fest,3,greek_upper_0,4,0.04600946232676506,0.18453909137212202,0.029381070286035538,0.15571339428424835,3030.024169921875,5.643448829650879,256,1.7395567923411728,5.816198112741112,niveau,0.6067,25
fest,3,korean_5,4,0.04985814541578293,0.16314001985419455,0.03267400711774826,0.1626097410917282,3255.524169921875,5.646528244018555,256,1.7395567923411728,5.816198112741112,niveau,0.6067,25
fest,3,digit_5,4,0.0652712881565094,0.23923932037249457,0.10007727146148682,0.1328505575656891,3163.621826171875,5.640570163726807,256,1.7395567923411728,5.816198112741112,niveau,0.6067,25
fest,3,a_lc,4,0.05828071013092995,0.2713905131093307,0.08003441244363785,0.15176497399806976,3136.68701171875,5.635495662689209,256,1.7395567923411728,5.816198112741112,niveau,0.6067,25
fest,3,rand_gmm_10,4,0.0524381622672081,0.15594015005248868,0.031242139637470245,0.033224791288375854,3050.51318359375,5.622587203979492,256,1.7395567923411728,5.816198112741112,niveau,0.6067,25
fest,3,rand_gmm_20,4,0.056673046201467514,0.1857024838462738,0.05144977942109108,0.03388049453496933,3411.830810546875,5.624237537384033,256,1.7395567923411728,5.816198112741112,niveau,0.6067,25
fest,3,rand_ana_poly_10,4,0.03589277341961861,0.1133490686567698,0.011403802782297134,0.20797128975391388,3258.75634765625,5.63564920425415,256,1.7395567923411728,5.816198112741112,niveau,0.6067,25
fest,3,rand_ana_poly_20,4,0.045252423733472824,0.19043374544748568,0.05047567933797836,0.23840512335300446,3238.1875,5.621114730834961,256,1.7395567923411728,5.816198112741112,niveau,0.6067,25
fest,3,rand_ana_poly_30,4,0.04575992003083229,0.1642724964635553,0.15333130955696106,0.27719682455062866,2944.66796875,5.6185102462768555,256,1.7395567923411728,5.816198112741112,niveau,0.6067,25
fest,3,rand_gmm_complex_0,4,0.05729024484753609,0.18485294734204277,0.042978473007678986,0.06943996995687485,3180.930419921875,5.627951622009277,256,1.7395567923411728,5.816198112741112,niveau,0.6067,25
fest,3,rand_gmm_complex_10,4,0.1289164274930954,0.376521744201613,0.3253364861011505,0.15604226291179657,2362.196533203125,5.632246971130371,256,1.7395567923411728,5.816198112741112,niveau,0.6067,25
fest,3,rand_gmm_complex_20,4,0.09817080199718475,0.28800945358680924,0.0865168496966362,0.13297241926193237,2616.81201171875,5.619625091552734,256,1.7395567923411728,5.816198112741112,niveau,0.6067,25
fest,3,rand_gmm_complex_30,4,0.06664516776800156,0.2020847871298501,0.04803469404578209,0.09287063777446747,2769.61376953125,5.623590469360352,256,1.7395567923411728,5.816198112741112,niveau,0.6067,25
fest,3,rand_ana_poly_complex_0,4,0.04174068942666054,0.1817803232975192,0.10508571565151215,0.35933664441108704,3084.39208984375,5.642120361328125,256,1.7395567923411728,5.816198112741112,niveau,0.6067,25
fest,3,rand_ana_poly_complex_10,4,0.06024259701371193,0.21160615799899526,0.3213295638561249,0.30534204840660095,2877.189697265625,5.632167339324951,256,1.7395567923411728,5.816198112741112,niveau,0.6067,25
fest,3,rand_ana_poly_complex_20,4,0.06048476696014404,0.26555416990671665,0.09117528796195984,0.18572880327701569,2832.95751953125,5.613913536071777,256,1.7395567923411728,5.816198112741112,niveau,0.6067,25
fest,3,rand_ana_poly_complex_30,4,0.0781337171792984,0.34967053993199537,0.153785839676857,0.341537207365036,2698.320068359375,5.643501281738281,256,1.7395567923411728,5.816198112741112,niveau,0.6067,25
fest,3,organic_0,4,0.06982555240392685,0.21897999515861155,0.03764311224222183,0.32013893127441406,2934.82421875,5.627689838409424,256,1.7395567923411728,5.816198112741112,niveau,0.6067,25
fest,3,organic_10,4,0.05302482470870018,0.1892195373377806,0.03103208914399147,0.3013606667518616,3272.71728515625,5.637624740600586,256,1.7395567923411728,5.816198112741112,niveau,0.6067,25
fest,3,organic_20,4,0.049636054784059525,0.19669546733828933,0.08734127134084702,0.12326113879680634,2544.115478515625,5.63986873626709,256,1.7395567923411728,5.816198112741112,niveau,0.6067,25
fest,3,organic_30,4,0.049712885171175,0.29433589760895523,0.135698139667511,0.12678785622119904,3192.1982421875,5.6339874267578125,256,1.7395567923411728,5.816198112741112,niveau,0.6067,25
fest,3,cjk_0,4,0.09650744497776031,0.31458329609403113,0.1687568575143814,0.262204647064209,2623.928466796875,5.631431579589844,256,1.7395567923411728,5.816198112741112,niveau,0.6067,25
fest,3,cjk_10,4,0.058537933975458145,0.18573793920522946,0.03508812189102173,0.18832580745220184,3396.9970703125,5.599721908569336,256,1.7395567923411728,5.816198112741112,niveau,0.6067,25
fest,3,cjk_20,4,0.053552720695734024,0.1800196501433951,0.04426259547472,0.12979905307292938,3006.91943359375,5.633984565734863,256,1.7395567923411728,5.816198112741112,niveau,0.6067,25
fest,3,A,5,0.032226838171482086,0.12925844235528292,0.04312919080257416,0.13746404647827148,3226.33056640625,7.045322895050049,320,1.7395567923411728,5.816198112741112,niveau,0.6067,25
fest,3,greek_upper_0,5,0.04206579551100731,0.16872146051858855,0.054273247718811035,0.13533943891525269,3478.369384765625,7.052303314208984,320,1.7395567923411728,5.816198112741112,niveau,0.6067,25
fest,3,korean_5,5,0.03736105561256409,0.12224849728321287,0.03221733868122101,0.15634013712406158,3333.142578125,7.045945167541504,320,1.7395567923411728,5.816198112741112,niveau,0.6067,25
fest,3,digit_5,5,0.0487920381128788,0.17883780705728036,0.07284338027238846,0.11962559074163437,3381.86767578125,7.044862747192383,320,1.7395567923411728,5.816198112741112,niveau,0.6067,25
fest,3,a_lc,5,0.04841238260269165,0.22543756460539335,0.0724060982465744,0.11508718878030777,3332.2431640625,7.043993949890137,320,1.7395567923411728,5.816198112741112,niveau,0.6067,25
fest,3,rand_gmm_10,5,0.04810784384608269,0.14306268686214288,0.03851035237312317,0.03037189692258835,3232.79833984375,7.030236721038818,320,1.7395567923411728,5.816198112741112,niveau,0.6067,25
fest,3,rand_gmm_20,5,0.0475350022315979,0.15575954665760175,0.03184400498867035,0.03290548175573349,3604.0517578125,7.031293869018555,320,1.7395567923411728,5.816198112741112,niveau,0.6067,25
fest,3,rand_ana_poly_10,5,0.030299142003059387,0.09568442892375659,0.017162775620818138,0.19845247268676758,3303.212646484375,7.030719757080078,320,1.7395567923411728,5.816198112741112,niveau,0.6067,25
fest,3,rand_ana_poly_20,5,0.038564395159482956,0.16228881472496604,0.046502888202667236,0.24219030141830444,3301.32470703125,7.026516914367676,320,1.7395567923411728,5.816198112741112,niveau,0.6067,25
fest,3,rand_ana_poly_30,5,0.04575895145535469,0.164269019396471,0.11055580526590347,0.2070903331041336,3556.5,7.030160903930664,320,1.7395567923411728,5.816198112741112,niveau,0.6067,25
fest,3,rand_gmm_complex_0,5,0.04320840537548065,0.13941642429463055,0.030852314084768295,0.054049599915742874,3437.8369140625,7.029541015625,320,1.7395567923411728,5.816198112741112,niveau,0.6067,25
fest,3,rand_gmm_complex_10,5,0.068496935069561,0.20005662557036846,0.1277903914451599,0.0650201141834259,3000.06494140625,7.040245056152344,320,1.7395567923411728,5.816198112741112,niveau,0.6067,25
fest,3,rand_gmm_complex_20,5,0.0503077358007431,0.14759076226735,0.03710278868675232,0.05632885918021202,3165.472412109375,7.024621486663818,320,1.7395567923411728,5.816198112741112,niveau,0.6067,25
fest,3,rand_gmm_complex_30,5,0.050158385187387466,0.15209274629865893,0.08154673129320145,0.0643080472946167,3142.040771484375,7.020733833312988,320,1.7395567923411728,5.816198112741112,niveau,0.6067,25
fest,3,rand_ana_poly_complex_0,5,0.03437161445617676,0.1496880687387672,0.030844897031784058,0.34698227047920227,3471.0830078125,7.045919418334961,320,1.7395567923411728,5.816198112741112,niveau,0.6067,25
fest,3,rand_ana_poly_complex_10,5,0.050974469631910324,0.17905123964675468,0.02050492912530899,0.2145920991897583,3552.09033203125,7.0386576652526855,320,1.7395567923411728,5.816198112741112,niveau,0.6067,25
fest,3,rand_ana_poly_complex_20,5,0.055218446999788284,0.24243275775914283,0.040198273956775665,0.18442046642303467,2880.53369140625,7.015779972076416,320,1.7395567923411728,5.816198112741112,niveau,0.6067,25
fest,3,rand_ana_poly_complex_30,5,0.04928240552544594,0.22055273921865867,0.030401499941945076,0.4432123303413391,3100.970703125,7.047021865844727,320,1.7395567923411728,5.816198112741112,niveau,0.6067,25
fest,3,organic_0,5,0.046211037784814835,0.14492248871666755,0.01292380504310131,0.26785317063331604,3502.89111328125,7.030307292938232,320,1.7395567923411728,5.816198112741112,niveau,0.6067,25
fest,3,organic_10,5,0.04805925488471985,0.171499859245986,0.022994384169578552,0.3059723377227783,3349.24951171875,7.044549942016602,320,1.7395567923411728,5.816198112741112,niveau,0.6067,25
fest,3,organic_20,5,0.04542556032538414,0.18001031419955918,0.03294418752193451,0.10789526998996735,2577.076416015625,7.049200057983398,320,1.7395567923411728,5.816198112741112,niveau,0.6067,25
fest,3,organic_30,5,0.04677123576402664,0.27691922553847365,0.05753304064273834,0.12358851730823517,3624.080078125,7.029993057250977,320,1.7395567923411728,5.816198112741112,niveau,0.6067,25
fest,3,cjk_0,5,0.06495165824890137,0.21172155934105474,0.06262434273958206,0.215057834982872,2947.555908203125,7.0438232421875,320,1.7395567923411728,5.816198112741112,niveau,0.6067,25
fest,3,cjk_10,5,0.05080096796154976,0.1611889326802175,0.07758443057537079,0.14604292809963226,3595.52734375,6.997773170471191,320,1.7395567923411728,5.816198112741112,niveau,0.6067,25
fest,3,cjk_20,5,0.052576810121536255,0.17673908702996366,0.03301602229475975,0.10851442068815231,3224.4970703125,7.046598434448242,320,1.7395567923411728,5.816198112741112,niveau,0.6067,25
fest,3,A,6,0.029787028208374977,0.11947262241861918,0.04442581534385681,0.12291236221790314,3450.60107421875,8.456014633178711,384,1.7395567923411728,5.816198112741112,niveau,0.6067,25
fest,3,greek_upper_0,6,0.03220122307538986,0.1291557029117159,0.037617482244968414,0.08800383657217026,3644.1591796875,8.458150863647461,384,1.7395567923411728,5.816198112741112,niveau,0.6067,25
fest,3,korean_5,6,0.031801413744688034,0.10405688431518631,0.039176106452941895,0.10876059532165527,3597.22265625,8.455114364624023,384,1.7395567923411728,5.816198112741112,niveau,0.6067,25
fest,3,digit_5,6,0.04179483279585838,0.15319090024985246,0.056957606226205826,0.13145141303539276,3490.59033203125,8.453105926513672,384,1.7395567923411728,5.816198112741112,niveau,0.6067,25
fest,3,a_lc,6,0.04252256453037262,0.198010981346948,0.05890597403049469,0.10024287551641464,3537.735107421875,8.453046798706055,384,1.7395567923411728,5.816198112741112,niveau,0.6067,25
fest,3,rand_gmm_10,6,0.03707036375999451,0.11023952475254545,0.02515321411192417,0.027352336794137955,3580.76220703125,8.429060935974121,384,1.7395567923411728,5.816198112741112,niveau,0.6067,25
fest,3,rand_gmm_20,6,0.04061497375369072,0.1330844557146159,0.04410672187805176,0.03069448284804821,3706.734375,8.42994213104248,384,1.7395567923411728,5.816198112741112,niveau,0.6067,25
fest,3,rand_ana_poly_10,6,0.022630764171481133,0.07146775791993502,0.06811366230249405,0.19353492558002472,3516.19287109375,8.439538955688477,384,1.7395567923411728,5.816198112741112,niveau,0.6067,25
fest,3,rand_ana_poly_20,6,0.038564395159482956,0.16228881472496604,0.08451792597770691,0.232157900929451,3585.73779296875,8.429695129394531,384,1.7395567923411728,5.816198112741112,niveau,0.6067,25
fest,3,rand_ana_poly_30,6,0.03755545988678932,0.1348194915393864,0.030834868550300598,0.2054673135280609,3703.94970703125,8.437751770019531,384,1.7395567923411728,5.816198112741112,niveau,0.6067,25
fest,3,rand_gmm_complex_0,6,0.03636637702584267,0.1173399065629597,0.035045839846134186,0.04610051214694977,3649.5068359375,8.436416625976562,384,1.7395567923411728,5.816198112741112,niveau,0.6067,25
fest,3,rand_gmm_complex_10,6,0.05012074112892151,0.14638591246681718,0.13181640207767487,0.050020478665828705,3400.097412109375,8.428817749023438,384,1.7395567923411728,5.816198112741112,niveau,0.6067,25
fest,3,rand_gmm_complex_20,6,0.043852124363183975,0.12865155544744972,0.02652651071548462,0.04253672808408737,3578.749755859375,8.418745994567871,384,1.7395567923411728,5.816198112741112,niveau,0.6067,25
fest,3,rand_gmm_complex_30,6,0.03959117829799652,0.12005033682895147,0.0112602598965168,0.03381652012467384,3567.974609375,8.401138305664062,384,1.7395567923411728,5.816198112741112,niveau,0.6067,25
fest,3,rand_ana_poly_complex_0,6,0.030095167458057404,0.1310641809074771,0.028615906834602356,0.2576103210449219,3601.606689453125,8.451085090637207,384,1.7395567923411728,5.816198112741112,niveau,0.6067,25
fest,3,rand_ana_poly_complex_10,6,0.04628022387623787,0.162562386936191,0.022524859756231308,0.1736033856868744,3598.0068359375,8.441012382507324,384,1.7395567923411728,5.816198112741112,niveau,0.6067,25
fest,3,rand_ana_poly_complex_20,6,0.04340149089694023,0.1905512324358542,0.08439191430807114,0.17390337586402893,2930.63037109375,8.40492057800293,384,1.7395567923411728,5.816198112741112,niveau,0.6067,25
fest,3,rand_ana_poly_complex_30,6,0.042336951941251755,0.18946986498032337,0.05508636683225632,0.3946719467639923,3313.83447265625,8.438234329223633,384,1.7395567923411728,5.816198112741112,niveau,0.6067,25
fest,3,organic_0,6,0.03372303396463394,0.10575884558120495,0.09667271375656128,0.19104135036468506,3661.840087890625,8.431632995605469,384,1.7395567923411728,5.816198112741112,niveau,0.6067,25
fest,3,organic_10,6,0.03372080996632576,0.12033299677153789,0.007538870442658663,0.24260200560092926,3598.40625,8.454033851623535,384,1.7395567923411728,5.816198112741112,niveau,0.6067,25
fest,3,organic_20,6,0.04353947937488556,0.17253623964608955,0.1070350781083107,0.10749297589063644,2585.7978515625,8.447766304016113,384,1.7395567923411728,5.816198112741112,niveau,0.6067,25
fest,3,organic_30,6,0.030261393636465073,0.17916913146798052,0.11982232332229614,0.07089459151029587,3704.224609375,8.440401077270508,384,1.7395567923411728,5.816198112741112,niveau,0.6067,25
fest,3,cjk_0,6,0.058225683867931366,0.18979704159325667,0.09458228200674057,0.20170629024505615,3035.99462890625,8.457220077514648,384,1.7395567923411728,5.816198112741112,niveau,0.6067,25
fest,3,cjk_10,6,0.04124646261334419,0.13087296467483733,0.04626217857003212,0.11830517649650574,3744.2734375,8.400193214416504,384,1.7395567923411728,5.816198112741112,niveau,0.6067,25
fest,3,cjk_20,6,0.049554243683815,0.1665786069351196,0.06728430092334747,0.10296019166707993,3283.112548828125,8.453781127929688,384,1.7395567923411728,5.816198112741112,niveau,0.6067,25
fest,3,A,7,0.028764259070158005,0.11537040348570607,0.022205421701073647,0.11665632575750351,3546.693603515625,9.852983474731445,448,1.7395567923411728,5.816198112741112,niveau,0.6067,25
fest,3,greek_upper_0,7,0.026690803468227386,0.10705399217745822,0.03444080799818039,0.08522956073284149,3686.328857421875,9.85110092163086,448,1.7395567923411728,5.816198112741112,niveau,0.6067,25
fest,3,korean_5,7,0.029846524819731712,0.09766032432743428,0.023662131279706955,0.09106038510799408,3715.967041015625,9.858243942260742,448,1.7395567923411728,5.816198112741112,niveau,0.6067,25
fest,3,digit_5,7,0.03271516412496567,0.11991112558349062,0.0459367111325264,0.12446549534797668,3524.771484375,9.851621627807617,448,1.7395567923411728,5.816198112741112,niveau,0.6067,25
fest,3,a_lc,7,0.031584516167640686,0.14707676055746757,0.07616157829761505,0.11150255054235458,3617.00439453125,9.854521751403809,448,1.7395567923411728,5.816198112741112,niveau,0.6067,25
fest,3,rand_gmm_10,7,0.03583936765789986,0.10657879926989995,0.045907407999038696,0.025000154972076416,3749.028564453125,9.823080062866211,448,1.7395567923411728,5.816198112741112,niveau,0.6067,25
fest,3,rand_gmm_20,7,0.03588142246007919,0.11757386837980911,0.04666183888912201,0.027597913518548012,3732.4462890625,9.833457946777344,448,1.7395567923411728,5.816198112741112,niveau,0.6067,25
fest,3,rand_ana_poly_10,7,0.021324295550584793,0.06734194129170669,0.07743991911411285,0.19524309039115906,3610.30224609375,9.852385520935059,448,1.7395567923411728,5.816198112741112,niveau,0.6067,25
fest,3,rand_ana_poly_20,7,0.03316054865717888,0.13954804982543065,0.0735822468996048,0.24430452287197113,3606.232421875,9.83592414855957,448,1.7395567923411728,5.816198112741112,niveau,0.6067,25
fest,3,rand_ana_poly_30,7,0.03208073973655701,0.11516591815219454,0.036235541105270386,0.18606135249137878,3775.98046875,9.848401069641113,448,1.7395567923411728,5.816198112741112,niveau,0.6067,25
fest,3,rand_gmm_complex_0,7,0.03530333191156387,0.11390988068237656,0.15296944975852966,0.03489343076944351,3716.696533203125,9.84509563446045,448,1.7395567923411728,5.816198112741112,niveau,0.6067,25
fest,3,rand_gmm_complex_10,7,0.04000319167971611,0.11683593625556267,0.014003269374370575,0.03328489512205124,3635.700927734375,9.835027694702148,448,1.7395567923411728,5.816198112741112,niveau,0.6067,25
fest,3,rand_gmm_complex_20,7,0.03923014923930168,0.11509179528618163,0.02287045121192932,0.033664196729660034,3709.785400390625,9.813426971435547,448,1.7395567923411728,5.816198112741112,niveau,0.6067,25
fest,3,rand_gmm_complex_30,7,0.03583035245537758,0.10864657395624414,0.01139715313911438,0.033213648945093155,3632.066162109375,9.807150840759277,448,1.7395567923411728,5.816198112741112,niveau,0.6067,25
fest,3,rand_ana_poly_complex_0,7,0.027778366580605507,0.12097453413105883,0.028669340535998344,0.2593579888343811,3669.08349609375,9.862030029296875,448,1.7395567923411728,5.816198112741112,niveau,0.6067,25
fest,3,rand_ana_poly_complex_10,7,0.03848707675933838,0.13518843558159221,0.01580580323934555,0.16635864973068237,3643.4853515625,9.840249061584473,448,1.7395567923411728,5.816198112741112,niveau,0.6067,25
fest,3,rand_ana_poly_complex_20,7,0.03106577694416046,0.13639213678957857,0.06390589475631714,0.14120443165302277,3228.36083984375,9.816579818725586,448,1.7395567923411728,5.816198112741112,niveau,0.6067,25
fest,3,rand_ana_poly_complex_30,7,0.04050718992948532,0.18128116113134096,0.05769781023263931,0.24238042533397675,3629.699462890625,9.848409652709961,448,1.7395567923411728,5.816198112741112,niveau,0.6067,25
fest,3,organic_0,7,0.031638212502002716,0.09922063459573939,0.07378789782524109,0.1659070998430252,3693.495361328125,9.833465576171875,448,1.7395567923411728,5.816198112741112,niveau,0.6067,25
fest,3,organic_10,7,0.03152737766504288,0.1125057149745574,0.027498453855514526,0.14690670371055603,3738.995361328125,9.847766876220703,448,1.7395567923411728,5.816198112741112,niveau,0.6067,25
fest,3,organic_20,7,0.03435680642724037,0.13614756704288764,0.01932166889309883,0.12103863060474396,2741.8271484375,9.849385261535645,448,1.7395567923411728,5.816198112741112,niveau,0.6067,25
fest,3,organic_30,7,0.0259562861174345,0.15367981050916288,0.10462585091590881,0.06688900291919708,3739.949462890625,9.820211410522461,448,1.7395567923411728,5.816198112741112,niveau,0.6067,25
fest,3,cjk_0,7,0.039628151804208755,0.12917505603381613,0.04957185313105583,0.17485804855823517,3547.61279296875,9.865378379821777,448,1.7395567923411728,5.816198112741112,niveau,0.6067,25
fest,3,cjk_10,7,0.033412422984838486,0.10601594842173914,0.027109500020742416,0.10676274448633194,3798.43994140625,9.801664352416992,448,1.7395567923411728,5.816198112741112,niveau,0.6067,25
fest,3,cjk_20,7,0.044633328914642334,0.15003675166384303,0.05670005828142166,0.09694135189056396,3353.174072265625,9.867325782775879,448,1.7395567923411728,5.816198112741112,niveau,0.6067,25
fest,3,A,8,0.02558068558573723,0.10260142666178809,0.08303766697645187,0.10454398393630981,3602.067138671875,11.24888801574707,512,1.7395567923411728,5.816198112741112,niveau,0.6067,25
fest,3,greek_upper_0,8,0.025796275585889816,0.1034661353700646,0.0569266602396965,0.08165943622589111,3749.4013671875,11.257560729980469,512,1.7395567923411728,5.816198112741112,niveau,0.6067,25
fest,3,korean_5,8,0.028916101902723312,0.09461590276125428,0.040677234530448914,0.08580735325813293,3770.0185546875,11.25919246673584,512,1.7395567923411728,5.816198112741112,niveau,0.6067,25
fest,3,digit_5,8,0.03201400488615036,0.11734116159925231,0.0562860369682312,0.10097956657409668,3784.907470703125,11.25605583190918,512,1.7395567923411728,5.816198112741112,niveau,0.6067,25
fest,3,a_lc,8,0.024962157011032104,0.11623901946837147,0.027214154601097107,0.08446165174245834,3642.375732421875,11.25252914428711,512,1.7395567923411728,5.816198112741112,niveau,0.6067,25
fest,3,rand_gmm_10,8,0.031480446457862854,0.09361627738484506,0.023160802200436592,0.02253122255206108,3782.589599609375,11.234402656555176,512,1.7395567923411728,5.816198112741112,niveau,0.6067,25
fest,3,rand_gmm_20,8,0.03155818581581116,0.1034077729092781,0.04594918340444565,0.02471252717077732,3774.2080078125,11.234134674072266,512,1.7395567923411728,5.816198112741112,niveau,0.6067,25
fest,3,rand_ana_poly_10,8,0.018270162865519524,0.057697016633498806,0.06494468450546265,0.20679934322834015,3618.194091796875,11.2511568069458,512,1.7395567923411728,5.816198112741112,niveau,0.6067,25
fest,3,rand_ana_poly_20,8,0.026890460401773453,0.11316191860302878,0.06663747876882553,0.23496653139591217,3643.9150390625,11.24703311920166,512,1.7395567923411728,5.816198112741112,niveau,0.6067,25
fest,3,rand_ana_poly_30,8,0.025089891627430916,0.09006963147796321,0.03215964883565903,0.13688604533672333,3797.908447265625,11.257841110229492,512,1.7395567923411728,5.816198112741112,niveau,0.6067,25
fest,3,rand_gmm_complex_0,8,0.03169244900345802,0.10225899055532765,0.031903285533189774,0.032315731048583984,3823.460205078125,11.242572784423828,512,1.7395567923411728,5.816198112741112,niveau,0.6067,25
fest,3,rand_gmm_complex_10,8,0.03357044979929924,0.09804804987123787,0.08268377929925919,0.02515830472111702,3738.02197265625,11.2451171875,512,1.7395567923411728,5.816198112741112,niveau,0.6067,25
fest,3,rand_gmm_complex_20,8,0.03187093511223793,0.09350163613046096,0.012840621173381805,0.026218609884381294,3781.66845703125,11.219820022583008,512,1.7395567923411728,5.816198112741112,niveau,0.6067,25
fest,3,rand_gmm_complex_30,8,0.03204162046313286,0.09715819267089554,0.0707409530878067,0.02729489468038082,3800.2509765625,11.197721481323242,512,1.7395567923411728,5.816198112741112,niveau,0.6067,25
fest,3,rand_ana_poly_complex_0,8,0.027778252959251404,0.1209740393110938,0.014285581186413765,0.19903329014778137,3783.9306640625,11.265008926391602,512,1.7395567923411728,5.816198112741112,niveau,0.6067,25
fest,3,rand_ana_poly_complex_10,8,0.028442630544304848,0.09990664531768621,0.011865410953760147,0.10875681042671204,3715.70166015625,11.247491836547852,512,1.7395567923411728,5.816198112741112,niveau,0.6067,25
fest,3,rand_ana_poly_complex_20,8,0.03076268918812275,0.13506145103994974,0.039140764623880386,0.13709136843681335,3290.32861328125,11.217243194580078,512,1.7395567923411728,5.816198112741112,niveau,0.6067,25
fest,3,rand_ana_poly_complex_30,8,0.02961484156548977,0.1325348135740429,0.0528845340013504,0.1693599820137024,3772.221923828125,11.236689567565918,512,1.7395567923411728,5.816198112741112,niveau,0.6067,25
fest,3,organic_0,8,0.028928067535161972,0.09072134584991134,0.07407674193382263,0.1463017761707306,3743.328857421875,11.235633850097656,512,1.7395567923411728,5.816198112741112,niveau,0.6067,25
fest,3,organic_10,8,0.02317393384873867,0.08269637976634728,0.01212034747004509,0.1354767382144928,3754.5205078125,11.251309394836426,512,1.7395567923411728,5.816198112741112,niveau,0.6067,25
fest,3,organic_20,8,0.0230022631585598,0.09115230695700348,0.08608197420835495,0.11402854323387146,3101.62060546875,11.246366500854492,512,1.7395567923411728,5.816198112741112,niveau,0.6067,25
fest,3,organic_30,8,0.023278269916772842,0.13782403590426998,0.10235342383384705,0.05922495946288109,3779.02685546875,11.23178768157959,512,1.7395567923411728,5.816198112741112,niveau,0.6067,25
fest,3,cjk_0,8,0.03286635875701904,0.10713378093031678,0.016383083537220955,0.14908650517463684,3722.7646484375,11.273216247558594,512,1.7395567923411728,5.816198112741112,niveau,0.6067,25
fest,3,cjk_10,8,0.029979417100548744,0.09512319230747773,0.08669242262840271,0.0864710658788681,3828.16650390625,11.213689804077148,512,1.7395567923411728,5.816198112741112,niveau,0.6067,25
fest,3,cjk_20,8,0.03541000559926033,0.11903217496216387,0.03463513031601906,0.09738972783088684,3465.048828125,11.280191421508789,512,1.7395567923411728,5.816198112741112,niveau,0.6067,25
gelernt_a,0,A,1,0.13922853767871857,0.5584309517425841,0.24365946650505066,0.24537205696105957,1076.48193359375,1.4123611450195312,64,1.73868507925421,2.9300036155059934,niveau,0.3133,0
gelernt_a,0,greek_upper_0,1,0.14456728100776672,0.5798440870671062,0.17892153561115265,0.20454390347003937,1164.25830078125,1.411505937576294,64,1.73868507925421,2.9300036155059934,niveau,0.3133,0
gelernt_a,0,korean_5,1,0.21888956427574158,0.7162249530949529,0.2557005286216736,0.2676217257976532,1159.82080078125,1.4124696254730225,64,1.73868507925421,2.9300036155059934,niveau,0.3133,0
gelernt_a,0,digit_5,1,0.15133056044578552,0.5546729880039583,0.07981736212968826,0.20760807394981384,993.015625,1.4105262756347656,64,1.73868507925421,2.9300036155059934,niveau,0.3133,0
gelernt_a,0,a_lc,1,0.16138990223407745,0.751529764815378,0.2142363339662552,0.2516234815120697,993.369140625,1.4087281227111816,64,1.73868507925421,2.9300036155059934,niveau,0.3133,0
gelernt_a,0,rand_gmm_10,1,0.18275204300880432,0.5434664331669973,0.1552504301071167,0.2299775332212448,1161.348388671875,1.4103853702545166,64,1.73868507925421,2.9300036155059934,niveau,0.3133,0
gelernt_a,0,rand_gmm_20,1,0.27730613946914673,0.9086583894251357,0.5571166276931763,0.28590628504753113,957.533203125,1.4100887775421143,64,1.73868507925421,2.9300036155059934,niveau,0.3133,0
gelernt_a,0,rand_ana_poly_10,1,0.09345299750566483,0.29512375949919273,0.055080071091651917,0.28717827796936035,1138.10986328125,1.4102284908294678,64,1.73868507925421,2.9300036155059934,niveau,0.3133,0
gelernt_a,0,rand_ana_poly_20,1,0.13574150204658508,0.5712348757195495,0.17164327204227448,0.28815922141075134,1089.1064453125,1.4100242853164673,64,1.73868507925421,2.9300036155059934,niveau,0.3133,0
gelernt_a,0,rand_ana_poly_30,1,0.26636773347854614,0.9562274699426273,0.27995026111602783,0.3156636357307434,1106.45849609375,1.4111883640289307,64,1.73868507925421,2.9300036155059934,niveau,0.3133,0
gelernt_a,0,rand_gmm_complex_0,1,0.18480049073696136,0.5962780482767016,0.13050693273544312,0.18475836515426636,1088.221923828125,1.412322998046875,64,1.73868507925421,2.9300036155059934,niveau,0.3133,0
gelernt_a,0,rand_gmm_complex_10,1,0.2940309941768646,0.8587661396584761,0.3925502896308899,0.2364862710237503,1228.07080078125,1.412980079650879,64,1.73868507925421,2.9300036155059934,niveau,0.3133,0
gelernt_a,0,rand_gmm_complex_20,1,0.19951145350933075,0.5853184810610008,0.17257434129714966,0.20352521538734436,1187.9091796875,1.412083625793457,64,1.73868507925421,2.9300036155059934,niveau,0.3133,0
gelernt_a,0,rand_gmm_complex_30,1,0.17799533903598785,0.5397263058052275,0.06407392024993896,0.21498072147369385,1010.63427734375,1.4019718170166016,64,1.73868507925421,2.9300036155059934,niveau,0.3133,0
gelernt_a,0,rand_ana_poly_complex_0,1,0.1072714552283287,0.46716621310873807,0.07663325220346451,0.3898095488548279,1078.0712890625,1.4114229679107666,64,1.73868507925421,2.9300036155059934,niveau,0.3133,0
gelernt_a,0,rand_ana_poly_complex_10,1,0.18877997994422913,0.6631023269802477,0.18065153062343597,0.5000553131103516,1101.9912109375,1.4113409519195557,64,1.73868507925421,2.9300036155059934,niveau,0.3133,0
gelernt_a,0,rand_ana_poly_complex_20,1,0.20317617058753967,0.8920308705289763,0.3598673343658447,0.27532052993774414,1167.04443359375,1.411698579788208,64,1.73868507925421,2.9300036155059934,niveau,0.3133,0
gelernt_a,0,rand_ana_poly_complex_30,1,0.14948450028896332,0.6689855265372603,0.18736158311367035,0.40645304322242737,1067.26904296875,1.4096533060073853,64,1.73868507925421,2.9300036155059934,niveau,0.3133,0
gelernt_a,0,organic_0,1,0.20102544128894806,0.6304361175055447,0.16629594564437866,0.4120381474494934,1140.15087890625,1.4099395275115967,64,1.73868507925421,2.9300036155059934,niveau,0.3133,0
gelernt_a,0,organic_10,1,0.17023970186710358,0.6075018220386434,0.069290891289711,0.4071159064769745,1032.05615234375,1.4019553661346436,64,1.73868507925421,2.9300036155059934,niveau,0.3133,0
gelernt_a,0,organic_20,1,0.1715637892484665,0.679865066862491,0.31145739555358887,0.29218921065330505,1012.795166015625,1.4116835594177246,64,1.73868507925421,2.9300036155059934,niveau,0.3133,0
gelernt_a,0,organic_30,1,0.07415156066417694,0.43903036591105893,0.0934406965970993,0.23431552946567535,1118.76318359375,1.4041204452514648,64,1.73868507925421,2.9300036155059934,niveau,0.3133,0
gelernt_a,0,cjk_0,1,0.13198140263557434,0.43021701251940003,0.033203884959220886,0.2476930469274521,1201.856689453125,1.4105210304260254,64,1.73868507925421,2.9300036155059934,niveau,0.3133,0
gelernt_a,0,cjk_10,1,0.22101475298404694,0.7012687665133545,0.34471139311790466,0.22479958832263947,956.127197265625,1.4052520990371704,64,1.73868507925421,2.9300036155059934,niveau,0.3133,0
gelernt_a,0,cjk_20,1,0.14704161882400513,0.49428638607570274,0.18249647319316864,0.20610882341861725,1206.85693359375,1.41189706325531,64,1.73868507925421,2.9300036155059934,niveau,0.3133,0
gelernt_a,0,A,2,0.10312435030937195,0.41362087149106547,0.1821812093257904,0.25313329696655273,1556.46337890625,2.822910785675049,128,1.73868507925421,2.9300036155059934,eid,0.15,25
gelernt_a,0,greek_upper_0,2,0.11156456917524338,0.4474736974473402,0.055855389684438705,0.1861313432455063,1599.4033203125,2.8078346252441406,128,1.73868507925421,2.9300036155059934,eid,0.15,25
gelernt_a,0,korean_5,2,0.170975923538208,0.5594475151051804,0.16900686919689178,0.2579168677330017,1613.37548828125,2.817188262939453,128,1.73868507925421,2.9300036155059934,mass,0.05,25
gelernt_a,0,digit_5,2,0.07692864537239075,0.28196711534077445,0.02691923826932907,0.20090152323246002,1660.65185546875,2.809377670288086,128,1.73868507925421,2.9300036155059934,mass,0.05,25
gelernt_a,0,a_lc,2,0.12534862756729126,0.583699619936233,0.10684461891651154,0.231707364320755,1558.814697265625,2.8160510063171387,128,1.73868507925421,2.9300036155059934,eid,0.15,25
gelernt_a,0,rand_gmm_10,2,0.1351792812347412,0.40199496870841506,0.12663213908672333,0.18887238204479218,1729.900390625,2.8196306228637695,128,1.73868507925421,2.9300036155059934,eid,0.15,25
gelernt_a,0,rand_gmm_20,2,0.22621841728687286,0.7412575253605713,0.463221937417984,0.2787708044052124,1213.16015625,2.813565969467163,128,1.73868507925421,2.9300036155059934,eid,0.15,25
gelernt_a,0,rand_ana_poly_10,2,0.07976625114679337,0.25190113263270636,0.3228071928024292,0.2869800925254822,1506.076904296875,2.814268112182617,128,1.73868507925421,2.9300036155059934,eid,0.15,25
gelernt_a,0,rand_ana_poly_20,2,0.08702507615089417,0.36622372531637226,0.12093611061573029,0.3726833462715149,1484.89990234375,2.799961566925049,128,1.73868507925421,2.9300036155059934,eid,0.15,25
gelernt_a,0,rand_ana_poly_30,2,0.2634304463863373,0.9456829697961625,0.3124822974205017,0.31570854783058167,1533.8916015625,2.8025431632995605,128,1.73868507925421,2.9300036155059934,eid,0.15,25
gelernt_a,0,rand_gmm_complex_0,2,0.12990936636924744,0.4191661132641402,0.14470995962619781,0.15240831673145294,1586.0048828125,2.8186750411987305,128,1.73868507925421,2.9300036155059934,eid,0.15,25
gelernt_a,0,rand_gmm_complex_10,2,0.12005514651536942,0.350640907798722,0.1945943981409073,0.14753857254981995,2178.7607421875,2.820636749267578,128,1.73868507925421,2.9300036155059934,eid,0.15,25
gelernt_a,0,rand_gmm_complex_20,2,0.1682448387145996,0.493589774975886,0.1704147309064865,0.19226136803627014,1549.980224609375,2.810792922973633,128,1.73868507925421,2.9300036155059934,eid,0.15,25
gelernt_a,0,rand_gmm_complex_30,2,0.13614045083522797,0.41281183539923805,0.1435791254043579,0.17420722544193268,1396.53466796875,2.806037425994873,128,1.73868507925421,2.9300036155059934,eid,0.15,0
gelernt_a,0,rand_ana_poly_complex_0,2,0.06917209178209305,0.3012438313796327,0.08311042189598083,0.5033371448516846,1547.320068359375,2.8196895122528076,128,1.73868507925421,2.9300036155059934,eid,0.15,25
gelernt_a,0,rand_ana_poly_complex_10,2,0.1599203497171402,0.5617309423396427,0.18755561113357544,0.3900958001613617,1405.869873046875,2.8071508407592773,128,1.73868507925421,2.9300036155059934,eid,0.15,25
gelernt_a,0,rand_ana_poly_complex_20,2,0.13819587230682373,0.6067393824821276,0.2922353744506836,0.30999869108200073,1552.37548828125,2.807389259338379,128,1.73868507925421,2.9300036155059934,mass,0.05,25
gelernt_a,0,rand_ana_poly_complex_30,2,0.13958801329135895,0.6246959409804738,0.2153416872024536,0.3469841480255127,1398.25,2.8099074363708496,128,1.73868507925421,2.9300036155059934,eid,0.15,25
gelernt_a,0,organic_0,2,0.1731896996498108,0.5431404161537879,0.19286774098873138,0.456281453371048,1422.27880859375,2.8123726844787598,128,1.73868507925421,2.9300036155059934,eid,0.15,25
gelernt_a,0,organic_10,2,0.13967187702655792,0.498420279468238,0.08575864136219025,0.37307655811309814,1431.43505859375,2.7835288047790527,128,1.73868507925421,2.9300036155059934,eid,0.15,25
gelernt_a,0,organic_20,2,0.09085621684789658,0.3600408233739237,0.14119447767734528,0.24561761319637299,1553.38232421875,2.8088579177856445,128,1.73868507925421,2.9300036155059934,eid,2.4662,100
gelernt_a,0,organic_30,2,0.05636066943407059,0.3336955433304351,0.06575819849967957,0.1875254362821579,1390.045654296875,2.801161050796509,128,1.73868507925421,2.9300036155059934,mass,0.05,25
gelernt_a,0,cjk_0,2,0.10326871275901794,0.33662285899917854,0.09385047852993011,0.24363136291503906,1690.864990234375,2.798222541809082,128,1.73868507925421,2.9300036155059934,eid,0.15,25
gelernt_a,0,cjk_10,2,0.16643774509429932,0.5280986478398941,0.23304156959056854,0.23527057468891144,1233.71142578125,2.8069097995758057,128,1.73868507925421,2.9300036155059934,mass,0.05,25
gelernt_a,0,cjk_20,2,0.12135770171880722,0.407948853425228,0.09542196244001389,0.2537449896335602,1493.68115234375,2.811838150024414,128,1.73868507925421,2.9300036155059934,mass,0.05,25
gelernt_a,0,A,3,0.09570163488388062,0.38384914431012945,0.17459900677204132,0.2293086051940918,1789.021240234375,4.227675437927246,192,1.73868507925421,2.9300036155059934,eid,0.15,25
gelernt_a,0,greek_upper_0,3,0.06285778433084488,0.252115930494824,0.05005268752574921,0.18437312543392181,1983.093994140625,4.214595794677734,192,1.73868507925421,2.9300036155059934,eid,0.15,25
gelernt_a,0,korean_5,3,0.1016199141740799,0.3325088544246769,0.12306547909975052,0.2458878457546234,2177.80078125,4.220841884613037,192,1.73868507925421,2.9300036155059934,eid,0.15,25
gelernt_a,0,digit_5,3,0.06508683413267136,0.23856323971667587,0.047212086617946625,0.16806915402412415,2098.541748046875,4.215215682983398,192,1.73868507925421,2.9300036155059934,eid,0.15,25
gelernt_a,0,a_lc,3,0.10700510442256927,0.49828099433446654,0.10946314036846161,0.1970699280500412,1737.97998046875,4.226725101470947,192,1.73868507925421,2.9300036155059934,eid,0.15,25
gelernt_a,0,rand_gmm_10,3,0.09398315846920013,0.2794862977732303,0.0906151607632637,0.163286954164505,2369.43408203125,4.231388568878174,192,1.73868507925421,2.9300036155059934,eid,2.4662,25
gelernt_a,0,rand_gmm_20,3,0.11002515256404877,0.36052313200309327,0.2697334289550781,0.12581811845302582,1927.67578125,4.222836494445801,192,1.73868507925421,2.9300036155059934,eid,0.15,25
gelernt_a,0,rand_ana_poly_10,3,0.06685292720794678,0.21112096709299408,0.33458879590034485,0.3367842733860016,1711.8037109375,4.216252326965332,192,1.73868507925421,2.9300036155059934,eid,2.4662,25
gelernt_a,0,rand_ana_poly_20,3,0.06387562304735184,0.26880491996059186,0.05592595040798187,0.2569100558757782,1863.95654296875,4.206295490264893,192,1.73868507925421,2.9300036155059934,eid,2.4662,25
gelernt_a,0,rand_ana_poly_30,3,0.1991828978061676,0.7150421559613299,0.310211718082428,0.3730972707271576,1765.662841796875,4.195675373077393,192,1.73868507925421,2.9300036155059934,mass,0.05,25
gelernt_a,0,rand_gmm_complex_0,3,0.10260703414678574,0.33107229215960843,0.09215275198221207,0.11449050903320312,2174.482421875,4.221181869506836,192,1.73868507925421,2.9300036155059934,eid,2.4662,25
gelernt_a,0,rand_gmm_complex_10,3,0.1121293380856514,0.32749227366266426,0.1261734515428543,0.14941701292991638,2446.1416015625,4.223297119140625,192,1.73868507925421,2.9300036155059934,eid,2.4662,25
gelernt_a,0,rand_gmm_complex_20,3,0.09656047821044922,0.2832851520177048,0.09214410185813904,0.12870527803897858,2037.770263671875,4.218179702758789,192,1.73868507925421,2.9300036155059934,eid,0.15,25
gelernt_a,0,rand_gmm_complex_30,3,0.12733741104602814,0.3861188210146275,0.422307550907135,0.1718989610671997,1551.4951171875,4.217123985290527,192,1.73868507925421,2.9300036155059934,eid,0.15,0
gelernt_a,0,rand_ana_poly_complex_0,3,0.05724479258060455,0.2493005516999256,0.07208473980426788,0.4115438759326935,1884.43310546875,4.226246356964111,192,1.73868507925421,2.9300036155059934,eid,2.4662,25
gelernt_a,0,rand_ana_poly_complex_10,3,0.13309364020824432,0.46750032791841367,0.12586508691310883,0.35692504048347473,1694.099609375,4.1977739334106445,192,1.73868507925421,2.9300036155059934,eid,0.15,25
gelernt_a,0,rand_ana_poly_complex_20,3,0.13565319776535034,0.595575946444607,0.2756113111972809,0.2767774760723114,1678.56005859375,4.207304954528809,192,1.73868507925421,2.9300036155059934,mass,0.05,25
gelernt_a,0,rand_ana_poly_complex_30,3,0.07784603536128998,0.34838308222150677,0.12593914568424225,0.3772650361061096,1731.6669921875,4.201260566711426,192,1.73868507925421,2.9300036155059934,eid,2.4662,25
gelernt_a,0,organic_0,3,0.16946806013584137,0.531468978195994,0.2174919992685318,0.4257078766822815,1608.955078125,4.211246490478516,192,1.73868507925421,2.9300036155059934,eid,0.15,25
gelernt_a,0,organic_10,3,0.10671854019165039,0.3808260170846765,0.05022161453962326,0.37166541814804077,1601.412109375,4.189538478851318,192,1.73868507925421,2.9300036155059934,eid,0.15,25
gelernt_a,0,organic_20,3,0.06075388565659523,0.2407526944643212,0.029251420870423317,0.14987026154994965,2312.90625,4.210332870483398,192,1.73868507925421,2.9300036155059934,mass,0.05,25
gelernt_a,0,organic_30,3,0.02540588192641735,0.15042102335462657,0.029415195807814598,0.16939374804496765,1683.98681640625,4.206552505493164,192,1.73868507925421,2.9300036155059934,eid,0.15,25
gelernt_a,0,cjk_0,3,0.06260202080011368,0.20406249538556473,0.12814614176750183,0.24449385702610016,2308.318115234375,4.200201988220215,192,1.73868507925421,2.9300036155059934,eid,0.15,25
gelernt_a,0,cjk_10,3,0.16317375004291534,0.5177421546525143,0.21045884490013123,0.24602894484996796,1291.218017578125,4.194145202636719,192,1.73868507925421,2.9300036155059934,mass,0.05,25
gelernt_a,0,cjk_20,3,0.09155929833650589,0.30778030770013726,0.039955250918865204,0.22418059408664703,2049.01953125,4.2208685874938965,192,1.73868507925421,2.9300036155059934,eid,0.15,25
gelernt_a,0,A,4,0.08959957212209702,0.35937441540419873,0.17153885960578918,0.2538391053676605,1861.419921875,5.638766765594482,256,1.73868507925421,2.9300036155059934,eid,0.15,25
gelernt_a,0,greek_upper_0,4,0.04415085166692734,0.1770844004230068,0.051082707941532135,0.149849072098732,2328.97705078125,5.6157732009887695,256,1.73868507925421,2.9300036155059934,eid,0.15,25
gelernt_a,0,korean_5,4,0.05653007701039314,0.184971137793571,0.055042725056409836,0.16866549849510193,2684.920654296875,5.633036136627197,256,1.73868507925421,2.9300036155059934,eid,0.15,0
gelernt_a,0,digit_5,4,0.06299296021461487,0.23088854863504185,0.08532800525426865,0.15987001359462738,2332.163818359375,5.627482891082764,256,1.73868507925421,2.9300036155059934,eid,0.15,25
gelernt_a,0,a_lc,4,0.056624408811330795,0.2636777645175609,0.06920450180768967,0.2658696472644806,2390.7255859375,5.633447647094727,256,1.73868507925421,2.9300036155059934,eid,0.15,0
gelernt_a,0,rand_gmm_10,4,0.08879633247852325,0.26406175983536856,0.12582090497016907,0.16136246919631958,2585.1728515625,5.643202781677246,256,1.73868507925421,2.9300036155059934,eid,0.15,0
gelernt_a,0,rand_gmm_20,4,0.060863759368658066,0.199434335165295,0.06386109441518784,0.05467565730214119,2435.4228515625,5.634108543395996,256,1.73868507925421,2.9300036155059934,eid,0.15,0
gelernt_a,0,rand_ana_poly_10,4,0.03454389423131943,0.1090893198227429,0.08046955615282059,0.20760704576969147,2431.88623046875,5.61836051940918,256,1.73868507925421,2.9300036155059934,eid,0.15,25
gelernt_a,0,rand_ana_poly_20,4,0.03666236996650696,0.1542846074019012,0.03825388848781586,0.3072807192802429,2262.75341796875,5.598232269287109,256,1.73868507925421,2.9300036155059934,eid,0.15,25
gelernt_a,0,rand_ana_poly_30,4,0.0975278988480568,0.35011318655759444,0.2118217647075653,0.27538400888442993,2284.46142578125,5.597186088562012,256,1.73868507925421,2.9300036155059934,mass,0.05,25
gelernt_a,0,rand_gmm_complex_0,4,0.09432973712682724,0.3043647304405623,0.07726019620895386,0.10808984935283661,2251.85107421875,5.623022556304932,256,1.73868507925421,2.9300036155059934,mass,0.05,0
gelernt_a,0,rand_gmm_complex_10,4,0.10172118246555328,0.29709353407448374,0.14002881944179535,0.1473608911037445,2530.4189453125,5.625988006591797,256,1.73868507925421,2.9300036155059934,eid,0.15,0
gelernt_a,0,rand_gmm_complex_20,4,0.08629054576158524,0.2531556473911094,0.08614490926265717,0.09380637109279633,2344.427734375,5.628294467926025,256,1.73868507925421,2.9300036155059934,eid,0.15,0
gelernt_a,0,rand_gmm_complex_30,4,0.12521511316299438,0.3796834839859626,0.23003877699375153,0.1715461164712906,1614.143798828125,5.620841026306152,256,1.73868507925421,2.9300036155059934,eid,0.15,0
gelernt_a,0,rand_ana_poly_complex_0,4,0.05465177446603775,0.23800798136491788,0.0930742621421814,0.42816585302352905,2020.9951171875,5.632611274719238,256,1.73868507925421,2.9300036155059934,eid,0.15,25
gelernt_a,0,rand_ana_poly_complex_10,4,0.11439809203147888,0.40183096242824395,0.13016678392887115,0.370848149061203,1975.646484375,5.599571704864502,256,1.73868507925421,2.9300036155059934,eid,10.0,25
gelernt_a,0,rand_ana_poly_complex_20,4,0.07974348217248917,0.35010822192206376,0.18258382380008698,0.26061615347862244,1941.44384765625,5.612092018127441,256,1.73868507925421,2.9300036155059934,eid,0.15,25
gelernt_a,0,rand_ana_poly_complex_30,4,0.06322739273309708,0.28296051120593696,0.11573006957769394,0.3579877018928528,2007.91259765625,5.597533226013184,256,1.73868507925421,2.9300036155059934,eid,0.6082,25
gelernt_a,0,organic_0,4,0.13605369627475739,0.42667815328134917,0.13148663938045502,0.4093036651611328,1826.57275390625,5.607105731964111,256,1.73868507925421,2.9300036155059934,eid,10.0,25
gelernt_a,0,organic_10,4,0.07371672987937927,0.2630587766854349,0.19684821367263794,0.2783425450325012,1949.310791015625,5.5817365646362305,256,1.73868507925421,2.9300036155059934,eid,0.15,25
gelernt_a,0,organic_20,4,0.04239998012781143,0.16802068461436986,0.016997577622532845,0.14925739169120789,2604.58349609375,5.62227725982666,256,1.73868507925421,2.9300036155059934,eid,0.15,0
gelernt_a,0,organic_30,4,0.020106369629502296,0.11904411365744753,0.01968410424888134,0.2015758901834488,1793.011474609375,5.592161178588867,256,1.73868507925421,2.9300036155059934,eid,0.15,25
gelernt_a,0,cjk_0,4,0.04995225742459297,0.16282832678439726,0.057540807873010635,0.19802488386631012,2519.760009765625,5.60665225982666,256,1.73868507925421,2.9300036155059934,eid,0.15,0
gelernt_a,0,cjk_10,4,0.15397395193576813,0.48855165499733194,0.20885220170021057,0.2504172921180725,1475.292724609375,5.58248233795166,256,1.73868507925421,2.9300036155059934,eid,0.15,25
gelernt_a,0,cjk_20,4,0.08327481150627136,0.27993166805268077,0.03568673133850098,0.298254132270813,2171.620361328125,5.606368064880371,256,1.73868507925421,2.9300036155059934,eid,0.15,25
gelernt_a,0,A,5,0.08669448643922806,0.3477224237232846,0.16743943095207214,0.273162305355072,1880.431884765625,7.041487216949463,320,1.73868507925421,2.9300036155059934,eid,0.15,0
gelernt_a,0,greek_upper_0,5,0.03470143675804138,0.1391837957843478,0.02729993499815464,0.1286219209432602,2596.93603515625,7.007579803466797,320,1.73868507925421,2.9300036155059934,eid,0.15,25
gelernt_a,0,korean_5,5,0.050858817994594574,0.16641430418654363,0.06197499856352806,0.1766497641801834,2770.961181640625,7.0450544357299805,320,1.73868507925421,2.9300036155059934,mass,0.05,0
gelernt_a,0,digit_5,5,0.05999300256371498,0.21989278235222215,0.026529312133789062,0.16728578507900238,2403.210693359375,7.040151596069336,320,1.73868507925421,2.9300036155059934,eid,0.15,0
gelernt_a,0,a_lc,5,0.0412834957242012,0.19224112167418184,0.04851331189274788,0.1997528374195099,2535.828369140625,7.0297651290893555,320,1.73868507925421,2.9300036155059934,eid,0.15,0
gelernt_a,0,rand_gmm_10,5,0.08610396087169647,0.2560552086098276,0.1416373997926712,0.16197653114795685,2828.909423828125,7.055306911468506,320,1.73868507925421,2.9300036155059934,eid,2.4662,25
gelernt_a,0,rand_gmm_20,5,0.05136305093765259,0.16830304309278124,0.05308009311556816,0.054525841027498245,2647.43115234375,7.04421854019165,320,1.73868507925421,2.9300036155059934,eid,0.15,0
gelernt_a,0,rand_ana_poly_10,5,0.031864315271377563,0.10062723259557779,0.10867781192064285,0.16469861567020416,2611.044677734375,7.027507781982422,320,1.73868507925421,2.9300036155059934,eid,0.15,0
gelernt_a,0,rand_ana_poly_20,5,0.03355466574430466,0.14120659508895647,0.0258740596473217,0.3556292951107025,2436.546630859375,6.99227237701416,320,1.73868507925421,2.9300036155059934,eid,0.15,25
gelernt_a,0,rand_ana_poly_30,5,0.05746504291892052,0.20629245097709864,0.10985509306192398,0.4021947383880615,2756.53662109375,6.993374824523926,320,1.73868507925421,2.9300036155059934,eid,0.15,0
gelernt_a,0,rand_gmm_complex_0,5,0.08781719207763672,0.28335132492546133,0.25538375973701477,0.10173210501670837,2415.27783203125,7.036125183105469,320,1.73868507925421,2.9300036155059934,eid,0.15,0
gelernt_a,0,rand_gmm_complex_10,5,0.0682140365242958,0.19923037358862583,0.08393984287977219,0.05151592567563057,2802.037841796875,7.0384111404418945,320,1.73868507925421,2.9300036155059934,eid,0.15,0
gelernt_a,0,rand_gmm_complex_20,5,0.05435289815068245,0.15945829288107946,0.020468689501285553,0.07114460319280624,2891.9794921875,7.037217617034912,320,1.73868507925421,2.9300036155059934,eid,10.0,25
gelernt_a,0,rand_gmm_complex_30,5,0.12334514409303665,0.3740132709142918,0.24149975180625916,0.173669695854187,1644.88134765625,7.023038864135742,320,1.73868507925421,2.9300036155059934,eid,0.15,0
gelernt_a,0,rand_ana_poly_complex_0,5,0.050211451947689056,0.21867041713160815,0.10235841572284698,0.48512551188468933,2139.8359375,7.039646148681641,320,1.73868507925421,2.9300036155059934,eid,0.15,0
gelernt_a,0,rand_ana_poly_complex_10,5,0.10897920280694962,0.382796750985404,0.1755727380514145,0.3300038278102875,2112.435791015625,7.008456230163574,320,1.73868507925421,2.9300036155059934,eid,0.15,25
gelernt_a,0,rand_ana_poly_complex_20,5,0.07144621014595032,0.31367962516563347,0.09774891287088394,0.2719475030899048,2204.18896484375,7.022260665893555,320,1.73868507925421,2.9300036155059934,eid,0.15,25
gelernt_a,0,rand_ana_poly_complex_30,5,0.060772690922021866,0.27197502454745587,0.1635424941778183,0.3879801332950592,2163.0634765625,7.005074501037598,320,1.73868507925421,2.9300036155059934,eid,0.15,25
gelernt_a,0,organic_0,5,0.09354135394096375,0.29335514762028936,0.1400640904903412,0.4326505661010742,2184.73486328125,7.0148115158081055,320,1.73868507925421,2.9300036155059934,eid,0.15,25
gelernt_a,0,organic_10,5,0.06879377365112305,0.24549116557191913,0.09229480475187302,0.29613256454467773,2004.784912109375,6.982812881469727,320,1.73868507925421,2.9300036155059934,eid,0.15,0
gelernt_a,0,organic_20,5,0.03718498349189758,0.1473549366025415,0.028255430981516838,0.1622163951396942,2746.8349609375,7.032382965087891,320,1.73868507925421,2.9300036155059934,eid,0.15,0
gelernt_a,0,organic_30,5,0.015292375348508358,0.0905418184697543,0.0432886928319931,0.17604917287826538,2105.825439453125,6.998952865600586,320,1.73868507925421,2.9300036155059934,eid,0.15,0
gelernt_a,0,cjk_0,5,0.044765591621398926,0.1459214609515801,0.04716091975569725,0.181208536028862,2648.38037109375,7.017962455749512,320,1.73868507925421,2.9300036155059934,eid,0.15,0
gelernt_a,0,cjk_10,5,0.09530234336853027,0.3023895729924664,0.3756435215473175,0.20354659855365753,1899.671875,6.984452247619629,320,1.73868507925421,2.9300036155059934,eid,0.15,0
gelernt_a,0,cjk_20,5,0.07769525051116943,0.2611757466869154,0.023985546082258224,0.27563366293907166,2301.926513671875,7.005197525024414,320,1.73868507925421,2.9300036155059934,eid,0.15,25
gelernt_a,0,A,6,0.067457415163517,0.2705645637016227,0.14030013978481293,0.18885503709316254,2061.35400390625,8.442028045654297,384,1.73868507925421,2.9300036155059934,eid,0.15,25
gelernt_a,0,greek_upper_0,6,0.030778242275118828,0.12344827729441563,0.015360144898295403,0.1376202404499054,2855.047607421875,8.39805793762207,384,1.73868507925421,2.9300036155059934,eid,0.15,25
gelernt_a,0,korean_5,6,0.04878615587949753,0.15963238047501843,0.05339010804891586,0.18839497864246368,2841.673828125,8.44942855834961,384,1.73868507925421,2.9300036155059934,eid,0.15,25
gelernt_a,0,digit_5,6,0.05857966095209122,0.2147124512117019,0.11771360784769058,0.1660284698009491,2485.4345703125,8.449058532714844,384,1.73868507925421,2.9300036155059934,eid,0.15,0
gelernt_a,0,a_lc,6,0.033383917063474655,0.15545586800678818,0.02873588725924492,0.2107020765542984,2590.8935546875,8.44067668914795,384,1.73868507925421,2.9300036155059934,eid,0.15,0
gelernt_a,0,rand_gmm_10,6,0.0780700072646141,0.23216390737354084,0.10617213696241379,0.15880165994167328,2965.74072265625,8.462520599365234,384,1.73868507925421,2.9300036155059934,eid,0.15,0
gelernt_a,0,rand_gmm_20,6,0.04684082791209221,0.15348492222862292,0.022905617952346802,0.0567367747426033,2713.4619140625,8.455649375915527,384,1.73868507925421,2.9300036155059934,eid,0.15,0
gelernt_a,0,rand_ana_poly_10,6,0.029330464079976082,0.09262535240363869,0.056501664221286774,0.19081687927246094,2672.2275390625,8.426807403564453,384,1.73868507925421,2.9300036155059934,eid,0.15,25
gelernt_a,0,rand_ana_poly_20,6,0.030309773981571198,0.12755126260138533,0.04488447308540344,0.24330180883407593,2710.208984375,8.40177059173584,384,1.73868507925421,2.9300036155059934,eid,0.6082,25
gelernt_a,0,rand_ana_poly_30,6,0.04702914506196976,0.1688288585441381,0.07724118232727051,0.33275529742240906,3036.2392578125,8.403692245483398,384,1.73868507925421,2.9300036155059934,eid,0.15,0
gelernt_a,0,rand_gmm_complex_0,6,0.08365616947412491,0.26992535172072124,0.08183759450912476,0.09009312093257904,2501.04150390625,8.444724082946777,384,1.73868507925421,2.9300036155059934,eid,0.15,0
gelernt_a,0,rand_gmm_complex_10,6,0.04978542774915695,0.14540657429356652,0.0464542955160141,0.04359903931617737,2984.736328125,8.448817253112793,384,1.73868507925421,2.9300036155059934,eid,0.15,0
gelernt_a,0,rand_gmm_complex_20,6,0.04473678022623062,0.13124692236454732,0.032932281494140625,0.05773724615573883,3154.0048828125,8.450723648071289,384,1.73868507925421,2.9300036155059934,eid,0.15,0
gelernt_a,0,rand_gmm_complex_30,6,0.10876158624887466,0.32979228263810456,0.23948386311531067,0.1442810297012329,1768.36572265625,8.432350158691406,384,1.73868507925421,2.9300036155059934,eid,0.15,0
gelernt_a,0,rand_ana_poly_complex_0,6,0.03217127546668053,0.14010561242650302,0.05423017963767052,0.4141804873943329,2579.5986328125,8.43789291381836,384,1.73868507925421,2.9300036155059934,eid,10.0,0
gelernt_a,0,rand_ana_poly_complex_10,6,0.05526730418205261,0.19413010860511307,0.10703860968351364,0.3420569896697998,2550.228515625,8.419806480407715,384,1.73868507925421,2.9300036155059934,eid,0.15,0
gelernt_a,0,rand_ana_poly_complex_20,6,0.06289327144622803,0.2761285416314203,0.13873742520809174,0.2504746913909912,2349.76708984375,8.428800582885742,384,1.73868507925421,2.9300036155059934,eid,0.15,0
gelernt_a,0,rand_ana_poly_complex_30,6,0.05857985466718674,0.26216146050760486,0.059681184589862823,0.3352260887622833,2259.404296875,8.405420303344727,384,1.73868507925421,2.9300036155059934,eid,2.4662,25
gelernt_a,0,organic_0,6,0.06324505805969238,0.19834289928136226,0.06505811959505081,0.3300909399986267,2601.290771484375,8.42762279510498,384,1.73868507925421,2.9300036155059934,eid,10.0,0
gelernt_a,0,organic_10,6,0.04701114073395729,0.1677596549968632,0.030171867460012436,0.29512113332748413,2424.3720703125,8.390281677246094,384,1.73868507925421,2.9300036155059934,eid,0.15,0
gelernt_a,0,organic_20,6,0.03443910554051399,0.13647369817110291,0.04543183743953705,0.1617690920829773,2850.7509765625,8.43484878540039,384,1.73868507925421,2.9300036155059934,eid,0.15,0
gelernt_a,0,organic_30,6,0.014420977793633938,0.08538252062161958,0.019413210451602936,0.18295995891094208,2158.684326171875,8.40544319152832,384,1.73868507925421,2.9300036155059934,eid,0.15,0
gelernt_a,0,cjk_0,6,0.04054819419980049,0.13217409895136714,0.043802134692668915,0.16830909252166748,2834.631103515625,8.431282043457031,384,1.73868507925421,2.9300036155059934,eid,0.15,0
gelernt_a,0,cjk_10,6,0.051843833178281784,0.16449789189811248,0.08796577900648117,0.24195122718811035,2415.00927734375,8.38550090789795,384,1.73868507925421,2.9300036155059934,eid,0.15,25
gelernt_a,0,cjk_20,6,0.07426534593105316,0.2496459828482885,0.040750399231910706,0.1985371708869934,2558.493896484375,8.411558151245117,384,1.73868507925421,2.9300036155059934,eid,0.15,0
gelernt_a,0,A,7,0.03864686191082001,0.1550084791418609,0.09483052045106888,0.18417534232139587,2456.0966796875,9.855201721191406,448,1.73868507925421,2.9300036155059934,eid,0.15,0
gelernt_a,0,greek_upper_0,7,0.023302506655454636,0.09346389171752738,0.02273884415626526,0.16046997904777527,3047.928955078125,9.8096923828125,448,1.73868507925421,2.9300036155059934,eid,0.15,0
gelernt_a,0,korean_5,7,0.04296790063381195,0.14059456291517305,0.021900326013565063,0.20428462326526642,3030.64794921875,9.861761093139648,448,1.73868507925421,2.9300036155059934,eid,0.15,0
gelernt_a,0,digit_5,7,0.04990885406732559,0.18293128058092742,0.09918984770774841,0.15823248028755188,2772.81591796875,9.860420227050781,448,1.73868507925421,2.9300036155059934,eid,0.15,0
gelernt_a,0,a_lc,7,0.02524290233850479,0.11754634084974606,0.026830416172742844,0.19921033084392548,2850.795166015625,9.850658416748047,448,1.73868507925421,2.9300036155059934,eid,0.15,0
gelernt_a,0,rand_gmm_10,7,0.07697091996669769,0.22889545114342905,0.07320192456245422,0.1586984246969223,2976.7998046875,9.868490219116211,448,1.73868507925421,2.9300036155059934,ucb,0.15,100
gelernt_a,0,rand_gmm_20,7,0.043904248625040054,0.1438625337358903,0.027385689318180084,0.05591970309615135,3024.25537109375,9.850420951843262,448,1.73868507925421,2.9300036155059934,niveau,0.3133,25
gelernt_a,0,rand_ana_poly_10,7,0.023677533492445946,0.07477344640053006,0.10406597703695297,0.18680571019649506,2773.13037109375,9.823866844177246,448,1.73868507925421,2.9300036155059934,niveau,0.6067,25
gelernt_a,0,rand_ana_poly_20,7,0.02781110443174839,0.1170362235879861,0.0465841144323349,0.16204385459423065,2739.435546875,9.808723449707031,448,1.73868507925421,2.9300036155059934,eid,0.15,0
gelernt_a,0,rand_ana_poly_30,7,0.027900271117687225,0.10015854890970945,0.03876353055238724,0.4521537125110626,3143.916015625,9.814310073852539,448,1.73868507925421,2.9300036155059934,eid,0.15,0
gelernt_a,0,rand_gmm_complex_0,7,0.062047723680734634,0.200203448750695,0.14508239924907684,0.07086997479200363,2953.8701171875,9.849170684814453,448,1.73868507925421,2.9300036155059934,mass,0.05,0
gelernt_a,0,rand_gmm_complex_10,7,0.045330360531806946,0.1323948137923543,0.029960665851831436,0.05074648559093475,3048.748291015625,9.851566314697266,448,1.73868507925421,2.9300036155059934,eid,0.15,0
gelernt_a,0,rand_gmm_complex_20,7,0.04282186180353165,0.12562901360384815,0.01587068662047386,0.056247174739837646,3180.499755859375,9.860376358032227,448,1.73868507925421,2.9300036155059934,niveau,0.02,0
gelernt_a,0,rand_gmm_complex_30,7,0.09846268594264984,0.29856344571327254,0.21560703217983246,0.14197982847690582,1912.9375,9.829851150512695,448,1.73868507925421,2.9300036155059934,eid,0.15,0
gelernt_a,0,rand_ana_poly_complex_0,7,0.026557141914963722,0.11565611180530116,0.04672890529036522,0.3024398684501648,3022.3486328125,9.827779769897461,448,1.73868507925421,2.9300036155059934,niveau,0.6067,25
gelernt_a,0,rand_ana_poly_complex_10,7,0.05470769852399826,0.1921644562400859,0.05342721566557884,0.32761722803115845,2711.79345703125,9.832645416259766,448,1.73868507925421,2.9300036155059934,niveau,0.3133,0
gelernt_a,0,rand_ana_poly_complex_20,7,0.039507195353507996,0.17345359823170797,0.10702253878116608,0.1918460726737976,2785.201171875,9.829452514648438,448,1.73868507925421,2.9300036155059934,eid,0.15,0
gelernt_a,0,rand_ana_poly_complex_30,7,0.03799133002758026,0.1700219746744411,0.03762579336762428,0.3361833095550537,2717.074951171875,9.817684173583984,448,1.73868507925421,2.9300036155059934,eid,0.15,0
gelernt_a,0,organic_0,7,0.06280244141817093,0.1969548087230978,0.06295889616012573,0.3334921896457672,2617.99072265625,9.838907241821289,448,1.73868507925421,2.9300036155059934,eid,10.0,0
gelernt_a,0,organic_10,7,0.03676419332623482,0.13119333614026013,0.06955550611019135,0.25961238145828247,3196.1025390625,9.802181243896484,448,1.73868507925421,2.9300036155059934,niveau,0.6067,25
gelernt_a,0,organic_20,7,0.03309585526585579,0.1311507279697921,0.05794486403465271,0.14835326373577118,2888.539306640625,9.848089218139648,448,1.73868507925421,2.9300036155059934,eid,0.15,0
gelernt_a,0,organic_30,7,0.0134573420509696,0.07967710661660748,0.16166169941425323,0.18287649750709534,2222.13818359375,9.815719604492188,448,1.73868507925421,2.9300036155059934,eid,0.15,0
gelernt_a,0,cjk_0,7,0.038843367248773575,0.12661691026351438,0.04907350242137909,0.15538717806339264,3049.82421875,9.844487190246582,448,1.73868507925421,2.9300036155059934,eid,0.15,0
gelernt_a,0,cjk_10,7,0.04149584099650383,0.1316642298224905,0.05200200155377388,0.1385619044303894,2700.521240234375,9.78966236114502,448,1.73868507925421,2.9300036155059934,eid,0.15,0
gelernt_a,0,cjk_20,7,0.07284091413021088,0.24485769737727264,0.0471971333026886,0.19538842141628265,2606.924560546875,9.812995910644531,448,1.73868507925421,2.9300036155059934,mass,0.05,25
gelernt_a,0,A,8,0.033459607511758804,0.1342029499070205,0.08399736881256104,0.19087478518486023,2469.181640625,11.268025398254395,512,1.73868507925421,2.9300036155059934,eid,0.15,0
gelernt_a,0,greek_upper_0,8,0.021496206521987915,0.08621901276180478,0.027137015014886856,0.17720110714435577,3083.29296875,11.219820022583008,512,1.73868507925421,2.9300036155059934,eid,0.15,0
gelernt_a,0,korean_5,8,0.04169689863920212,0.13643573813526597,0.017368268221616745,0.20325788855552673,3140.429443359375,11.266494750976562,512,1.73868507925421,2.9300036155059934,eid,0.15,0
gelernt_a,0,digit_5,8,0.04713538661599159,0.17276567045015498,0.07848405838012695,0.13739833235740662,3136.72900390625,11.271931648254395,512,1.73868507925421,2.9300036155059934,niveau,0.6067,0
gelernt_a,0,a_lc,8,0.02358926087617874,0.10984597817483488,0.019264737144112587,0.16794948279857635,2915.785400390625,11.26401424407959,512,1.73868507925421,2.9300036155059934,eid,0.15,0
gelernt_a,0,rand_gmm_10,8,0.07630114257335663,0.22690367296693323,0.12179935723543167,0.15875361859798431,2983.739990234375,11.278800010681152,512,1.73868507925421,2.9300036155059934,eid,0.15,0
gelernt_a,0,rand_gmm_20,8,0.04287537559866905,0.1404911907542494,0.03786849230527878,0.055515263229608536,3072.09716796875,11.263542175292969,512,1.73868507925421,2.9300036155059934,eid,0.15,0
gelernt_a,0,rand_ana_poly_10,8,0.019445152953267097,0.061407625188878,0.2652486562728882,0.13642750680446625,2967.2529296875,11.234596252441406,512,1.73868507925421,2.9300036155059934,eid,10.0,0
gelernt_a,0,rand_ana_poly_20,8,0.026993203908205032,0.11359428949360056,0.1774577647447586,0.14703382551670074,2905.635498046875,11.21475601196289,512,1.73868507925421,2.9300036155059934,niveau,0.6067,25
gelernt_a,0,rand_ana_poly_30,8,0.025603245943784714,0.09191251046597193,0.0382244735956192,0.4744867980480194,3169.857421875,11.210765838623047,512,1.73868507925421,2.9300036155059934,eid,0.15,0
gelernt_a,0,rand_gmm_complex_0,8,0.040992021560668945,0.13226503086457148,0.1024446114897728,0.05390321835875511,3284.11572265625,11.259658813476562,512,1.73868507925421,2.9300036155059934,niveau,0.3133,100
gelernt_a,0,rand_gmm_complex_10,8,0.04225833714008331,0.12342246148495042,0.02795608714222908,0.048692114651203156,3080.718017578125,11.258731842041016,512,1.73868507925421,2.9300036155059934,eid,0.15,0
gelernt_a,0,rand_gmm_complex_20,8,0.040420692414045334,0.11858456179367392,0.022180231288075447,0.05989905074238777,3205.708984375,11.26945686340332,512,1.73868507925421,2.9300036155059934,ucb,0.15,100
gelernt_a,0,rand_gmm_complex_30,8,0.09751958400011063,0.29570372517114357,0.22434942424297333,0.1418212205171585,1952.25146484375,11.238903999328613,512,1.73868507925421,2.9300036155059934,eid,0.15,0
gelernt_a,0,rand_ana_poly_complex_0,8,0.026413453742861748,0.11503035112100246,0.0681939497590065,0.24820679426193237,3387.10791015625,11.239545822143555,512,1.73868507925421,2.9300036155059934,niveau,0.3133,25
gelernt_a,0,rand_ana_poly_complex_10,8,0.04196669161319733,0.14741081587462201,0.06305044889450073,0.29244619607925415,3263.809814453125,11.239612579345703,512,1.73868507925421,2.9300036155059934,niveau,0.9,0
gelernt_a,0,rand_ana_poly_complex_20,8,0.026212327182292938,0.11508340258306402,0.10217878967523575,0.21871262788772583,3120.160400390625,11.24112606048584,512,1.73868507925421,2.9300036155059934,eid,0.15,0
gelernt_a,0,rand_ana_poly_complex_30,8,0.034249693155288696,0.15327708869440612,0.02774667553603649,0.2501058280467987,3306.51318359375,11.224864959716797,512,1.73868507925421,2.9300036155059934,niveau,0.6067,0
gelernt_a,0,organic_0,8,0.06174800544977188,0.19364799087052464,0.06844676285982132,0.3466549813747406,2627.12548828125,11.251253128051758,512,1.73868507925421,2.9300036155059934,eid,0.15,0
gelernt_a,0,organic_10,8,0.03154191002249718,0.11255757381556321,0.016955029219388962,0.23962146043777466,3283.88037109375,11.215641975402832,512,1.73868507925421,2.9300036155059934,eid,0.15,0
gelernt_a,0,organic_20,8,0.02743135578930378,0.10870371084433536,0.008846824057400227,0.14589190483093262,3062.64892578125,11.251005172729492,512,1.73868507925421,2.9300036155059934,eid,0.15,0
gelernt_a,0,organic_30,8,0.013129030354321003,0.07773326614957672,0.04431995749473572,0.19400353729724884,2298.745849609375,11.226263046264648,512,1.73868507925421,2.9300036155059934,eid,0.15,0
gelernt_a,0,cjk_0,8,0.03618507832288742,0.11795174155587489,0.05164451152086258,0.15530332922935486,3130.0263671875,11.254026412963867,512,1.73868507925421,2.9300036155059934,eid,0.15,0
gelernt_a,0,cjk_10,8,0.031194819137454033,0.0989796022336509,0.041666485369205475,0.15449944138526917,2927.8984375,11.202709197998047,512,1.73868507925421,2.9300036155059934,eid,0.15,0
gelernt_a,0,cjk_20,8,0.04298970103263855,0.1445116296450131,0.03246370330452919,0.17333759367465973,2850.514892578125,11.208890914916992,512,1.73868507925421,2.9300036155059934,eid,0.15,0
gelernt_a,1,A,1,0.11314012110233307,0.4537930697314538,0.051506273448467255,0.31212908029556274,1115.87451171875,1.4110760688781738,64,1.7384383044391871,2.8885305168479682,niveau,0.3133,0
gelernt_a,1,greek_upper_0,1,0.20945638418197632,0.8401074227843454,0.515300452709198,0.2706698179244995,1056.284423828125,1.412738561630249,64,1.7384383044391871,2.8885305168479682,niveau,0.3133,0
gelernt_a,1,korean_5,1,0.14780116081237793,0.48361775409663416,0.10931006073951721,0.22873170673847198,1129.819580078125,1.410808801651001,64,1.7384383044391871,2.8885305168479682,niveau,0.3133,0
gelernt_a,1,digit_5,1,0.13246412575244904,0.485521709679819,0.18468506634235382,0.3280355632305145,1065.2783203125,1.412315845489502,64,1.7384383044391871,2.8885305168479682,niveau,0.3133,0
gelernt_a,1,a_lc,1,0.14120210707187653,0.6575230844693856,0.13282084465026855,0.22798052430152893,975.2138671875,1.4037628173828125,64,1.7384383044391871,2.8885305168479682,niveau,0.3133,0
gelernt_a,1,rand_gmm_10,1,0.20735958218574524,0.6166441187640057,0.15303641557693481,0.23287330567836761,1042.360107421875,1.4035717248916626,64,1.7384383044391871,2.8885305168479682,niveau,0.3133,0
gelernt_a,1,rand_gmm_20,1,0.26509881019592285,0.868658221459781,0.37659868597984314,0.28221359848976135,1190.8466796875,1.4123423099517822,64,1.7384383044391871,2.8885305168479682,niveau,0.3133,0
gelernt_a,1,rand_ana_poly_10,1,0.14383237063884735,0.4542213850127691,0.14832697808742523,0.294786661863327,1001.0751953125,1.4005792140960693,64,1.7384383044391871,2.8885305168479682,niveau,0.3133,0
gelernt_a,1,rand_ana_poly_20,1,0.14678695797920227,0.6177169725860552,0.2733891010284424,0.25540098547935486,1138.784912109375,1.4116958379745483,64,1.7384383044391871,2.8885305168479682,niveau,0.3133,0
gelernt_a,1,rand_ana_poly_30,1,0.306483656167984,1.1002387086793373,0.5015262365341187,0.2926413118839264,1052.730224609375,1.4026687145233154,64,1.7384383044391871,2.8885305168479682,niveau,0.3133,0
gelernt_a,1,rand_gmm_complex_0,1,0.2559552490711212,0.8258662937185592,0.4468574821949005,0.2303011119365692,961.532958984375,1.4043190479278564,64,1.7384383044391871,2.8885305168479682,niveau,0.3133,0
gelernt_a,1,rand_gmm_complex_10,1,0.21061600744724274,0.615138877355743,0.16718122363090515,0.1945362240076065,998.5322265625,1.403077244758606,64,1.7384383044391871,2.8885305168479682,niveau,0.3133,0
gelernt_a,1,rand_gmm_complex_20,1,0.2168964445590973,0.6363218514215528,0.1779373288154602,0.22418831288814545,1058.1669921875,1.4125583171844482,64,1.7384383044391871,2.8885305168479682,niveau,0.3133,0
gelernt_a,1,rand_gmm_complex_30,1,0.19847144186496735,0.6018149615926616,0.1991785168647766,0.2685975134372711,999.124267578125,1.409532070159912,64,1.7384383044391871,2.8885305168479682,niveau,0.3133,0
gelernt_a,1,rand_ana_poly_complex_0,1,0.18734754621982574,0.8158968619977942,0.3006839454174042,0.4039813280105591,1146.415771484375,1.41170334815979,64,1.7384383044391871,2.8885305168479682,niveau,0.3133,0
gelernt_a,1,rand_ana_poly_complex_10,1,0.19680677354335785,0.6912969772569606,0.19413314759731293,0.4493294954299927,1117.874267578125,1.4107872247695923,64,1.7384383044391871,2.8885305168479682,niveau,0.3133,0
gelernt_a,1,rand_ana_poly_complex_20,1,0.22244592010974884,0.976633367915674,0.5176194906234741,0.26111358404159546,1110.98095703125,1.412073016166687,64,1.7384383044391871,2.8885305168479682,niveau,0.3133,0
gelernt_a,1,rand_ana_poly_complex_30,1,0.15665732324123383,0.7010859431704723,0.16045159101486206,0.4475221037864685,1020.70703125,1.4073700904846191,64,1.7384383044391871,2.8885305168479682,niveau,0.3133,0
gelernt_a,1,organic_0,1,0.21002300083637238,0.6586533743449405,0.14140427112579346,0.44493943452835083,1069.005615234375,1.407759189605713,64,1.7384383044391871,2.8885305168479682,niveau,0.3133,0
gelernt_a,1,organic_10,1,0.15452441573143005,0.5514216899861735,0.04348147660493851,0.4600823223590851,1018.35302734375,1.409462571144104,64,1.7384383044391871,2.8885305168479682,niveau,0.3133,0
gelernt_a,1,organic_20,1,0.17474398016929626,0.6924673806869669,0.26356178522109985,0.30608296394348145,1217.50830078125,1.4123649597167969,64,1.7384383044391871,2.8885305168479682,niveau,0.3133,0
gelernt_a,1,organic_30,1,0.15537430346012115,0.9199271962758231,0.31090614199638367,0.21574461460113525,1126.905517578125,1.4093806743621826,64,1.7384383044391871,2.8885305168479682,niveau,0.3133,0
gelernt_a,1,cjk_0,1,0.15753507614135742,0.5135137865725568,0.03859042376279831,0.28457099199295044,1095.61328125,1.4075433015823364,64,1.7384383044391871,2.8885305168479682,niveau,0.3133,0
gelernt_a,1,cjk_10,1,0.2054634690284729,0.6519253196620418,0.14412039518356323,0.2503880560398102,1019.74072265625,1.4121770858764648,64,1.7384383044391871,2.8885305168479682,niveau,0.3133,0
gelernt_a,1,cjk_20,1,0.15031680464744568,0.505296056516916,0.07917983084917068,0.18571870028972626,991.24853515625,1.4017518758773804,64,1.7384383044391871,2.8885305168479682,niveau,0.3133,0
gelernt_a,1,A,2,0.08816099911928177,0.3536044511101896,0.056664057075977325,0.31353476643562317,1531.55029296875,2.8077707290649414,128,1.7384383044391871,2.8885305168479682,eid,0.15,25
gelernt_a,1,greek_upper_0,2,0.17107707262039185,0.6861720598200559,0.16417598724365234,0.2563805878162384,1554.56005859375,2.806753158569336,128,1.7384383044391871,2.8885305168479682,mass,0.05,25
gelernt_a,1,korean_5,2,0.10109610855579376,0.3307949186524112,0.0969565361738205,0.20395882427692413,1529.9130859375,2.802790880203247,128,1.7384383044391871,2.8885305168479682,mass,0.05,25
gelernt_a,1,digit_5,2,0.0952095091342926,0.3489720963323041,0.09790756553411484,0.25611191987991333,1482.380859375,2.809767484664917,128,1.7384383044391871,2.8885305168479682,eid,0.15,25
gelernt_a,1,a_lc,2,0.12354017049074173,0.5752783413890366,0.17441383004188538,0.19365131855010986,1446.4970703125,2.813227891921997,128,1.7384383044391871,2.8885305168479682,eid,0.15,25
gelernt_a,1,rand_gmm_10,2,0.1973659247159958,0.5869250672559697,0.2135137915611267,0.22983931005001068,1218.14404296875,2.793226480484009,128,1.7384383044391871,2.8885305168479682,eid,0.15,25
gelernt_a,1,rand_gmm_20,2,0.23485983908176422,0.7695731639018625,0.34485194087028503,0.2729259431362152,1502.71484375,2.816908836364746,128,1.7384383044391871,2.8885305168479682,mass,0.05,25
gelernt_a,1,rand_ana_poly_10,2,0.13334167003631592,0.4210918430586777,0.22909227013587952,0.3253064453601837,1742.89013671875,2.809901237487793,128,1.7384383044391871,2.8885305168479682,eid,0.15,0
gelernt_a,1,rand_ana_poly_20,2,0.08144377917051315,0.3427362035277326,0.1425357460975647,0.21896295249462128,2075.32275390625,2.820981025695801,128,1.7384383044391871,2.8885305168479682,mass,0.05,25
gelernt_a,1,rand_ana_poly_30,2,0.09118985384702682,0.3273603829181644,0.15715166926383972,0.3060854375362396,2102.71240234375,2.809054136276245,128,1.7384383044391871,2.8885305168479682,mass,0.05,25
gelernt_a,1,rand_gmm_complex_0,2,0.22691407799720764,0.7321619277909229,0.322540819644928,0.2128809690475464,1290.2353515625,2.8103675842285156,128,1.7384383044391871,2.8885305168479682,eid,0.15,25
gelernt_a,1,rand_gmm_complex_10,2,0.15340116620063782,0.4480334724100167,0.09128968417644501,0.12468269467353821,1352.59326171875,2.810063600540161,128,1.7384383044391871,2.8885305168479682,eid,10.0,25
gelernt_a,1,rand_gmm_complex_20,2,0.17922717332839966,0.5258092957180998,0.10739535838365555,0.19641651213169098,1457.044677734375,2.817721366882324,128,1.7384383044391871,2.8885305168479682,eid,0.15,25
gelernt_a,1,rand_gmm_complex_30,2,0.14744406938552856,0.4470872288754216,0.17098160088062286,0.20534072816371918,1636.69287109375,2.814798355102539,128,1.7384383044391871,2.8885305168479682,eid,0.15,25
gelernt_a,1,rand_ana_poly_complex_0,2,0.08719948679208755,0.3797529728945735,0.16746754944324493,0.4464769661426544,1858.163330078125,2.8101425170898438,128,1.7384383044391871,2.8885305168479682,mass,0.05,25
gelernt_a,1,rand_ana_poly_complex_10,2,0.16631440818309784,0.5841905010750386,0.22175222635269165,0.4019339978694916,1388.53125,2.812119483947754,128,1.7384383044391871,2.8885305168479682,eid,0.15,25
gelernt_a,1,rand_ana_poly_complex_20,2,0.09514046460390091,0.41770760428119696,0.12926331162452698,0.27197834849357605,2059.062744140625,2.823824882507324,128,1.7384383044391871,2.8885305168479682,mass,0.05,25
gelernt_a,1,rand_ana_poly_complex_30,2,0.12040941417217255,0.5388662716489089,0.19012856483459473,0.4813532829284668,1439.19384765625,2.804421901702881,128,1.7384383044391871,2.8885305168479682,eid,0.15,25
gelernt_a,1,organic_0,2,0.12327057123184204,0.3865889801400264,0.09145216643810272,0.4117254912853241,1565.555419921875,2.8199665546417236,128,1.7384383044391871,2.8885305168479682,eid,0.15,25
gelernt_a,1,organic_10,2,0.12150458246469498,0.4335901345208498,0.05224219709634781,0.40644514560699463,1446.53662109375,2.7883262634277344,128,1.7384383044391871,2.8885305168479682,eid,2.4662,100
gelernt_a,1,organic_20,2,0.0871858075261116,0.3454958946923,0.20403654873371124,0.24085275828838348,1994.5205078125,2.815115451812744,128,1.7384383044391871,2.8885305168479682,mass,0.05,25
gelernt_a,1,organic_30,2,0.08171327412128448,0.48380112725785723,0.21182814240455627,0.1488141417503357,1843.07177734375,2.8173177242279053,128,1.7384383044391871,2.8885305168479682,mass,0.05,25
gelernt_a,1,cjk_0,2,0.11930325627326965,0.3888903244909744,0.08556558936834335,0.26899614930152893,1546.9658203125,2.7964906692504883,128,1.7384383044391871,2.8885305168479682,eid,0.15,25
gelernt_a,1,cjk_10,2,0.16531582176685333,0.5245388411874514,0.1872251331806183,0.2600128948688507,1452.8466796875,2.8103795051574707,128,1.7384383044391871,2.8885305168479682,eid,10.0,25
gelernt_a,1,cjk_20,2,0.10571304708719254,0.35535871016436715,0.02720215730369091,0.2644164562225342,1321.527587890625,2.7968597412109375,128,1.7384383044391871,2.8885305168479682,eid,0.15,25
gelernt_a,1,A,3,0.08509161323308945,0.3412934686760645,0.08243756741285324,0.3583655059337616,1846.0673828125,4.203541278839111,192,1.7384383044391871,2.8885305168479682,eid,0.15,25
gelernt_a,1,greek_upper_0,3,0.15549804270267487,0.6236862171241252,0.2600415050983429,0.24956069886684418,2051.38525390625,4.215837001800537,192,1.7384383044391871,2.8885305168479682,eid,0.15,25
gelernt_a,1,korean_5,3,0.05252915248274803,0.17187977826882345,0.043461211025714874,0.2019687294960022,2128.310546875,4.212629318237305,192,1.7384383044391871,2.8885305168479682,eid,0.15,25
gelernt_a,1,digit_5,3,0.06459545344114304,0.23676217854559067,0.03277222439646721,0.22481654584407806,2030.74169921875,4.175404071807861,192,1.7384383044391871,2.8885305168479682,eid,0.15,25
gelernt_a,1,a_lc,3,0.07856275141239166,0.3658360608371256,0.08382264524698257,0.27978768944740295,1844.0556640625,4.195920944213867,192,1.7384383044391871,2.8885305168479682,eid,0.6082,25
gelernt_a,1,rand_gmm_10,3,0.19267810881137848,0.5729844811641187,0.168204665184021,0.22513486444950104,1308.231201171875,4.20526123046875,192,1.7384383044391871,2.8885305168479682,eid,0.15,0
gelernt_a,1,rand_gmm_20,3,0.10280299931764603,0.33685805863104135,0.19334569573402405,0.12262704968452454,1959.029541015625,4.220335960388184,192,1.7384383044391871,2.8885305168479682,eid,0.15,25
gelernt_a,1,rand_ana_poly_10,3,0.08668119460344315,0.2737384643836448,0.215052530169487,0.28802454471588135,2145.6806640625,4.220341205596924,192,1.7384383044391871,2.8885305168479682,eid,0.15,0
gelernt_a,1,rand_ana_poly_20,3,0.05585504695773125,0.2350522892862883,0.12991008162498474,0.2649102807044983,2321.51025390625,4.195901870727539,192,1.7384383044391871,2.8885305168479682,mass,0.05,25
gelernt_a,1,rand_ana_poly_30,3,0.04846130311489105,0.17397013017497243,0.05234726518392563,0.2931082844734192,2629.850341796875,4.218311309814453,192,1.7384383044391871,2.8885305168479682,mass,0.05,25
gelernt_a,1,rand_gmm_complex_0,3,0.09944778680801392,0.32087865127871085,0.1371074765920639,0.12500602006912231,2035.580078125,4.208311080932617,192,1.7384383044391871,2.8885305168479682,eid,0.15,25
gelernt_a,1,rand_gmm_complex_10,3,0.13138362765312195,0.383727610246865,0.2836923897266388,0.10614392161369324,1557.44921875,4.213911533355713,192,1.7384383044391871,2.8885305168479682,eid,0.15,25
gelernt_a,1,rand_gmm_complex_20,3,0.1614072322845459,0.4735298869878273,0.11927913874387741,0.1817343682050705,1713.72412109375,4.230248928070068,192,1.7384383044391871,2.8885305168479682,eid,0.15,25
gelernt_a,1,rand_gmm_complex_30,3,0.11186420172452927,0.3392001873511073,0.11531704664230347,0.16285067796707153,1993.621337890625,4.221558570861816,192,1.7384383044391871,2.8885305168479682,eid,10.0,25
gelernt_a,1,rand_ana_poly_complex_0,3,0.05191325396299362,0.2260817494497764,0.03139321133494377,0.36268019676208496,2659.6591796875,4.2074995040893555,192,1.7384383044391871,2.8885305168479682,eid,0.15,25
gelernt_a,1,rand_ana_poly_complex_10,3,0.0734100416302681,0.2578576893753701,0.10847076773643494,0.3080368936061859,2037.006103515625,4.212032318115234,192,1.7384383044391871,2.8885305168479682,eid,0.15,25
gelernt_a,1,rand_ana_poly_complex_20,3,0.05468299239873886,0.2400818815096219,0.027821186929941177,0.2781253755092621,2398.650390625,4.230335712432861,192,1.7384383044391871,2.8885305168479682,mass,0.05,25
gelernt_a,1,rand_ana_poly_complex_30,3,0.1039222925901413,0.46508172749002963,0.11918993294239044,0.4049423635005951,1782.050537109375,4.207780838012695,192,1.7384383044391871,2.8885305168479682,eid,0.15,100
gelernt_a,1,organic_0,3,0.11075585335493088,0.34734155902054414,0.17682796716690063,0.40886664390563965,2009.01611328125,4.207182884216309,192,1.7384383044391871,2.8885305168479682,eid,0.15,0
gelernt_a,1,organic_10,3,0.10300491005182266,0.3675738963890932,0.06077595055103302,0.41472816467285156,1850.554443359375,4.181168556213379,192,1.7384383044391871,2.8885305168479682,eid,0.15,25
gelernt_a,1,organic_20,3,0.07205046713352203,0.28551826623661214,0.11779797822237015,0.2126314342021942,2293.23046875,4.200963973999023,192,1.7384383044391871,2.8885305168479682,mass,0.05,25
gelernt_a,1,organic_30,3,0.04435063526034355,0.2625875362882717,0.13224941492080688,0.11363513767719269,2093.529541015625,4.208166122436523,192,1.7384383044391871,2.8885305168479682,mass,0.05,25
gelernt_a,1,cjk_0,3,0.0796099305152893,0.25950282228576005,0.08203037083148956,0.2774348556995392,2027.12548828125,4.2061004638671875,192,1.7384383044391871,2.8885305168479682,eid,0.15,25
gelernt_a,1,cjk_10,3,0.09376930445432663,0.29752531712779945,0.1258191466331482,0.23344817757606506,1942.298828125,4.198718070983887,192,1.7384383044391871,2.8885305168479682,mass,0.05,25
gelernt_a,1,cjk_20,3,0.08458132296800613,0.2843235595045854,0.0259859561920166,0.2614400088787079,1545.34423828125,4.201724052429199,192,1.7384383044391871,2.8885305168479682,eid,0.15,25
gelernt_a,1,A,4,0.04792286828160286,0.19221356045902477,0.046961694955825806,0.21303343772888184,2200.11279296875,5.6062822341918945,256,1.7384383044391871,2.8885305168479682,eid,0.15,25
gelernt_a,1,greek_upper_0,4,0.14510902762413025,0.5820169754966128,0.22309070825576782,0.2164333611726761,2183.377685546875,5.618512153625488,256,1.7384383044391871,2.8885305168479682,eid,0.15,25
gelernt_a,1,korean_5,4,0.047351088374853134,0.15493671963068859,0.056904833763837814,0.21054445207118988,2243.333984375,5.625237464904785,256,1.7384383044391871,2.8885305168479682,eid,0.15,0
gelernt_a,1,digit_5,4,0.057151615619659424,0.20947822641790145,0.018802931532263756,0.29037606716156006,2229.78076171875,5.559723854064941,256,1.7384383044391871,2.8885305168479682,eid,0.15,25
gelernt_a,1,a_lc,4,0.03849878907203674,0.17927383000096658,0.044682882726192474,0.23597383499145508,2338.740966796875,5.595677852630615,256,1.7384383044391871,2.8885305168479682,eid,0.15,25
gelernt_a,1,rand_gmm_10,4,0.19072437286376953,0.5671744782261706,0.22491617500782013,0.2226479947566986,1343.35498046875,5.612889766693115,256,1.7384383044391871,2.8885305168479682,eid,0.15,0
gelernt_a,1,rand_gmm_20,4,0.054714396595954895,0.17928451055725728,0.02346690557897091,0.05169792100787163,2589.652587890625,5.628823280334473,256,1.7384383044391871,2.8885305168479682,eid,0.15,0
gelernt_a,1,rand_ana_poly_10,4,0.05690983682870865,0.17972077349745819,0.021025609225034714,0.20904210209846497,2387.293701171875,5.627301216125488,256,1.7384383044391871,2.8885305168479682,eid,10.0,25
gelernt_a,1,rand_ana_poly_20,4,0.04017537459731102,0.16906822724862178,0.02411084622144699,0.232396200299263,2487.552734375,5.604560375213623,256,1.7384383044391871,2.8885305168479682,eid,0.15,25
gelernt_a,1,rand_ana_poly_30,4,0.03762968257069588,0.1350859418647222,0.0504499152302742,0.2625269293785095,2855.85009765625,5.610379219055176,256,1.7384383044391871,2.8885305168479682,niveau,0.9,100
gelernt_a,1,rand_gmm_complex_0,4,0.07360973954200745,0.23750949823363146,0.04696619510650635,0.11035653203725815,2455.86962890625,5.614224910736084,256,1.7384383044391871,2.8885305168479682,eid,0.15,0
gelernt_a,1,rand_gmm_complex_10,4,0.11207552999258041,0.32733511822910766,0.10548566281795502,0.11281298846006393,1714.255615234375,5.6213908195495605,256,1.7384383044391871,2.8885305168479682,eid,0.15,0
gelernt_a,1,rand_gmm_complex_20,4,0.09080971032381058,0.2664137861630909,0.0872119590640068,0.11298414319753647,2254.349609375,5.643158912658691,256,1.7384383044391871,2.8885305168479682,eid,0.15,0
gelernt_a,1,rand_gmm_complex_30,4,0.07717675715684891,0.23401919544573785,0.025294169783592224,0.13616450130939484,2528.177734375,5.624202728271484,256,1.7384383044391871,2.8885305168479682,eid,10.0,25
gelernt_a,1,rand_ana_poly_complex_0,4,0.046377066522836685,0.20197170343638676,0.05252266675233841,0.31100398302078247,2947.62060546875,5.6191630363464355,256,1.7384383044391871,2.8885305168479682,niveau,0.9,25
gelernt_a,1,rand_ana_poly_complex_10,4,0.0477769635617733,0.16781978535659256,0.07680279016494751,0.2860792279243469,2513.88525390625,5.622079849243164,256,1.7384383044391871,2.8885305168479682,eid,0.15,0
gelernt_a,1,rand_ana_poly_complex_20,4,0.04770748317241669,0.20945639255811058,0.08478143811225891,0.2381514459848404,2615.844970703125,5.627508640289307,256,1.7384383044391871,2.8885305168479682,eid,0.15,0
gelernt_a,1,rand_ana_poly_complex_30,4,0.08551190048456192,0.3826900023767219,0.10670554637908936,0.3708881437778473,2301.936279296875,5.612459659576416,256,1.7384383044391871,2.8885305168479682,eid,0.15,25
gelernt_a,1,organic_0,4,0.10649065673351288,0.33396547099326035,0.10813616216182709,0.4217710793018341,2083.67333984375,5.617345809936523,256,1.7384383044391871,2.8885305168479682,eid,0.15,0
gelernt_a,1,organic_10,4,0.08133711665868759,0.2902521916309269,0.06305597722530365,0.3705490231513977,2203.220458984375,5.587921142578125,256,1.7384383044391871,2.8885305168479682,eid,0.15,0
gelernt_a,1,organic_20,4,0.05851292982697487,0.2318723381163143,0.08766881376504898,0.15504077076911926,2521.472900390625,5.597362041473389,256,1.7384383044391871,2.8885305168479682,eid,0.15,25
gelernt_a,1,organic_30,4,0.039713386446237564,0.23513170089597457,0.10735645890235901,0.10420363396406174,2108.26318359375,5.609679222106934,256,1.7384383044391871,2.8885305168479682,mass,0.05,25
gelernt_a,1,cjk_0,4,0.07412172853946686,0.24161304530967426,0.0985139012336731,0.2597171664237976,2099.80078125,5.617951393127441,256,1.7384383044391871,2.8885305168479682,eid,0.15,0
gelernt_a,1,cjk_10,4,0.08615446090698242,0.2733637990864057,0.12701106071472168,0.26760295033454895,2157.8310546875,5.605289459228516,256,1.7384383044391871,2.8885305168479682,eid,0.15,0
gelernt_a,1,cjk_20,4,0.06675232201814651,0.22439064719494692,0.03991428390145302,0.2704244554042816,1778.5615234375,5.5978240966796875,256,1.7384383044391871,2.8885305168479682,eid,0.15,25
gelernt_a,1,A,5,0.0291314497590065,0.11684316653603596,0.0323062464594841,0.22832833230495453,2729.61474609375,7.0042314529418945,320,1.7384383044391871,2.8885305168479682,eid,2.4662,25
gelernt_a,1,greek_upper_0,5,0.0678085908293724,0.2719730921871046,0.1818160116672516,0.1488271802663803,2643.259521484375,7.022285461425781,320,1.7384383044391871,2.8885305168479682,eid,0.15,0
gelernt_a,1,korean_5,5,0.04543842375278473,0.14867832109186369,0.18299636244773865,0.18868112564086914,2630.7919921875,7.036259651184082,320,1.7384383044391871,2.8885305168479682,eid,0.15,0
gelernt_a,1,digit_5,5,0.04466872662305832,0.16372460389598545,0.015061529353260994,0.26686495542526245,2526.517578125,6.967874526977539,320,1.7384383044391871,2.8885305168479682,eid,0.6082,25
gelernt_a,1,a_lc,5,0.035620931535959244,0.1658727710293613,0.029209746047854424,0.19474725425243378,2485.35595703125,6.995743751525879,320,1.7384383044391871,2.8885305168479682,eid,0.15,0
gelernt_a,1,rand_gmm_10,5,0.16679123044013977,0.4960023078180883,0.22868527472019196,0.22315503656864166,1429.767822265625,7.0235066413879395,320,1.7384383044391871,2.8885305168479682,eid,0.15,0
gelernt_a,1,rand_gmm_20,5,0.05131149664521217,0.16813411340219978,0.0303899347782135,0.051870495080947876,2720.745849609375,7.034915924072266,320,1.7384383044391871,2.8885305168479682,eid,0.15,0
gelernt_a,1,rand_ana_poly_10,5,0.0484161451458931,0.15289776847498576,0.0594673827290535,0.21024008095264435,2456.80126953125,7.026572227478027,320,1.7384383044391871,2.8885305168479682,eid,0.15,25
gelernt_a,1,rand_ana_poly_20,5,0.027891036123037338,0.11737259653989159,0.034664079546928406,0.23327232897281647,2685.824951171875,7.004316329956055,320,1.7384383044391871,2.8885305168479682,eid,0.15,25
gelernt_a,1,rand_ana_poly_30,5,0.03439706936478615,0.12348125721758886,0.03475482761859894,0.26821190118789673,2904.011474609375,7.021283149719238,320,1.7384383044391871,2.8885305168479682,eid,0.15,0
gelernt_a,1,rand_gmm_complex_0,5,0.0654846653342247,0.211293099286856,0.02461487613618374,0.09982500970363617,2579.80419921875,7.02554178237915,320,1.7384383044391871,2.8885305168479682,eid,0.15,0
gelernt_a,1,rand_gmm_complex_10,5,0.0880386084318161,0.257131314049217,0.09715990722179413,0.08944748342037201,1888.91259765625,7.013335227966309,320,1.7384383044391871,2.8885305168479682,eid,0.15,0
gelernt_a,1,rand_gmm_complex_20,5,0.07431376725435257,0.21801866813227397,0.04828391596674919,0.08677646517753601,2480.98876953125,7.053150177001953,320,1.7384383044391871,2.8885305168479682,eid,0.15,0
gelernt_a,1,rand_gmm_complex_30,5,0.07185107469558716,0.2178703966273186,0.1558988392353058,0.13495218753814697,2609.29052734375,7.027403831481934,320,1.7384383044391871,2.8885305168479682,eid,0.15,0
gelernt_a,1,rand_ana_poly_complex_0,5,0.03940406069159508,0.1716043263813021,0.026225252076983452,0.30165383219718933,3220.55078125,7.030862808227539,320,1.7384383044391871,2.8885305168479682,eid,0.15,0
gelernt_a,1,rand_ana_poly_complex_10,5,0.03679748624563217,0.12925363570708578,0.10824385285377502,0.2515542507171631,2644.176513671875,7.032111644744873,320,1.7384383044391871,2.8885305168479682,ucb,0.15,0
gelernt_a,1,rand_ana_poly_complex_20,5,0.041305240243673325,0.18134778948448238,0.10862718522548676,0.2071399688720703,2731.358642578125,7.025119781494141,320,1.7384383044391871,2.8885305168479682,eid,0.15,25
gelernt_a,1,rand_ana_poly_complex_30,5,0.08198366314172745,0.36690013980246267,0.1294156014919281,0.3088373839855194,2469.65234375,7.012151718139648,320,1.7384383044391871,2.8885305168479682,eid,0.15,25
gelernt_a,1,organic_0,5,0.07221918553113937,0.22648667076035034,0.0767168328166008,0.3866751790046692,2557.83935546875,7.030399322509766,320,1.7384383044391871,2.8885305168479682,eid,0.15,0
gelernt_a,1,organic_10,5,0.06159849837422371,0.2198147646334456,0.05097749084234238,0.31240206956863403,2611.2333984375,7.000818252563477,320,1.7384383044391871,2.8885305168479682,eid,0.15,0
gelernt_a,1,organic_20,5,0.04443124309182167,0.1760700797512546,0.07705782353878021,0.11410156637430191,2834.44970703125,6.996587753295898,320,1.7384383044391871,2.8885305168479682,eid,0.15,0
gelernt_a,1,organic_30,5,0.021111423149704933,0.12499475057975215,0.11999256908893585,0.1872200220823288,2228.43896484375,7.006744384765625,320,1.7384383044391871,2.8885305168479682,eid,0.15,25
gelernt_a,1,cjk_0,5,0.06478558480739594,0.21118021322382519,0.13976460695266724,0.279669851064682,2397.5400390625,7.027127742767334,320,1.7384383044391871,2.8885305168479682,eid,0.15,0
gelernt_a,1,cjk_10,5,0.04116934537887573,0.13062827554362572,0.0962279811501503,0.19739079475402832,2679.58935546875,7.010584831237793,320,1.7384383044391871,2.8885305168479682,eid,0.15,25
gelernt_a,1,cjk_20,5,0.04773818328976631,0.16047384600927622,0.01785162091255188,0.2170432060956955,2180.392578125,7.010305404663086,320,1.7384383044391871,2.8885305168479682,eid,0.15,0
gelernt_a,1,A,6,0.024341892451047897,0.09763275830722214,0.005866155959665775,0.20610852539539337,2781.49462890625,8.410008430480957,384,1.7384383044391871,2.8885305168479682,eid,0.15,0
gelernt_a,1,greek_upper_0,6,0.046697501093149185,0.18729874215603176,0.10850066691637039,0.17279715836048126,2887.66015625,8.43150520324707,384,1.7384383044391871,2.8885305168479682,eid,0.15,0
gelernt_a,1,korean_5,6,0.04314710199832916,0.14118092476079402,0.04628350958228111,0.180144265294075,2671.169677734375,8.448286056518555,384,1.7384383044391871,2.8885305168479682,eid,0.15,0
gelernt_a,1,digit_5,6,0.02958444133400917,0.10843606489544112,0.014902366325259209,0.14068669080734253,2834.68505859375,8.370750427246094,384,1.7384383044391871,2.8885305168479682,niveau,0.9,0
gelernt_a,1,a_lc,6,0.02851828746497631,0.13279853060698835,0.04945344105362892,0.19301758706569672,2527.056884765625,8.401945114135742,384,1.7384383044391871,2.8885305168479682,eid,0.15,0
gelernt_a,1,rand_gmm_10,6,0.16012977063655853,0.4761925166960092,0.19688788056373596,0.22342649102210999,1493.397216796875,8.429311752319336,384,1.7384383044391871,2.8885305168479682,eid,0.15,0
gelernt_a,1,rand_gmm_20,6,0.04597963020205498,0.15066300661695609,0.07779449224472046,0.05173199996352196,2966.2412109375,8.446646690368652,384,1.7384383044391871,2.8885305168479682,eid,0.15,0
gelernt_a,1,rand_ana_poly_10,6,0.032050952315330505,0.1012166307694552,0.04935452342033386,0.23674504458904266,2628.740478515625,8.438241958618164,384,1.7384383044391871,2.8885305168479682,eid,2.4662,0
gelernt_a,1,rand_ana_poly_20,6,0.026852501556277275,0.11300217809579596,0.04182667285203934,0.19263586401939392,2906.448974609375,8.41360092163086,384,1.7384383044391871,2.8885305168479682,eid,0.15,0
gelernt_a,1,rand_ana_poly_30,6,0.03241010010242462,0.11634828144087092,0.07907793670892715,0.1822405457496643,3231.210205078125,8.40524673461914,384,1.7384383044391871,2.8885305168479682,eid,0.15,25
gelernt_a,1,rand_gmm_complex_0,6,0.058416370302438736,0.18848650851759088,0.015919430181384087,0.0980706736445427,2702.440673828125,8.435401916503906,384,1.7384383044391871,2.8885305168479682,eid,0.15,0
gelernt_a,1,rand_gmm_complex_10,6,0.07387088984251022,0.21575214912557864,0.08675997704267502,0.07816251367330551,2060.5859375,8.424955368041992,384,1.7384383044391871,2.8885305168479682,eid,0.15,0
gelernt_a,1,rand_gmm_complex_20,6,0.06085168197751045,0.17852415707761726,0.10100102424621582,0.07353493571281433,2747.3857421875,8.463130950927734,384,1.7384383044391871,2.8885305168479682,eid,0.15,0
gelernt_a,1,rand_gmm_complex_30,6,0.06720586121082306,0.20378494962973487,0.09488870203495026,0.13135020434856415,2774.973388671875,8.432748794555664,384,1.7384383044391871,2.8885305168479682,eid,0.15,0
gelernt_a,1,rand_ana_poly_complex_0,6,0.03496791794896126,0.15228496503326325,0.03246232122182846,0.22082163393497467,3551.03857421875,8.438434600830078,384,1.7384383044391871,2.8885305168479682,eid,0.15,25
gelernt_a,1,rand_ana_poly_complex_10,6,0.02831677533686161,0.09946457046979795,0.018603136762976646,0.1860526204109192,3194.29736328125,8.443832397460938,384,1.7384383044391871,2.8885305168479682,niveau,0.6067,25
gelernt_a,1,rand_ana_poly_complex_20,6,0.03192438930273056,0.14016181473678757,0.05592580884695053,0.16321824491024017,2829.67724609375,8.432942390441895,384,1.7384383044391871,2.8885305168479682,eid,0.15,25
gelernt_a,1,rand_ana_poly_complex_30,6,0.05613240972161293,0.2512084503799954,0.0697295293211937,0.32915225625038147,2595.52685546875,8.41942310333252,384,1.7384383044391871,2.8885305168479682,eid,0.15,25
gelernt_a,1,organic_0,6,0.06687117367982864,0.20971476464590103,0.05918149650096893,0.41762465238571167,2699.081298828125,8.442956924438477,384,1.7384383044391871,2.8885305168479682,eid,0.15,0
gelernt_a,1,organic_10,6,0.06076906993985176,0.21685494222066337,0.03496947139501572,0.30117183923721313,2656.83203125,8.411287307739258,384,1.7384383044391871,2.8885305168479682,eid,0.15,0
gelernt_a,1,organic_20,6,0.03720046952366829,0.14741630393460703,0.031266044825315475,0.13572891056537628,2888.6318359375,8.387140274047852,384,1.7384383044391871,2.8885305168479682,niveau,0.6067,25
gelernt_a,1,organic_30,6,0.01850460097193718,0.10956049559820673,0.038491010665893555,0.21582235395908356,2428.297607421875,8.404033660888672,384,1.7384383044391871,2.8885305168479682,eid,0.15,25
gelernt_a,1,cjk_0,6,0.0642712190747261,0.20950354602350313,0.08627752959728241,0.26331827044487,2636.268798828125,8.439606666564941,384,1.7384383044391871,2.8885305168479682,eid,0.15,0
gelernt_a,1,cjk_10,6,0.037330783903598785,0.11844871180587174,0.060149867087602615,0.1983305662870407,2807.133056640625,8.398157119750977,384,1.7384383044391871,2.8885305168479682,eid,0.15,25
gelernt_a,1,cjk_20,6,0.04273717850446701,0.14366276488923257,0.02153291366994381,0.16731512546539307,2529.292236328125,8.422340393066406,384,1.7384383044391871,2.8885305168479682,eid,0.15,0
gelernt_a,1,A,7,0.022162510082125664,0.08889148593031433,0.07190201431512833,0.18265776336193085,3094.30908203125,9.819625854492188,448,1.7384383044391871,2.8885305168479682,eid,0.15,0
gelernt_a,1,greek_upper_0,7,0.03322111815214157,0.13324639428780646,0.07166311889886856,0.16809602081775665,2988.828125,9.837446212768555,448,1.7384383044391871,2.8885305168479682,eid,0.15,0
gelernt_a,1,korean_5,7,0.03069651685655117,0.10044156932975516,0.24947598576545715,0.17941580712795258,2868.827392578125,9.852193832397461,448,1.7384383044391871,2.8885305168479682,eid,0.15,0
gelernt_a,1,digit_5,7,0.02512000873684883,0.09207254809411178,0.01640780083835125,0.14356817305088043,3082.097900390625,9.77673053741455,448,1.7384383044391871,2.8885305168479682,eid,0.15,0
gelernt_a,1,a_lc,7,0.02749474160373211,0.12803227714422252,0.08615149557590485,0.18775689601898193,2708.3603515625,9.815373420715332,448,1.7384383044391871,2.8885305168479682,eid,0.15,0
gelernt_a,1,rand_gmm_10,7,0.07676991820335388,0.228297713850941,0.2275349348783493,0.08542759716510773,2202.306640625,9.840438842773438,448,1.7384383044391871,2.8885305168479682,eid,0.15,0
gelernt_a,1,rand_gmm_20,7,0.04493200033903122,0.14723020247539917,0.11077170819044113,0.05282595008611679,2997.2548828125,9.857893943786621,448,1.7384383044391871,2.8885305168479682,eid,0.15,0
gelernt_a,1,rand_ana_poly_10,7,0.025685438886284828,0.08111439430337841,0.03565781190991402,0.27900248765945435,2972.6494140625,9.83802604675293,448,1.7384383044391871,2.8885305168479682,eid,0.15,0
gelernt_a,1,rand_ana_poly_20,7,0.02143178880214691,0.090190435705069,0.06333372741937637,0.1925773024559021,3183.623046875,9.817837715148926,448,1.7384383044391871,2.8885305168479682,niveau,0.6067,25
gelernt_a,1,rand_ana_poly_30,7,0.024160509929060936,0.08673326525057672,0.012291017919778824,0.2042424976825714,3268.08837890625,9.812174797058105,448,1.7384383044391871,2.8885305168479682,eid,0.15,25
gelernt_a,1,rand_gmm_complex_0,7,0.04709605127573013,0.15196031906756818,0.013763942755758762,0.07466933876276016,2905.038330078125,9.831130981445312,448,1.7384383044391871,2.8885305168479682,mass,0.05,25
gelernt_a,1,rand_gmm_complex_10,7,0.07146444916725159,0.20872374120282094,0.29691195487976074,0.08255017548799515,2120.7294921875,9.834280967712402,448,1.7384383044391871,2.8885305168479682,eid,0.15,0
gelernt_a,1,rand_gmm_complex_20,7,0.05416453629732132,0.15890568463749302,0.024237148463726044,0.05996491387486458,2930.1025390625,9.87460708618164,448,1.7384383044391871,2.8885305168479682,eid,0.15,0
gelernt_a,1,rand_gmm_complex_30,7,0.06652354449033737,0.20171599498782472,0.10553622990846634,0.13158874213695526,2787.696044921875,9.838807106018066,448,1.7384383044391871,2.8885305168479682,eid,0.15,0
gelernt_a,1,rand_ana_poly_complex_0,7,0.02676478773355484,0.11656040745909461,0.0184865090996027,0.20810846984386444,3577.2431640625,9.848759651184082,448,1.7384383044391871,2.8885305168479682,eid,0.15,0
gelernt_a,1,rand_ana_poly_complex_10,7,0.026123587042093277,0.09176084965048031,0.0753495916724205,0.16794328391551971,3336.1513671875,9.856100082397461,448,1.7384383044391871,2.8885305168479682,niveau,0.02,0
gelernt_a,1,rand_ana_poly_complex_20,7,0.027160268276929855,0.11924527214391802,0.036125991493463516,0.1390121877193451,3262.42724609375,9.836216926574707,448,1.7384383044391871,2.8885305168479682,niveau,0.3133,25
gelernt_a,1,rand_ana_poly_complex_30,7,0.054678063839673996,0.24469984016478605,0.1159597709774971,0.3166459798812866,2671.07373046875,9.821985244750977,448,1.7384383044391871,2.8885305168479682,eid,0.15,0
gelernt_a,1,organic_0,7,0.06390080600976944,0.2003993911813829,0.07289749383926392,0.4159592092037201,2743.85205078125,9.855324745178223,448,1.7384383044391871,2.8885305168479682,eid,0.15,0
gelernt_a,1,organic_10,7,0.05650630593299866,0.20164323265654777,0.06026262417435646,0.3140699863433838,2754.261962890625,9.812535285949707,448,1.7384383044391871,2.8885305168479682,eid,0.15,0
gelernt_a,1,organic_20,7,0.03463694080710411,0.13725767063602243,0.028577640652656555,0.12589401006698608,2899.4677734375,9.798721313476562,448,1.7384383044391871,2.8885305168479682,eid,0.15,0
gelernt_a,1,organic_30,7,0.01662496291100979,0.09843169158817901,0.03703562170267105,0.23127461969852448,2510.8037109375,9.791024208068848,448,1.7384383044391871,2.8885305168479682,eid,0.15,25
gelernt_a,1,cjk_0,7,0.06326901167631149,0.20623667156800649,0.1194334402680397,0.2601343095302582,2649.484619140625,9.852302551269531,448,1.7384383044391871,2.8885305168479682,eid,0.15,0
gelernt_a,1,cjk_10,7,0.03564394265413284,0.11309644881733626,0.12115669250488281,0.2030547857284546,2845.548828125,9.806595802307129,448,1.7384383044391871,2.8885305168479682,mass,0.05,0
gelernt_a,1,cjk_20,7,0.03295418247580528,0.11077682558392668,0.011262602172791958,0.1352507770061493,3053.303955078125,9.8325777053833,448,1.7384383044391871,2.8885305168479682,niveau,0.6067,25
gelernt_a,1,A,8,0.018658647313714027,0.07483786263467444,0.005116337910294533,0.1736575961112976,3185.142578125,11.232263565063477,512,1.7384383044391871,2.8885305168479682,eid,0.15,0
gelernt_a,1,greek_upper_0,8,0.027665773406624794,0.11096449357104496,0.04670186713337898,0.19946520030498505,3088.754150390625,11.249349594116211,512,1.7384383044391871,2.8885305168479682,eid,0.15,0
gelernt_a,1,korean_5,8,0.029443373903632164,0.0963411808272451,0.039542388170957565,0.1790662705898285,2888.282470703125,11.264890670776367,512,1.7384383044391871,2.8885305168479682,eid,0.15,0
gelernt_a,1,digit_5,8,0.022666307166218758,0.08307897813810168,0.050183214247226715,0.21999043226242065,3145.587890625,11.182000160217285,512,1.7384383044391871,2.8885305168479682,mass,0.05,25
gelernt_a,1,a_lc,8,0.02562323771417141,0.11931741420358659,0.031883355230093,0.18425728380680084,2934.7890625,11.228830337524414,512,1.7384383044391871,2.8885305168479682,eid,0.15,0
gelernt_a,1,rand_gmm_10,8,0.0613543838262558,0.18245513203706157,0.12401648610830307,0.07082374393939972,2550.299072265625,11.252466201782227,512,1.7384383044391871,2.8885305168479682,eid,0.15,0
gelernt_a,1,rand_gmm_20,8,0.04117380455136299,0.13491559545622467,0.11858205497264862,0.04813477396965027,3207.21826171875,11.268770217895508,512,1.7384383044391871,2.8885305168479682,niveau,0.3133,25
gelernt_a,1,rand_ana_poly_10,8,0.019945168867707253,0.06298667113087746,0.1133372038602829,0.19378860294818878,3045.369873046875,11.22618293762207,512,1.7384383044391871,2.8885305168479682,eid,0.15,25
gelernt_a,1,rand_ana_poly_20,8,0.017210645601153374,0.07242678806997473,0.05783649533987045,0.20010636746883392,3223.5361328125,11.226705551147461,512,1.7384383044391871,2.8885305168479682,eid,0.15,25
gelernt_a,1,rand_ana_poly_30,8,0.023196887224912643,0.08327397801509326,0.01664205826818943,0.1666700690984726,3529.03173828125,11.22358512878418,512,1.7384383044391871,2.8885305168479682,mass,0.05,0
gelernt_a,1,rand_gmm_complex_0,8,0.0429728701710701,0.1386564454037396,0.008772854693233967,0.07744965702295303,3003.462158203125,11.240760803222656,512,1.7384383044391871,2.8885305168479682,eid,0.15,0
gelernt_a,1,rand_gmm_complex_10,8,0.07026885449886322,0.20523180926944615,0.2130807340145111,0.08323632180690765,2146.173828125,11.2423095703125,512,1.7384383044391871,2.8885305168479682,eid,0.15,0
gelernt_a,1,rand_gmm_complex_20,8,0.04006703197956085,0.1175470073842267,0.11610855162143707,0.05005769804120064,3218.6015625,11.281536102294922,512,1.7384383044391871,2.8885305168479682,eid,10.0,0
gelernt_a,1,rand_gmm_complex_30,8,0.06359761953353882,0.19284386004008366,0.07272003591060638,0.13086852431297302,2898.173095703125,11.247868537902832,512,1.7384383044391871,2.8885305168479682,eid,0.15,0
gelernt_a,1,rand_ana_poly_complex_0,8,0.023414209485054016,0.10196866962217495,0.04454733058810234,0.19033628702163696,3587.27392578125,11.256369590759277,512,1.7384383044391871,2.8885305168479682,niveau,0.3133,100
gelernt_a,1,rand_ana_poly_complex_10,8,0.02293378859758377,0.0805564689117118,0.01492635253816843,0.16043253242969513,3420.290283203125,11.265035629272461,512,1.7384383044391871,2.8885305168479682,niveau,0.3133,25
gelernt_a,1,rand_ana_poly_complex_20,8,0.02584289014339447,0.1134614149136377,0.05840172618627548,0.13810032606124878,3304.704345703125,11.244597434997559,512,1.7384383044391871,2.8885305168479682,eid,0.15,0
gelernt_a,1,rand_ana_poly_complex_30,8,0.04001544043421745,0.179080442699796,0.03358248248696327,0.2775518596172333,2833.089599609375,11.22315502166748,512,1.7384383044391871,2.8885305168479682,eid,0.15,0
gelernt_a,1,organic_0,8,0.06272339075803757,0.19670689785698464,0.07028985023498535,0.37083378434181213,2831.470703125,11.26810359954834,512,1.7384383044391871,2.8885305168479682,eid,0.15,0
gelernt_a,1,organic_10,8,0.0399005226790905,0.14238535407424643,0.039041001349687576,0.27756837010383606,2944.03369140625,11.219749450683594,512,1.7384383044391871,2.8885305168479682,eid,0.15,0
gelernt_a,1,organic_20,8,0.033125489950180054,0.13126816292927757,0.03456215560436249,0.11738955229520798,3107.76318359375,11.212371826171875,512,1.7384383044391871,2.8885305168479682,niveau,0.3133,0
gelernt_a,1,organic_30,8,0.016327673569321632,0.09667152568885407,0.05220842733979225,0.23094356060028076,2608.643310546875,11.203052520751953,512,1.7384383044391871,2.8885305168479682,eid,0.15,0
gelernt_a,1,cjk_0,8,0.06262926012277603,0.204151286834851,0.12347982078790665,0.24036119878292084,2662.999267578125,11.264612197875977,512,1.7384383044391871,2.8885305168479682,eid,0.15,0
gelernt_a,1,cjk_10,8,0.02616923674941063,0.08303368045833474,0.05894613265991211,0.21617498993873596,3208.39404296875,11.212905883789062,512,1.7384383044391871,2.8885305168479682,eid,0.15,0
gelernt_a,1,cjk_20,8,0.027913574129343033,0.09383261548122139,0.007651208434253931,0.14057958126068115,3321.544189453125,11.242021560668945,512,1.7384383044391871,2.8885305168479682,mass,0.05,25
gelernt_a,2,A,1,0.1459456980228424,0.5853727720512375,0.07593011856079102,0.24437575042247772,1088.120849609375,1.4085575342178345,64,1.7370364838466048,3.5340916104987263,niveau,0.3133,0
gelernt_a,2,greek_upper_0,1,0.14489233493804932,0.5811478440316034,0.1375790685415268,0.3213111162185669,1101.17822265625,1.4113820791244507,64,1.7370364838466048,3.5340916104987263,niveau,0.3133,0
gelernt_a,2,korean_5,1,0.17954963445663452,0.587501413977509,0.2619668245315552,0.23775504529476166,1167.55029296875,1.4118945598602295,64,1.7370364838466048,3.5340916104987263,niveau,0.3133,0
gelernt_a,2,digit_5,1,0.1593431830406189,0.5840417110386983,0.18382394313812256,0.2886248528957367,1226.416259765625,1.412224292755127,64,1.7370364838466048,3.5340916104987263,niveau,0.3133,0
gelernt_a,2,a_lc,1,0.1884213089942932,0.8774044724886582,0.4249063730239868,0.2139047086238861,1077.947509765625,1.4127235412597656,64,1.7370364838466048,3.5340916104987263,niveau,0.3133,0
gelernt_a,2,rand_gmm_10,1,0.20433945953845978,0.6076629043500688,0.17843438684940338,0.22398827970027924,1149.829345703125,1.4109058380126953,64,1.7370364838466048,3.5340916104987263,niveau,0.3133,0
gelernt_a,2,rand_gmm_20,1,0.2642046809196472,0.8657283978732071,0.35902270674705505,0.28705522418022156,1150.60302734375,1.4109066724777222,64,1.7370364838466048,3.5340916104987263,niveau,0.3133,0
gelernt_a,2,rand_ana_poly_10,1,0.12618117034435272,0.3984790468360965,0.20448456704616547,0.3116540312767029,1091.52197265625,1.4097988605499268,64,1.7370364838466048,3.5340916104987263,niveau,0.3133,0
gelernt_a,2,rand_ana_poly_20,1,0.10468277335166931,0.4405318205849555,0.13973738253116608,0.3577747344970703,1229.4453125,1.4122575521469116,64,1.7370364838466048,3.5340916104987263,niveau,0.3133,0
gelernt_a,2,rand_ana_poly_30,1,0.1994222104549408,0.7159012589978472,0.24004794657230377,0.34935078024864197,1013.125732421875,1.4071213006973267,64,1.7370364838466048,3.5340916104987263,niveau,0.3133,0
gelernt_a,2,rand_gmm_complex_0,1,0.16555213928222656,0.5341712357233207,0.08167825639247894,0.14981092512607574,1121.6240234375,1.411055088043213,64,1.7370364838466048,3.5340916104987263,niveau,0.3133,0
gelernt_a,2,rand_gmm_complex_10,1,0.25648733973503113,0.7491136886168981,0.3812454044818878,0.2287561148405075,1057.5830078125,1.398578405380249,64,1.7370364838466048,3.5340916104987263,niveau,0.3133,0
gelernt_a,2,rand_gmm_complex_20,1,0.17408935725688934,0.5107361826408771,0.1568356454372406,0.2012663632631302,1149.631103515625,1.4112693071365356,64,1.7370364838466048,3.5340916104987263,niveau,0.3133,0
gelernt_a,2,rand_gmm_complex_30,1,0.13831035792827606,0.4193915354386566,0.05538417026400566,0.16801756620407104,1198.533447265625,1.4086575508117676,64,1.7370364838466048,3.5340916104987263,niveau,0.3133,0
gelernt_a,2,rand_ana_poly_complex_0,1,0.19211794435977936,0.8366719025649195,0.1682097464799881,0.5664945840835571,1055.57177734375,1.406900405883789,64,1.7370364838466048,3.5340916104987263,niveau,0.3133,0
gelernt_a,2,rand_ana_poly_complex_10,1,0.1979253888130188,0.6952261883339347,0.2692826986312866,0.3988513946533203,1206.4140625,1.4121816158294678,64,1.7370364838466048,3.5340916104987263,niveau,0.3133,0
gelernt_a,2,rand_ana_poly_complex_20,1,0.20133252441883087,0.8839364700288344,0.3218644857406616,0.300576776266098,1092.21142578125,1.40268075466156,64,1.7370364838466048,3.5340916104987263,niveau,0.3133,0
gelernt_a,2,rand_ana_poly_complex_30,1,0.1330222636461258,0.5953123495376329,0.08597948402166367,0.3658669590950012,1057.627685546875,1.4085049629211426,64,1.7370364838466048,3.5340916104987263,niveau,0.3133,0
gelernt_a,2,organic_0,1,0.18238987028598785,0.5719930818615232,0.11348792910575867,0.4198877811431885,1170.6806640625,1.4111549854278564,64,1.7370364838466048,3.5340916104987263,niveau,0.3133,0
gelernt_a,2,organic_10,1,0.15066704154014587,0.537656617422082,0.1815788745880127,0.36783626675605774,1217.9677734375,1.4127545356750488,64,1.7370364838466048,3.5340916104987263,niveau,0.3133,0
gelernt_a,2,organic_20,1,0.1364600658416748,0.5407576516810899,0.25920119881629944,0.30073413252830505,1083.790283203125,1.411787748336792,64,1.7370364838466048,3.5340916104987263,niveau,0.3133,0
gelernt_a,2,organic_30,1,0.165024071931839,0.9770607393212897,0.34850072860717773,0.2648499608039856,1083.19970703125,1.4085147380828857,64,1.7370364838466048,3.5340916104987263,niveau,0.3133,0
gelernt_a,2,cjk_0,1,0.15150462090969086,0.4938564380212369,0.06290789693593979,0.27017587423324585,1064.916015625,1.4111328125,64,1.7370364838466048,3.5340916104987263,niveau,0.3133,0
gelernt_a,2,cjk_10,1,0.18402652442455292,0.58390696569591,0.2028062343597412,0.2260623723268509,1038.9091796875,1.4108723402023315,64,1.7370364838466048,3.5340916104987263,niveau,0.3133,0
gelernt_a,2,cjk_20,1,0.16392163932323456,0.5510292619783025,0.23619584739208221,0.1887873262166977,1043.259765625,1.4053170680999756,64,1.7370364838466048,3.5340916104987263,niveau,0.3133,0
gelernt_a,2,A,2,0.12097077816724777,0.48520100771914493,0.05775076150894165,0.20760639011859894,1443.85400390625,2.8169617652893066,128,1.7370364838466048,3.5340916104987263,eid,0.15,0
gelernt_a,2,greek_upper_0,2,0.10916327685117722,0.4378423676905428,0.15866541862487793,0.294390469789505,1562.881591796875,2.821413516998291,128,1.7370364838466048,3.5340916104987263,mass,0.05,25
gelernt_a,2,korean_5,2,0.10144750028848648,0.331944701777516,0.06786288321018219,0.2363966405391693,1913.106689453125,2.8162007331848145,128,1.7370364838466048,3.5340916104987263,mass,0.05,25
gelernt_a,2,digit_5,2,0.1193266287446022,0.4373687477217745,0.2081301063299179,0.18224142491817474,1745.44091796875,2.814882516860962,128,1.7370364838466048,3.5340916104987263,eid,0.15,25
gelernt_a,2,a_lc,2,0.11712843179702759,0.5454213775651424,0.21016639471054077,0.30311354994773865,1562.512451171875,2.8227508068084717,128,1.7370364838466048,3.5340916104987263,mass,0.05,25
gelernt_a,2,rand_gmm_10,2,0.11692408472299576,0.3477078243807155,0.0881345123052597,0.1417817324399948,1766.08447265625,2.818727493286133,128,1.7370364838466048,3.5340916104987263,eid,0.15,25
gelernt_a,2,rand_gmm_20,2,0.2152368724346161,0.705273926591523,0.30372175574302673,0.2739248275756836,1627.60693359375,2.8195912837982178,128,1.7370364838466048,3.5340916104987263,mass,0.05,25
gelernt_a,2,rand_ana_poly_10,2,0.06718304008245468,0.21216346070137676,0.060466326773166656,0.3054685890674591,1511.9814453125,2.7914490699768066,128,1.7370364838466048,3.5340916104987263,mass,0.05,25
gelernt_a,2,rand_ana_poly_20,2,0.053542040288448334,0.2253185670469921,0.08609934151172638,0.29850974678993225,1727.20166015625,2.818962812423706,128,1.7370364838466048,3.5340916104987263,eid,0.15,25
gelernt_a,2,rand_ana_poly_30,2,0.13182441890239716,0.47323348409182964,0.17398324608802795,0.38521838188171387,1468.50537109375,2.815605640411377,128,1.7370364838466048,3.5340916104987263,eid,0.15,25
gelernt_a,2,rand_gmm_complex_0,2,0.13173650205135345,0.4250615570160382,0.06609699130058289,0.12677478790283203,1509.14306640625,2.8226442337036133,128,1.7370364838466048,3.5340916104987263,eid,0.15,25
gelernt_a,2,rand_gmm_complex_10,2,0.13546907901763916,0.39565984652995057,0.1277216672897339,0.17556355893611908,1764.92578125,2.795999526977539,128,1.7370364838466048,3.5340916104987263,eid,0.15,25
gelernt_a,2,rand_gmm_complex_20,2,0.1561790257692337,0.45819159015128674,0.255352646112442,0.18951201438903809,1422.78564453125,2.822866678237915,128,1.7370364838466048,3.5340916104987263,eid,0.15,0
gelernt_a,2,rand_gmm_complex_30,2,0.10429642349481583,0.316252794407011,0.03818245604634285,0.13815174996852875,1747.723388671875,2.8152530193328857,128,1.7370364838466048,3.5340916104987263,eid,10.0,25
gelernt_a,2,rand_ana_poly_complex_0,2,0.06251128017902374,0.272236057352392,0.066123366355896,0.4158473610877991,1839.28271484375,2.813807487487793,128,1.7370364838466048,3.5340916104987263,eid,0.15,25
gelernt_a,2,rand_ana_poly_complex_10,2,0.08212104439735413,0.28845567019352997,0.08797313272953033,0.3355477452278137,1944.0205078125,2.8245246410369873,128,1.7370364838466048,3.5340916104987263,niveau,0.9,25
gelernt_a,2,rand_ana_poly_complex_20,2,0.15787610411643982,0.6931440738520737,0.3014492392539978,0.39176875352859497,1477.130859375,2.808694839477539,128,1.7370364838466048,3.5340916104987263,eid,0.15,25
gelernt_a,2,rand_ana_poly_complex_30,2,0.10561208426952362,0.4726440244116813,0.12295536696910858,0.29082661867141724,1492.0048828125,2.8017401695251465,128,1.7370364838466048,3.5340916104987263,eid,0.15,25
gelernt_a,2,organic_0,2,0.14802506566047668,0.4642215785730241,0.14046069979667664,0.4564190208911896,1588.925537109375,2.8154187202453613,128,1.7370364838466048,3.5340916104987263,eid,0.15,25
gelernt_a,2,organic_10,2,0.09712180495262146,0.3465799858746142,0.078605055809021,0.3376292884349823,1790.282470703125,2.811164379119873,128,1.7370364838466048,3.5340916104987263,mass,0.05,25
gelernt_a,2,organic_20,2,0.10164088010787964,0.402777789259651,0.09072025865316391,0.24525246024131775,1514.2021484375,2.8035054206848145,128,1.7370364838466048,3.5340916104987263,mass,0.05,25
gelernt_a,2,organic_30,2,0.11293729394674301,0.6686696954498114,0.26771634817123413,0.2322002351284027,1809.46875,2.820046901702881,128,1.7370364838466048,3.5340916104987263,mass,0.05,25
gelernt_a,2,cjk_0,2,0.10429903864860535,0.3399813907111321,0.032781537622213364,0.297238290309906,1564.43115234375,2.8195691108703613,128,1.7370364838466048,3.5340916104987263,eid,0.15,25
gelernt_a,2,cjk_10,2,0.17442436516284943,0.5534397942043959,0.18586447834968567,0.24595391750335693,1269.08642578125,2.814310073852539,128,1.7370364838466048,3.5340916104987263,mass,0.05,25
gelernt_a,2,cjk_20,2,0.13196556270122528,0.4436076098434951,0.22853711247444153,0.1764441579580307,1369.8232421875,2.8038859367370605,128,1.7370364838466048,3.5340916104987263,eid,0.15,25
gelernt_a,2,A,3,0.08417792618274689,0.3376287664704357,0.050591856241226196,0.2041388750076294,1842.63818359375,4.218841552734375,192,1.7370364838466048,3.5340916104987263,eid,0.15,25
gelernt_a,2,greek_upper_0,3,0.10273683071136475,0.4120665713343445,0.08951182663440704,0.2595043182373047,1878.853271484375,4.225588798522949,192,1.7370364838466048,3.5340916104987263,eid,0.15,25
gelernt_a,2,korean_5,3,0.08461688458919525,0.2768735201994001,0.10775215178728104,0.21897034347057343,2441.55419921875,4.213232517242432,192,1.7370364838466048,3.5340916104987263,eid,0.15,25
gelernt_a,2,digit_5,3,0.10619135200977325,0.3892239237463383,0.19537074863910675,0.19620275497436523,2104.5556640625,4.217848300933838,192,1.7370364838466048,3.5340916104987263,eid,0.15,25
gelernt_a,2,a_lc,3,0.1039448231458664,0.48403045922469434,0.1404559314250946,0.30456751585006714,1659.61474609375,4.213714599609375,192,1.7370364838466048,3.5340916104987263,eid,0.15,100
gelernt_a,2,rand_gmm_10,3,0.08228873461484909,0.24470952200957424,0.07071112841367722,0.10691949725151062,2289.80517578125,4.2262163162231445,192,1.7370364838466048,3.5340916104987263,eid,0.15,0
gelernt_a,2,rand_gmm_20,3,0.10000824928283691,0.327700406837479,0.16593866050243378,0.12563852965831757,2269.174072265625,4.227601051330566,192,1.7370364838466048,3.5340916104987263,eid,0.15,25
gelernt_a,2,rand_ana_poly_10,3,0.050743456929922104,0.16024739900115245,0.029464710503816605,0.2711080014705658,1742.831787109375,4.1856255531311035,192,1.7370364838466048,3.5340916104987263,eid,0.15,25
gelernt_a,2,rand_ana_poly_20,3,0.04870077967643738,0.20494530712034903,0.07814344763755798,0.3247233033180237,2240.3984375,4.226069450378418,192,1.7370364838466048,3.5340916104987263,eid,0.15,25
gelernt_a,2,rand_ana_poly_30,3,0.08026789873838425,0.2881519046089648,0.3033292293548584,0.2458254098892212,1889.14013671875,4.220761299133301,192,1.7370364838466048,3.5340916104987263,eid,0.15,25
gelernt_a,2,rand_gmm_complex_0,3,0.08395131677389145,0.27087767525166595,0.020494863390922546,0.0967259556055069,2214.75634765625,4.221810817718506,192,1.7370364838466048,3.5340916104987263,eid,2.4662,25
gelernt_a,2,rand_gmm_complex_10,3,0.12437218427658081,0.3632495304486368,0.12915383279323578,0.1645568460226059,1949.83349609375,4.189318656921387,192,1.7370364838466048,3.5340916104987263,eid,0.15,25
gelernt_a,2,rand_gmm_complex_20,3,0.14303816854953766,0.41963948473387896,0.1857704520225525,0.17574672400951385,1633.984375,4.228276252746582,192,1.7370364838466048,3.5340916104987263,eid,0.15,25
gelernt_a,2,rand_gmm_complex_30,3,0.08677766472101212,0.2631315441176072,0.042248938232660294,0.1171732172369957,2091.218994140625,4.22480583190918,192,1.7370364838466048,3.5340916104987263,eid,10.0,25
gelernt_a,2,rand_ana_poly_complex_0,3,0.055310677736997604,0.2408774991247365,0.07304181158542633,0.4071742594242096,2314.97119140625,4.222339630126953,192,1.7370364838466048,3.5340916104987263,eid,0.15,25
gelernt_a,2,rand_ana_poly_complex_10,3,0.06216302514076233,0.2183517904554753,0.04465782642364502,0.4343471825122833,2252.759521484375,4.234757423400879,192,1.7370364838466048,3.5340916104987263,eid,0.15,25
gelernt_a,2,rand_ana_poly_complex_20,3,0.13226701319217682,0.5807091381774517,0.3215159475803375,0.299433171749115,1856.976318359375,4.197876930236816,192,1.7370364838466048,3.5340916104987263,eid,2.4662,100
gelernt_a,2,rand_ana_poly_complex_30,3,0.06030890345573425,0.2698994441244954,0.04312620684504509,0.28541916608810425,2146.380859375,4.210410118103027,192,1.7370364838466048,3.5340916104987263,eid,2.4662,25
gelernt_a,2,organic_0,3,0.12979991734027863,0.4070656699761949,0.0990704894065857,0.41579389572143555,1945.02734375,4.218679428100586,192,1.7370364838466048,3.5340916104987263,eid,0.15,25
gelernt_a,2,organic_10,3,0.06384281814098358,0.22782363878319192,0.06598271429538727,0.4117225110530853,2314.65869140625,4.215715408325195,192,1.7370364838466048,3.5340916104987263,eid,0.15,25
gelernt_a,2,organic_20,3,0.07623608410358429,0.30210483601149013,0.055183932185173035,0.2274433821439743,1883.2373046875,4.208741188049316,192,1.7370364838466048,3.5340916104987263,eid,2.4662,25
gelernt_a,2,organic_30,3,0.08207367360591888,0.48593495041944634,0.2029484510421753,0.15236422419548035,2137.9873046875,4.224658966064453,192,1.7370364838466048,3.5340916104987263,mass,0.05,25
gelernt_a,2,cjk_0,3,0.08472081273794174,0.27616265796912,0.0905304104089737,0.2350361943244934,2019.47705078125,4.230359077453613,192,1.7370364838466048,3.5340916104987263,eid,0.15,25
gelernt_a,2,cjk_10,3,0.09504701942205429,0.3015794428695263,0.08213843405246735,0.21692466735839844,1908.04931640625,4.199931621551514,192,1.7370364838466048,3.5340916104987263,eid,0.15,25
gelernt_a,2,cjk_20,3,0.08636017143726349,0.2903032310307667,0.08215279877185822,0.18233081698417664,1906.9365234375,4.205007553100586,192,1.7370364838466048,3.5340916104987263,eid,0.15,25
gelernt_a,2,A,4,0.08220446109771729,0.32971340655904385,0.06425635516643524,0.1761125922203064,2036.1416015625,5.6047468185424805,256,1.7370364838466048,3.5340916104987263,eid,0.15,25
gelernt_a,2,greek_upper_0,4,0.08653642982244492,0.3470884753358994,0.06961335986852646,0.2162880152463913,2175.27978515625,5.637924671173096,256,1.7370364838466048,3.5340916104987263,eid,0.15,0
gelernt_a,2,korean_5,4,0.0683000311255455,0.22348341160592738,0.048504021018743515,0.23284806311130524,2674.7978515625,5.619951248168945,256,1.7370364838466048,3.5340916104987263,eid,0.15,0
gelernt_a,2,digit_5,4,0.08836519718170166,0.3238855906695244,0.1326391100883484,0.19949114322662354,2454.3505859375,5.605363368988037,256,1.7370364838466048,3.5340916104987263,eid,0.15,25
gelernt_a,2,a_lc,4,0.04928534850478172,0.22950262598784626,0.09272036701440811,0.18525266647338867,2031.73876953125,5.615170001983643,256,1.7370364838466048,3.5340916104987263,eid,2.4662,25
gelernt_a,2,rand_gmm_10,4,0.07575062662363052,0.2252665534323255,0.058413609862327576,0.1080920547246933,2392.8125,5.638092994689941,256,1.7370364838466048,3.5340916104987263,eid,0.15,0
gelernt_a,2,rand_gmm_20,4,0.07282453030347824,0.23862659709906256,0.009009364992380142,0.07114406675100327,2492.315185546875,5.638392448425293,256,1.7370364838466048,3.5340916104987263,eid,0.15,0
gelernt_a,2,rand_ana_poly_10,4,0.031532399356365204,0.09957904500084469,0.20801514387130737,0.3337402641773224,1940.54150390625,5.5770697593688965,256,1.7370364838466048,3.5340916104987263,eid,0.15,25
gelernt_a,2,rand_ana_poly_20,4,0.037064578384160995,0.15597720304883245,0.040436387062072754,0.30298683047294617,2618.630859375,5.635852813720703,256,1.7370364838466048,3.5340916104987263,eid,0.15,25
gelernt_a,2,rand_ana_poly_30,4,0.05794743075966835,0.20802416411842228,0.06903772056102753,0.3730047643184662,2084.375,5.629684925079346,256,1.7370364838466048,3.5340916104987263,eid,0.15,0
gelernt_a,2,rand_gmm_complex_0,4,0.0771016925573349,0.2487766486635353,0.021681537851691246,0.12034513801336288,2472.57666015625,5.625905990600586,256,1.7370364838466048,3.5340916104987263,eid,0.15,25
gelernt_a,2,rand_gmm_complex_10,4,0.12082762271165848,0.3528970522671728,0.14019440114498138,0.1637282520532608,2165.986328125,5.595947265625,256,1.7370364838466048,3.5340916104987263,eid,0.15,25
gelernt_a,2,rand_gmm_complex_20,4,0.1297914683818817,0.38077686163720414,0.15321512520313263,0.1760684996843338,1843.004638671875,5.638755798339844,256,1.7370364838466048,3.5340916104987263,eid,0.15,0
gelernt_a,2,rand_gmm_complex_30,4,0.05708368867635727,0.17309199543026685,0.016139782965183258,0.06342002749443054,2792.67236328125,5.634741306304932,256,1.7370364838466048,3.5340916104987263,eid,10.0,25
gelernt_a,2,rand_ana_poly_complex_0,4,0.03937579691410065,0.1714812378870506,0.01286008395254612,0.3236140310764313,2909.690673828125,5.614902019500732,256,1.7370364838466048,3.5340916104987263,niveau,0.6067,25
gelernt_a,2,rand_ana_poly_complex_10,4,0.05699113383889198,0.20018517576374634,0.053794387727975845,0.39907410740852356,2354.7255859375,5.641154766082764,256,1.7370364838466048,3.5340916104987263,eid,0.15,0
gelernt_a,2,rand_ana_poly_complex_20,4,0.06011207774281502,0.26391790377368834,0.14700789749622345,0.28006884455680847,2254.48046875,5.587981224060059,256,1.7370364838466048,3.5340916104987263,eid,0.15,25
gelernt_a,2,rand_ana_poly_complex_30,4,0.05537208542227745,0.24780578354332156,0.06591033190488815,0.2812961935997009,2370.764892578125,5.614314079284668,256,1.7370364838466048,3.5340916104987263,eid,0.15,0
gelernt_a,2,organic_0,4,0.07706999778747559,0.2416993086534678,0.06475730240345001,0.27623605728149414,2446.9423828125,5.619965076446533,256,1.7370364838466048,3.5340916104987263,eid,0.15,25
gelernt_a,2,organic_10,4,0.054827895015478134,0.19565380904184218,0.017672207206487656,0.4074241518974304,2419.22607421875,5.623903274536133,256,1.7370364838466048,3.5340916104987263,eid,0.15,25
gelernt_a,2,organic_20,4,0.07363373786211014,0.29179237841650846,0.1681700050830841,0.20656704902648926,2019.81005859375,5.617526531219482,256,1.7370364838466048,3.5340916104987263,eid,10.0,25
gelernt_a,2,organic_30,4,0.04129748046398163,0.24451067242426608,0.10122044384479523,0.24449749290943146,2289.22705078125,5.631213188171387,256,1.7370364838466048,3.5340916104987263,eid,0.15,25
gelernt_a,2,cjk_0,4,0.056181713938713074,0.183134355646087,0.04165477678179741,0.17101022601127625,2519.67626953125,5.637993812561035,256,1.7370364838466048,3.5340916104987263,eid,0.15,0
gelernt_a,2,cjk_10,4,0.07553853839635849,0.23968000746655865,0.06692562252283096,0.20667880773544312,2224.49951171875,5.608827114105225,256,1.7370364838466048,3.5340916104987263,eid,0.15,0
gelernt_a,2,cjk_20,4,0.07829706370830536,0.26319876624208655,0.07373420894145966,0.18755941092967987,2000.41162109375,5.598702907562256,256,1.7370364838466048,3.5340916104987263,eid,0.15,0
gelernt_a,2,A,5,0.07215750217437744,0.28941611602349226,0.060130417346954346,0.14379476010799408,2302.757568359375,7.015207290649414,320,1.7370364838466048,3.5340916104987263,eid,0.15,25
gelernt_a,2,greek_upper_0,5,0.08300898969173431,0.33294028573160106,0.05632559955120087,0.22495757043361664,2374.83154296875,7.030839920043945,320,1.7370364838466048,3.5340916104987263,eid,0.15,0
gelernt_a,2,korean_5,5,0.038046881556510925,0.1244925771056563,0.025217192247509956,0.14681895077228546,3155.92431640625,7.018719673156738,320,1.7370364838466048,3.5340916104987263,eid,0.15,25
gelernt_a,2,digit_5,5,0.03765053302049637,0.13800076857510915,0.06478894501924515,0.1495491862297058,3093.85107421875,7.0179314613342285,320,1.7370364838466048,3.5340916104987263,eid,0.15,25
gelernt_a,2,a_lc,5,0.030272532254457474,0.14096736369888302,0.1189231425523758,0.16982506215572357,2500.90283203125,7.025054931640625,320,1.7370364838466048,3.5340916104987263,eid,0.15,25
gelernt_a,2,rand_gmm_10,5,0.0737537145614624,0.2193281537410981,0.0940321609377861,0.10587116330862045,2413.3017578125,7.04975700378418,320,1.7370364838466048,3.5340916104987263,eid,0.15,0
gelernt_a,2,rand_gmm_20,5,0.06051087751984596,0.19827803529752866,0.06899885088205338,0.05154503509402275,2648.87158203125,7.047929763793945,320,1.7370364838466048,3.5340916104987263,eid,0.15,0
gelernt_a,2,rand_ana_poly_10,5,0.030145226046442986,0.09519836366126146,0.010164146311581135,0.36475998163223267,2029.359375,6.975547790527344,320,1.7370364838466048,3.5340916104987263,eid,10.0,25
gelernt_a,2,rand_ana_poly_20,5,0.0277263130992651,0.1166794000259736,0.03808696195483208,0.18729084730148315,2869.6337890625,7.0479936599731445,320,1.7370364838466048,3.5340916104987263,mass,0.05,0
gelernt_a,2,rand_ana_poly_30,5,0.05659861862659454,0.20318209411019073,0.1286911964416504,0.36013877391815186,2342.023193359375,7.036393165588379,320,1.7370364838466048,3.5340916104987263,eid,0.15,25
gelernt_a,2,rand_gmm_complex_0,5,0.06553373485803604,0.21145142722078847,0.03689058870077133,0.09969764202833176,2786.456787109375,7.038333892822266,320,1.7370364838466048,3.5340916104987263,eid,0.15,0
gelernt_a,2,rand_gmm_complex_10,5,0.11840522289276123,0.3458220330264037,0.15317074954509735,0.15868079662322998,2220.1171875,7.00716495513916,320,1.7370364838466048,3.5340916104987263,eid,0.15,0
gelernt_a,2,rand_gmm_complex_20,5,0.1225186213850975,0.35944008280937756,0.19125151634216309,0.17385335266590118,2084.00537109375,7.052143096923828,320,1.7370364838466048,3.5340916104987263,eid,0.15,0
gelernt_a,2,rand_gmm_complex_30,5,0.047287970781326294,0.14338893319937168,0.02359960228204727,0.05606113001704216,3049.071044921875,7.046325206756592,320,1.7370364838466048,3.5340916104987263,eid,10.0,0
gelernt_a,2,rand_ana_poly_complex_0,5,0.03295586630702019,0.1435224984092755,0.026591390371322632,0.2782418727874756,3117.03173828125,7.0218963623046875,320,1.7370364838466048,3.5340916104987263,eid,0.15,25
gelernt_a,2,rand_ana_poly_complex_10,5,0.05417109653353691,0.19027960579862344,0.05280280113220215,0.37883076071739197,2420.040771484375,7.0533552169799805,320,1.7370364838466048,3.5340916104987263,eid,0.15,0
gelernt_a,2,rand_ana_poly_complex_20,5,0.03823501616716385,0.167868183840927,0.0813920646905899,0.2983412444591522,2672.17333984375,6.998913764953613,320,1.7370364838466048,3.5340916104987263,eid,0.15,25
gelernt_a,2,rand_ana_poly_complex_30,5,0.04530740901827812,0.20276350270122045,0.07824282348155975,0.25225841999053955,2526.8076171875,7.007822036743164,320,1.7370364838466048,3.5340916104987263,eid,0.15,25
gelernt_a,2,organic_0,5,0.0718328133225441,0.2252749684328388,0.06183411553502083,0.2896314561367035,2537.110107421875,7.023791313171387,320,1.7370364838466048,3.5340916104987263,eid,0.15,0
gelernt_a,2,organic_10,5,0.051096100360155106,0.18233686811843416,0.015940040349960327,0.396351158618927,2446.0517578125,7.0348310470581055,320,1.7370364838466048,3.5340916104987263,eid,0.15,25
gelernt_a,2,organic_20,5,0.06862290948629379,0.2719356989640214,0.15609019994735718,0.2048933506011963,2079.490234375,7.008552551269531,320,1.7370364838466048,3.5340916104987263,eid,0.15,25
gelernt_a,2,organic_30,5,0.023398175835609436,0.13853396485182298,0.06802047044038773,0.2471982091665268,2425.969970703125,7.040127754211426,320,1.7370364838466048,3.5340916104987263,eid,0.15,25
gelernt_a,2,cjk_0,5,0.04665867239236832,0.15209229667146698,0.011235270649194717,0.17152813076972961,2859.704833984375,7.044773101806641,320,1.7370364838466048,3.5340916104987263,eid,0.15,25
gelernt_a,2,cjk_10,5,0.0718814879655838,0.22807636920241248,0.03428753837943077,0.20023679733276367,2540.595947265625,7.011821269989014,320,1.7370364838466048,3.5340916104987263,eid,0.15,0
gelernt_a,2,cjk_20,5,0.061755381524562836,0.2075932283569166,0.059376560151576996,0.1640097200870514,2265.53466796875,7.00871467590332,320,1.7370364838466048,3.5340916104987263,mass,0.05,0
gelernt_a,2,A,6,0.05095794051885605,0.20438691447332796,0.06376127898693085,0.14849227666854858,2510.56005859375,8.42504596710205,384,1.7370364838466048,3.5340916104987263,eid,0.15,0
gelernt_a,2,greek_upper_0,6,0.08029624819755554,0.32205976626567406,0.11602571606636047,0.19953228533267975,2638.02587890625,8.440235137939453,384,1.7370364838466048,3.5340916104987263,eid,0.15,0
gelernt_a,2,korean_5,6,0.033566705882549286,0.10983306776560349,0.011357653886079788,0.14400723576545715,3321.66015625,8.42940616607666,384,1.7370364838466048,3.5340916104987263,eid,0.15,0
gelernt_a,2,digit_5,6,0.030279431492090225,0.11098341730384158,0.049859583377838135,0.13033440709114075,3143.794189453125,8.418627738952637,384,1.7370364838466048,3.5340916104987263,eid,0.15,0
gelernt_a,2,a_lc,6,0.025693072006106377,0.11964260523640483,0.03664796054363251,0.17554830014705658,2579.0009765625,8.421682357788086,384,1.7370364838466048,3.5340916104987263,eid,0.15,25
gelernt_a,2,rand_gmm_10,6,0.06963512301445007,0.20708032208419724,0.16810336709022522,0.10237398743629456,2465.1806640625,8.46275520324707,384,1.7370364838466048,3.5340916104987263,eid,0.15,0
gelernt_a,2,rand_gmm_20,6,0.055459845811128616,0.1817271491679807,0.05047595500946045,0.05568179488182068,2727.42529296875,8.454339981079102,384,1.7370364838466048,3.5340916104987263,eid,0.15,0
gelernt_a,2,rand_ana_poly_10,6,0.026777753606438637,0.08456391476149491,0.00819447822868824,0.4041867256164551,2047.3193359375,8.362297058105469,384,1.7370364838466048,3.5340916104987263,eid,0.15,25
gelernt_a,2,rand_ana_poly_20,6,0.023492371663451195,0.09886189415322309,0.023235347121953964,0.175135999917984,3029.595947265625,8.451520919799805,384,1.7370364838466048,3.5340916104987263,niveau,0.6067,25
gelernt_a,2,rand_ana_poly_30,6,0.040945738554000854,0.14699017584116672,0.04575091600418091,0.248316690325737,2853.80224609375,8.434612274169922,384,1.7370364838466048,3.5340916104987263,eid,0.6082,25
gelernt_a,2,rand_gmm_complex_0,6,0.05071314424276352,0.16363124659712738,0.020757924765348434,0.07680162042379379,3068.466552734375,8.446106910705566,384,1.7370364838466048,3.5340916104987263,eid,10.0,25
gelernt_a,2,rand_gmm_complex_10,6,0.11020781099796295,0.3218801360580456,0.06998399645090103,0.15702110528945923,2506.309326171875,8.419206619262695,384,1.7370364838466048,3.5340916104987263,eid,0.15,0
gelernt_a,2,rand_gmm_complex_20,6,0.07500147819519043,0.22003624615208137,0.014399202540516853,0.10381603986024857,2665.7666015625,8.452219009399414,384,1.7370364838466048,3.5340916104987263,eid,0.6082,0
gelernt_a,2,rand_gmm_complex_30,6,0.04394333064556122,0.13324714929367404,0.012761350721120834,0.05358680337667465,3153.2724609375,8.449499130249023,384,1.7370364838466048,3.5340916104987263,ucb,0.15,100
gelernt_a,2,rand_ana_poly_complex_0,6,0.03192253038287163,0.13902232984601526,0.013254040852189064,0.2507099211215973,3333.655029296875,8.434130668640137,384,1.7370364838466048,3.5340916104987263,eid,0.15,0
gelernt_a,2,rand_ana_poly_complex_10,6,0.05105581134557724,0.17933695786554582,0.06816394627094269,0.3593575060367584,2643.583984375,8.465361595153809,384,1.7370364838466048,3.5340916104987263,eid,0.15,0
gelernt_a,2,rand_ana_poly_complex_20,6,0.03693923354148865,0.16217914018853982,0.11382866650819778,0.3052714169025421,2856.123779296875,8.40507698059082,384,1.7370364838466048,3.5340916104987263,eid,0.15,0
gelernt_a,2,rand_ana_poly_complex_30,6,0.037807561457157135,0.16919955821248106,0.04505281150341034,0.2414727658033371,2560.482666015625,8.413415908813477,384,1.7370364838466048,3.5340916104987263,eid,0.15,0
gelernt_a,2,organic_0,6,0.06867797672748566,0.21538108176058307,0.06529416143894196,0.2784799635410309,2578.32177734375,8.436384201049805,384,1.7370364838466048,3.5340916104987263,eid,0.15,0
gelernt_a,2,organic_10,6,0.042072080075740814,0.15013457508825176,0.02088005840778351,0.39829006791114807,2573.489013671875,8.43857479095459,384,1.7370364838466048,3.5340916104987263,eid,0.15,25
gelernt_a,2,organic_20,6,0.05556732788681984,0.22019964267885514,0.1629704236984253,0.1619306057691574,2158.9130859375,8.403959274291992,384,1.7370364838466048,3.5340916104987263,eid,10.0,25
gelernt_a,2,organic_30,6,0.018963370472192764,0.11227673973065622,0.04376046732068062,0.11968019604682922,2726.84716796875,8.451135635375977,384,1.7370364838466048,3.5340916104987263,eid,0.15,25
gelernt_a,2,cjk_0,6,0.04050496593117714,0.13203318866997793,0.05285113677382469,0.1762867569923401,2956.82568359375,8.44857406616211,384,1.7370364838466048,3.5340916104987263,eid,0.15,25
gelernt_a,2,cjk_10,6,0.06516817212104797,0.2067753535102518,0.033455222845077515,0.1769775152206421,2686.526123046875,8.42180347442627,384,1.7370364838466048,3.5340916104987263,eid,0.15,0
gelernt_a,2,cjk_20,6,0.057043928653001785,0.19175548777928283,0.05051412060856819,0.15325281023979187,2414.0869140625,8.417913436889648,384,1.7370364838466048,3.5340916104987263,eid,0.15,0
gelernt_a,2,A,7,0.041578613221645355,0.16676742383863488,0.07562454044818878,0.11420629918575287,2717.4697265625,9.831941604614258,448,1.7370364838466048,3.5340916104987263,eid,0.15,0
gelernt_a,2,greek_upper_0,7,0.07973231375217438,0.3197978847986624,0.15729579329490662,0.18195559084415436,2659.090576171875,9.848007202148438,448,1.7370364838466048,3.5340916104987263,eid,0.15,0
gelernt_a,2,korean_5,7,0.029992444440722466,0.09813778552594113,0.029917947947978973,0.13061116635799408,3396.91650390625,9.837198257446289,448,1.7370364838466048,3.5340916104987263,eid,0.15,0
gelernt_a,2,digit_5,7,0.02787611074745655,0.10217450855050732,0.032584432512521744,0.10593391209840775,3309.038818359375,9.83120346069336,448,1.7370364838466048,3.5340916104987263,eid,0.15,0
gelernt_a,2,a_lc,7,0.02145693264901638,0.09991655812509553,0.026120468974113464,0.15598268806934357,2874.7666015625,9.822507858276367,448,1.7370364838466048,3.5340916104987263,eid,0.15,0
gelernt_a,2,rand_gmm_10,7,0.041506752371788025,0.12343241855170235,0.052296482026576996,0.03540106490254402,3039.8974609375,9.872899055480957,448,1.7370364838466048,3.5340916104987263,eid,0.15,0
gelernt_a,2,rand_gmm_20,7,0.048832520842552185,0.16001116969608134,0.04570404067635536,0.051357805728912354,2804.04052734375,9.858236312866211,448,1.7370364838466048,3.5340916104987263,eid,0.15,0
gelernt_a,2,rand_ana_poly_10,7,0.025478746742010117,0.08046166229578706,0.18774227797985077,0.36036503314971924,2087.084228515625,9.75425910949707,448,1.7370364838466048,3.5340916104987263,eid,0.15,25
gelernt_a,2,rand_ana_poly_20,7,0.021586157381534576,0.09084005807502961,0.03254454582929611,0.18243466317653656,3090.96630859375,9.852977752685547,448,1.7370364838466048,3.5340916104987263,eid,0.15,0
gelernt_a,2,rand_ana_poly_30,7,0.03255296126008034,0.11686113546246811,0.03208605945110321,0.19564688205718994,3093.903564453125,9.836906433105469,448,1.7370364838466048,3.5340916104987263,eid,0.15,25
gelernt_a,2,rand_gmm_complex_0,7,0.04061223566532135,0.13103961208165701,0.06750279664993286,0.07315665483474731,3251.81982421875,9.856269836425781,448,1.7370364838466048,3.5340916104987263,eid,0.15,0
gelernt_a,2,rand_gmm_complex_10,7,0.0643182247877121,0.18785201119785777,0.05647459998726845,0.06583625078201294,2869.3857421875,9.827316284179688,448,1.7370364838466048,3.5340916104987263,eid,0.6082,25
gelernt_a,2,rand_gmm_complex_20,7,0.050069693475961685,0.14689240350388796,0.0614573135972023,0.07456739991903305,3091.046142578125,9.861907005310059,448,1.7370364838466048,3.5340916104987263,eid,10.0,0
gelernt_a,2,rand_gmm_complex_30,7,0.038830943405628204,0.11774511483704737,0.034298110753297806,0.04322994872927666,3303.6884765625,9.853303909301758,448,1.7370364838466048,3.5340916104987263,niveau,0.3133,100
gelernt_a,2,rand_ana_poly_complex_0,7,0.03061261959373951,0.1333176802580462,0.049234841018915176,0.23547495901584625,3367.151611328125,9.84556770324707,448,1.7370364838466048,3.5340916104987263,eid,0.15,0
gelernt_a,2,rand_ana_poly_complex_10,7,0.046875931322574615,0.16465484925122068,0.06248509883880615,0.34939947724342346,2663.81005859375,9.875680923461914,448,1.7370364838466048,3.5340916104987263,eid,0.15,0
gelernt_a,2,rand_ana_poly_complex_20,7,0.03281839191913605,0.1440868711538922,0.06774871796369553,0.23282477259635925,3355.23779296875,9.817985534667969,448,1.7370364838466048,3.5340916104987263,niveau,0.3133,25
gelernt_a,2,rand_ana_poly_complex_30,7,0.032830849289894104,0.14692736007016532,0.0466175340116024,0.31776735186576843,2756.9287109375,9.822710037231445,448,1.7370364838466048,3.5340916104987263,eid,0.15,0
gelernt_a,2,organic_0,7,0.04447561502456665,0.1394800274033802,0.11266790330410004,0.20114023983478546,3162.478515625,9.836395263671875,448,1.7370364838466048,3.5340916104987263,niveau,0.6067,25
gelernt_a,2,organic_10,7,0.03783266991376877,0.1350062039179494,0.028970802202820778,0.44916319847106934,2647.121826171875,9.842339515686035,448,1.7370364838466048,3.5340916104987263,eid,0.15,25
gelernt_a,2,organic_20,7,0.05163317918777466,0.20460957976383218,0.03844572231173515,0.17389795184135437,2319.448974609375,9.815954208374023,448,1.7370364838466048,3.5340916104987263,eid,10.0,0
gelernt_a,2,organic_30,7,0.016688548028469086,0.09880816103986163,0.05663240700960159,0.11008332669734955,2825.78173828125,9.851119995117188,448,1.7370364838466048,3.5340916104987263,eid,0.15,25
gelernt_a,2,cjk_0,7,0.0368608795106411,0.12015463652627643,0.016015222296118736,0.1529480516910553,3204.266845703125,9.861442565917969,448,1.7370364838466048,3.5340916104987263,eid,0.15,0
gelernt_a,2,cjk_10,7,0.05884847044944763,0.18672325591885053,0.031785257160663605,0.15500453114509583,2842.60107421875,9.823224067687988,448,1.7370364838466048,3.5340916104987263,eid,0.15,25
gelernt_a,2,cjk_20,7,0.05458081141114235,0.18347561892516837,0.07343798875808716,0.1502632051706314,2450.2509765625,9.82925033569336,448,1.7370364838466048,3.5340916104987263,eid,0.15,0
gelernt_a,2,A,8,0.03336186707019806,0.13381092332457906,0.058051612228155136,0.2188117653131485,2785.610107421875,11.242952346801758,512,1.7370364838466048,3.5340916104987263,eid,0.15,0
gelernt_a,2,greek_upper_0,8,0.04375975951552391,0.17551577113214084,0.0794614627957344,0.17707836627960205,2857.939453125,11.252605438232422,512,1.7370364838466048,3.5340916104987263,eid,0.15,0
gelernt_a,2,korean_5,8,0.02729262225329876,0.08930374162827799,0.09805437922477722,0.10721126198768616,3423.36474609375,11.246761322021484,512,1.7370364838466048,3.5340916104987263,eid,0.15,0
gelernt_a,2,digit_5,8,0.023044941946864128,0.0844667909138168,0.013579322025179863,0.09972266852855682,3434.8076171875,11.217745780944824,512,1.7370364838466048,3.5340916104987263,eid,0.15,0
gelernt_a,2,a_lc,8,0.018304169178009033,0.08523536954337045,0.023804819211363792,0.18901412189006805,2939.0400390625,11.232009887695312,512,1.7370364838466048,3.5340916104987263,eid,0.15,25
gelernt_a,2,rand_gmm_10,8,0.038228970021009445,0.11368497795652635,0.18700167536735535,0.030671628192067146,3239.2919921875,11.284150123596191,512,1.7370364838466048,3.5340916104987263,niveau,0.3133,0
gelernt_a,2,rand_gmm_20,8,0.04624981805682182,0.15154834028257436,0.04174601286649704,0.04752867668867111,2861.0302734375,11.269247055053711,512,1.7370364838466048,3.5340916104987263,niveau,0.3133,0
gelernt_a,2,rand_ana_poly_10,8,0.01500347163528204,0.0473808339243001,0.2934122383594513,0.377816379070282,2200.12060546875,11.163970947265625,512,1.7370364838466048,3.5340916104987263,eid,0.15,0
gelernt_a,2,rand_ana_poly_20,8,0.020241862162947655,0.08518292079172221,0.031800322234630585,0.1608193814754486,3268.077880859375,11.264670372009277,512,1.7370364838466048,3.5340916104987263,mass,0.05,0
gelernt_a,2,rand_ana_poly_30,8,0.029429009184241295,0.10564653093551934,0.026256339624524117,0.19735752046108246,3097.531982421875,11.229316711425781,512,1.7370364838466048,3.5340916104987263,niveau,0.3133,100
gelernt_a,2,rand_gmm_complex_0,8,0.03703547269105911,0.11949881347805844,0.06461501866579056,0.07366535067558289,3286.7763671875,11.267960548400879,512,1.7370364838466048,3.5340916104987263,ucb,0.15,25
gelernt_a,2,rand_gmm_complex_10,8,0.04583866521716118,0.1338794016795394,0.08717171102762222,0.045272309333086014,3062.058349609375,11.239587783813477,512,1.7370364838466048,3.5340916104987263,eid,0.15,0
gelernt_a,2,rand_gmm_complex_20,8,0.03843089938163757,0.11274698898836025,0.053904928267002106,0.04071066528558731,3501.094970703125,11.26110553741455,512,1.7370364838466048,3.5340916104987263,niveau,0.3133,100
gelernt_a,2,rand_gmm_complex_30,8,0.03495075926184654,0.10597942779653519,0.012710317969322205,0.03583735600113869,3494.482177734375,11.259160995483398,512,1.7370364838466048,3.5340916104987263,niveau,0.3133,25
gelernt_a,2,rand_ana_poly_complex_0,8,0.0295196995139122,0.12855802323804344,0.06287743151187897,0.2182427942752838,3391.47998046875,11.257820129394531,512,1.7370364838466048,3.5340916104987263,mass,0.05,0
gelernt_a,2,rand_ana_poly_complex_10,8,0.046409714967012405,0.16301723306786858,0.07263226807117462,0.3342563211917877,2746.634765625,11.286792755126953,512,1.7370364838466048,3.5340916104987263,eid,10.0,0
gelernt_a,2,rand_ana_poly_complex_20,8,0.021525569260120392,0.09450651732538633,0.048903465270996094,0.17756251990795135,3447.873046875,11.226332664489746,512,1.7370364838466048,3.5340916104987263,niveau,0.3133,25
gelernt_a,2,rand_ana_poly_complex_30,8,0.031674277037382126,0.14175137128317108,0.02535458654165268,0.2828882336616516,3208.10693359375,11.228734016418457,512,1.7370364838466048,3.5340916104987263,niveau,0.9,0
gelernt_a,2,organic_0,8,0.0431157685816288,0.13521541141053572,0.047637939453125,0.18586452305316925,3264.793701171875,11.242639541625977,512,1.7370364838466048,3.5340916104987263,niveau,0.3133,0
gelernt_a,2,organic_10,8,0.024324588477611542,0.08680250058253125,0.013583604246377945,0.351243793964386,2992.558837890625,11.25375747680664,512,1.7370364838466048,3.5340916104987263,eid,0.15,0
gelernt_a,2,organic_20,8,0.021691221743822098,0.08595697253944014,0.10515835881233215,0.10281244665384293,2897.5439453125,11.226380348205566,512,1.7370364838466048,3.5340916104987263,eid,10.0,0
gelernt_a,2,organic_30,8,0.016003619879484177,0.09475289567284555,0.04198787361383438,0.09828489273786545,2979.76025390625,11.259340286254883,512,1.7370364838466048,3.5340916104987263,eid,0.15,0
gelernt_a,2,cjk_0,8,0.02849295549094677,0.09287788994795305,0.10468431562185287,0.15309776365756989,3481.10205078125,11.267228126525879,512,1.7370364838466048,3.5340916104987263,ucb,0.15,100
gelernt_a,2,cjk_10,8,0.05000593885779381,0.15866634506375463,0.10568802058696747,0.19746077060699463,3120.81201171875,11.232744216918945,512,1.7370364838466048,3.5340916104987263,eid,0.15,25
gelernt_a,2,cjk_20,8,0.05395355820655823,0.18136708174958557,0.057962577790021896,0.14822357892990112,2454.42529296875,11.241477966308594,512,1.7370364838466048,3.5340916104987263,eid,0.15,0
gelernt_a,3,A,1,0.1472831815481186,0.5907372771334034,0.09465106576681137,0.24222202599048615,1052.2685546875,1.4079606533050537,64,1.7391253619641065,3.9839160848781465,niveau,0.3133,0
gelernt_a,3,greek_upper_0,1,0.14006465673446655,0.5617845369188423,0.06375234574079514,0.21950829029083252,1054.1123046875,1.4021543264389038,64,1.7391253619641065,3.9839160848781465,niveau,0.3133,0
gelernt_a,3,korean_5,1,0.2152862697839737,0.7044346722887712,0.2544872760772705,0.23764006793498993,1095.2001953125,1.4113502502441406,64,1.7391253619641065,3.9839160848781465,niveau,0.3133,0
gelernt_a,3,digit_5,1,0.19331473112106323,0.7085578697405011,0.2922201454639435,0.229407399892807,1165.45263671875,1.4122653007507324,64,1.7391253619641065,3.9839160848781465,niveau,0.3133,0
gelernt_a,3,a_lc,1,0.15882113575935364,0.7395680222410821,0.14591142535209656,0.22812095284461975,1094.98876953125,1.4120001792907715,64,1.7391253619641065,3.9839160848781465,niveau,0.3133,0
gelernt_a,3,rand_gmm_10,1,0.206384539604187,0.6137445456305887,0.1493162214756012,0.2081160545349121,1027.49658203125,1.4031703472137451,64,1.7391253619641065,3.9839160848781465,niveau,0.3133,0
gelernt_a,3,rand_gmm_20,1,0.25166136026382446,0.8246272756009717,0.3660300076007843,0.2817337214946747,1146.858642578125,1.4122705459594727,64,1.7391253619641065,3.9839160848781465,niveau,0.3133,0
gelernt_a,3,rand_ana_poly_10,1,0.15476806461811066,0.48875621220969495,0.16222497820854187,0.2693156599998474,908.82275390625,1.41282057762146,64,1.7391253619641065,3.9839160848781465,niveau,0.3133,0
gelernt_a,3,rand_ana_poly_20,1,0.14450299739837646,0.6081054836982378,0.27367958426475525,0.2695358693599701,1069.953125,1.4117411375045776,64,1.7391253619641065,3.9839160848781465,niveau,0.3133,0
gelernt_a,3,rand_ana_poly_30,1,0.2376691848039627,0.8532032025820593,0.4037225842475891,0.3407139182090759,1155.505859375,1.4116038084030151,64,1.7391253619641065,3.9839160848781465,niveau,0.3133,0
gelernt_a,3,rand_gmm_complex_0,1,0.24457097053527832,0.7891337322447218,0.40865787863731384,0.23046362400054932,965.556640625,1.4106032848358154,64,1.7391253619641065,3.9839160848781465,niveau,0.3133,0
gelernt_a,3,rand_gmm_complex_10,1,0.29319265484809875,0.8563176310204544,0.44675469398498535,0.23832109570503235,1186.55126953125,1.4127492904663086,64,1.7391253619641065,3.9839160848781465,niveau,0.3133,0
gelernt_a,3,rand_gmm_complex_20,1,0.19840742647647858,0.5820795320455294,0.11479473859071732,0.2184857279062271,1045.22607421875,1.4110417366027832,64,1.7391253619641065,3.9839160848781465,niveau,0.3133,0
gelernt_a,3,rand_gmm_complex_30,1,0.2553984224796295,0.7744317790565464,0.33336788415908813,0.2767227292060852,999.640380859375,1.3975212574005127,64,1.7391253619641065,3.9839160848781465,niveau,0.3133,0
gelernt_a,3,rand_ana_poly_complex_0,1,0.20738376677036285,0.9031544204944371,0.46292954683303833,0.40928003191947937,1061.141845703125,1.399928331375122,64,1.7391253619641065,3.9839160848781465,niveau,0.3133,0
gelernt_a,3,rand_ana_poly_complex_10,1,0.19697165489196777,0.6918761340402763,0.12857723236083984,0.4009835124015808,1039.49365234375,1.4082860946655273,64,1.7391253619641065,3.9839160848781465,niveau,0.3133,0
gelernt_a,3,rand_ana_poly_complex_20,1,0.18905507028102875,0.8300331600552637,0.1965361088514328,0.28610408306121826,1100.51123046875,1.410768747329712,64,1.7391253619641065,3.9839160848781465,niveau,0.3133,0
gelernt_a,3,rand_ana_poly_complex_30,1,0.14482355117797852,0.6481264576093912,0.19577820599079132,0.3153882920742035,1175.044921875,1.4117779731750488,64,1.7391253619641065,3.9839160848781465,niveau,0.3133,0
gelernt_a,3,organic_0,1,0.1792987734079361,0.562299089389041,0.05000489205121994,0.4186690151691437,1107.782470703125,1.4100403785705566,64,1.7391253619641065,3.9839160848781465,niveau,0.3133,0
gelernt_a,3,organic_10,1,0.15261363983154297,0.5446030699583077,0.16447889804840088,0.4530826210975647,1102.2626953125,1.412808895111084,64,1.7391253619641065,3.9839160848781465,niveau,0.3133,0
gelernt_a,3,organic_20,1,0.16550274193286896,0.6558466282599974,0.15440793335437775,0.288265585899353,1149.6953125,1.4108003377914429,64,1.7391253619641065,3.9839160848781465,niveau,0.3133,0
gelernt_a,3,organic_30,1,0.16937454044818878,1.00281862988367,0.5216034650802612,0.25999847054481506,994.58935546875,1.4062541723251343,64,1.7391253619641065,3.9839160848781465,niveau,0.3133,0
gelernt_a,3,cjk_0,1,0.19022630155086517,0.6200766889998858,0.2022068351507187,0.24438227713108063,1065.419921875,1.4119994640350342,64,1.7391253619641065,3.9839160848781465,niveau,0.3133,0
gelernt_a,3,cjk_10,1,0.13284574449062347,0.4215129086075634,0.06364387273788452,0.2235908806324005,1125.751220703125,1.4034007787704468,64,1.7391253619641065,3.9839160848781465,niveau,0.3133,0
gelernt_a,3,cjk_20,1,0.15160374343395233,0.5096221536244594,0.11637813597917557,0.23732121288776398,1074.177001953125,1.4108785390853882,64,1.7391253619641065,3.9839160848781465,niveau,0.3133,0
gelernt_a,3,A,2,0.10349032282829285,0.4150887485905451,0.057913221418857574,0.22687944769859314,1580.931640625,2.809357166290283,128,1.7391253619641065,3.9839160848781465,eid,10.0,25
gelernt_a,3,greek_upper_0,2,0.08795135468244553,0.3527635894280814,0.03873777389526367,0.18189053237438202,1746.8876953125,2.808847427368164,128,1.7391253619641065,3.9839160848781465,eid,0.15,25
gelernt_a,3,korean_5,2,0.1252000778913498,0.40966512136802813,0.12664738297462463,0.2268085926771164,1806.779296875,2.821971893310547,128,1.7391253619641065,3.9839160848781465,mass,0.05,25
gelernt_a,3,digit_5,2,0.11875488609075546,0.43527313527413475,0.1546262949705124,0.18266527354717255,1656.57080078125,2.813248634338379,128,1.7391253619641065,3.9839160848781465,mass,0.05,25
gelernt_a,3,a_lc,2,0.0941828042268753,0.43857254840898563,0.09501146525144577,0.18609528243541718,1625.322998046875,2.8184731006622314,128,1.7391253619641065,3.9839160848781465,eid,0.15,25
gelernt_a,3,rand_gmm_10,2,0.11510003358125687,0.3422834769885101,0.05616053566336632,0.12393640726804733,1771.305419921875,2.814002513885498,128,1.7391253619641065,3.9839160848781465,eid,0.15,25
gelernt_a,3,rand_gmm_20,2,0.24381610751152039,0.7989204710412592,0.4132479131221771,0.27745768427848816,1495.24951171875,2.819775342941284,128,1.7391253619641065,3.9839160848781465,mass,0.05,25
gelernt_a,3,rand_ana_poly_10,2,0.05989811196923256,0.18915772059844266,0.043753787875175476,0.25971177220344543,1395.73974609375,2.81302809715271,128,1.7391253619641065,3.9839160848781465,eid,0.15,25
gelernt_a,3,rand_ana_poly_20,2,0.10935325920581818,0.46018641675650096,0.17267762124538422,0.3456568717956543,1277.13720703125,2.790404796600342,128,1.7391253619641065,3.9839160848781465,mass,0.05,100
gelernt_a,3,rand_ana_poly_30,2,0.23033885657787323,0.8268882239547883,0.3738733232021332,0.36058422923088074,1361.1025390625,2.782763957977295,128,1.7391253619641065,3.9839160848781465,mass,0.05,25
gelernt_a,3,rand_gmm_complex_0,2,0.1874614804983139,0.604864009142152,0.296237587928772,0.20437310636043549,1460.92626953125,2.818361282348633,128,1.7391253619641065,3.9839160848781465,eid,0.15,25
gelernt_a,3,rand_gmm_complex_10,2,0.2869076728820801,0.8379613018998094,0.31297412514686584,0.23939752578735352,1580.354736328125,2.822265625,128,1.7391253619641065,3.9839160848781465,eid,0.15,25
gelernt_a,3,rand_gmm_complex_20,2,0.11217620968818665,0.32909794155150596,0.22009465098381042,0.11575061082839966,1855.807373046875,2.8084731101989746,128,1.7391253619641065,3.9839160848781465,eid,0.15,25
gelernt_a,3,rand_gmm_complex_30,2,0.23085536062717438,0.7000110881636429,0.3203073740005493,0.25944817066192627,1214.5849609375,2.7915291786193848,128,1.7391253619641065,3.9839160848781465,eid,0.15,25
gelernt_a,3,rand_ana_poly_complex_0,2,0.16615279018878937,0.7235938920072461,0.26843059062957764,0.4283384084701538,1855.392578125,2.8121485710144043,128,1.7391253619641065,3.9839160848781465,ucb,0.15,25
gelernt_a,3,rand_ana_poly_complex_10,2,0.15398405492305756,0.540879309169855,0.1389889121055603,0.36209195852279663,1592.2080078125,2.811105251312256,128,1.7391253619641065,3.9839160848781465,eid,0.15,0
gelernt_a,3,rand_ana_poly_complex_20,2,0.14746922254562378,0.647453382860793,0.19740290939807892,0.24004638195037842,1715.320068359375,2.820282459259033,128,1.7391253619641065,3.9839160848781465,mass,0.05,25
gelernt_a,3,rand_ana_poly_complex_30,2,0.09029576927423477,0.40409917172175763,0.11220455914735794,0.5228687524795532,1559.915771484375,2.8119606971740723,128,1.7391253619641065,3.9839160848781465,mass,0.05,25
gelernt_a,3,organic_0,2,0.1311224400997162,0.4112132351223105,0.09958105534315109,0.3842499554157257,1651.77978515625,2.821258068084717,128,1.7391253619641065,3.9839160848781465,eid,0.15,0
gelernt_a,3,organic_10,2,0.0965210571885109,0.34443621237595223,0.029187195003032684,0.443503201007843,1773.2451171875,2.800150156021118,128,1.7391253619641065,3.9839160848781465,eid,0.15,100
gelernt_a,3,organic_20,2,0.1423768848180771,0.5642045488767401,0.10179172456264496,0.34397080540657043,1466.142578125,2.814995288848877,128,1.7391253619641065,3.9839160848781465,mass,0.05,25
gelernt_a,3,organic_30,2,0.13979291915893555,0.8276742377422729,0.3788504898548126,0.22419236600399017,1466.0205078125,2.8009090423583984,128,1.7391253619641065,3.9839160848781465,mass,0.05,25
gelernt_a,3,cjk_0,2,0.16661560535430908,0.5431133973667992,0.2294733077287674,0.2320718616247177,1423.4189453125,2.8134446144104004,128,1.7391253619641065,3.9839160848781465,eid,0.15,25
gelernt_a,3,cjk_10,2,0.10960036516189575,0.3477564816319915,0.11356617510318756,0.23191241919994354,1545.64501953125,2.802849292755127,128,1.7391253619641065,3.9839160848781465,mass,0.05,25
gelernt_a,3,cjk_20,2,0.0973159596323967,0.32713155893475176,0.08502617478370667,0.20043109357357025,1770.35986328125,2.8138427734375,128,1.7391253619641065,3.9839160848781465,eid,0.15,25
gelernt_a,3,A,3,0.10012132674455643,0.4015760613151868,0.06560122221708298,0.18805497884750366,1876.72119140625,4.210414409637451,192,1.7391253619641065,3.9839160848781465,mass,0.05,25
gelernt_a,3,greek_upper_0,3,0.07902310788631439,0.31695333501557466,0.03983885794878006,0.17488452792167664,2021.3369140625,4.212336540222168,192,1.7391253619641065,3.9839160848781465,eid,0.15,25
gelernt_a,3,korean_5,3,0.103194959461689,0.3376625342767651,0.09449634701013565,0.23320522904396057,2208.22314453125,4.211420059204102,192,1.7391253619641065,3.9839160848781465,eid,0.15,25
gelernt_a,3,digit_5,3,0.08884110301733017,0.32562993174034965,0.1057141125202179,0.21447008848190308,1918.51171875,4.20533561706543,192,1.7391253619641065,3.9839160848781465,eid,0.15,25
gelernt_a,3,a_lc,3,0.043605953454971313,0.20305590059181092,0.06569065153598785,0.17403292655944824,2173.629638671875,4.224770545959473,192,1.7391253619641065,3.9839160848781465,eid,0.15,25
gelernt_a,3,rand_gmm_10,3,0.07436095178127289,0.221133950494466,0.021344497799873352,0.07092197239398956,2344.3017578125,4.215651512145996,192,1.7391253619641065,3.9839160848781465,eid,0.15,25
gelernt_a,3,rand_gmm_20,3,0.2152675986289978,0.7053746081500111,0.32502487301826477,0.27360105514526367,1714.3798828125,4.215391635894775,192,1.7391253619641065,3.9839160848781465,eid,0.15,25
gelernt_a,3,rand_ana_poly_10,3,0.04244285449385643,0.13403416815329905,0.054563358426094055,0.25526750087738037,2318.4375,4.216312885284424,192,1.7391253619641065,3.9839160848781465,eid,0.15,25
gelernt_a,3,rand_ana_poly_20,3,0.07090357691049576,0.2983803430334703,0.07830658555030823,0.3158455193042755,1552.839111328125,4.181328296661377,192,1.7391253619641065,3.9839160848781465,eid,2.4662,25
gelernt_a,3,rand_ana_poly_30,3,0.20358246564865112,0.7308360645249502,0.3182060420513153,0.31569406390190125,1768.24658203125,4.1709675788879395,192,1.7391253619641065,3.9839160848781465,eid,2.4662,25
gelernt_a,3,rand_gmm_complex_0,3,0.143843412399292,0.4641257653638677,0.21972814202308655,0.17368067800998688,1942.496826171875,4.227133750915527,192,1.7391253619641065,3.9839160848781465,mass,0.05,25
gelernt_a,3,rand_gmm_complex_10,3,0.20228596031665802,0.5908095972486179,0.05499519407749176,0.22900760173797607,1971.513671875,4.217782020568848,192,1.7391253619641065,3.9839160848781465,eid,0.15,100
gelernt_a,3,rand_gmm_complex_20,3,0.07428491860628128,0.21793403315732524,0.032084155827760696,0.05828499048948288,2495.85400390625,4.207247734069824,192,1.7391253619641065,3.9839160848781465,eid,10.0,25
gelernt_a,3,rand_gmm_complex_30,3,0.2271067351102829,0.6886443197244424,0.32517245411872864,0.2546224892139435,1325.286865234375,4.200759410858154,192,1.7391253619641065,3.9839160848781465,eid,0.15,25
gelernt_a,3,rand_ana_poly_complex_0,3,0.1257699728012085,0.5477270891055569,0.19754807651042938,0.3404218256473541,2238.184814453125,4.217767715454102,192,1.7391253619641065,3.9839160848781465,eid,0.15,25
gelernt_a,3,rand_ana_poly_complex_10,3,0.13726334273815155,0.4821466874063941,0.132301464676857,0.4201085567474365,1904.414306640625,4.221608638763428,192,1.7391253619641065,3.9839160848781465,eid,0.15,0
gelernt_a,3,rand_ana_poly_complex_20,3,0.08326265215873718,0.3655588934122015,0.0996563509106636,0.28294360637664795,1961.365234375,4.20988655090332,192,1.7391253619641065,3.9839160848781465,eid,0.15,100
gelernt_a,3,rand_ana_poly_complex_30,3,0.07434898614883423,0.3327327953743817,0.10937816649675369,0.34283196926116943,1868.839111328125,4.22110652923584,192,1.7391253619641065,3.9839160848781465,eid,2.4662,25
gelernt_a,3,organic_0,3,0.11178455501794815,0.3505676714884279,0.12004154920578003,0.42422276735305786,1781.63330078125,4.230216979980469,192,1.7391253619641065,3.9839160848781465,eid,10.0,100
gelernt_a,3,organic_10,3,0.0750204548239708,0.26771113022335913,0.03579426556825638,0.4002930819988251,2170.798583984375,4.2056074142456055,192,1.7391253619641065,3.9839160848781465,eid,0.15,25
gelernt_a,3,organic_20,3,0.10383638739585876,0.41147804422416046,0.13980239629745483,0.2642832100391388,1710.884765625,4.208610534667969,192,1.7391253619641065,3.9839160848781465,eid,0.15,25
gelernt_a,3,organic_30,3,0.10598323494195938,0.627496683822125,0.2833503484725952,0.31405824422836304,1683.783935546875,4.198775291442871,192,1.7391253619641065,3.9839160848781465,mass,0.05,25
gelernt_a,3,cjk_0,3,0.13958720862865448,0.45500949893644554,0.1695740818977356,0.2281544804573059,1688.5634765625,4.224278450012207,192,1.7391253619641065,3.9839160848781465,eid,2.4662,25
gelernt_a,3,cjk_10,3,0.04686368256807327,0.1486961228835176,0.08791577070951462,0.2264779806137085,2355.362060546875,4.2022223472595215,192,1.7391253619641065,3.9839160848781465,eid,0.15,25
gelernt_a,3,cjk_20,3,0.0763583779335022,0.25668179510814665,0.1190379336476326,0.25047558546066284,2046.10888671875,4.1988043785095215,192,1.7391253619641065,3.9839160848781465,mass,0.05,25
gelernt_a,3,A,4,0.08709264546632767,0.34931939750578034,0.05419395864009857,0.20278123021125793,1976.9921875,5.623405456542969,256,1.7391253619641065,3.9839160848781465,eid,0.15,25
gelernt_a,3,greek_upper_0,4,0.06479480117559433,0.2598851003660967,0.04891422390937805,0.14635473489761353,2198.4658203125,5.621576309204102,256,1.7391253619641065,3.9839160848781465,eid,0.15,0
gelernt_a,3,korean_5,4,0.08236464858055115,0.26950401569612553,0.07023085653781891,0.2089381366968155,2367.192138671875,5.623486042022705,256,1.7391253619641065,3.9839160848781465,eid,0.15,0
gelernt_a,3,digit_5,4,0.06024651229381561,0.2208219733832259,0.08703524619340897,0.2074504941701889,2229.85888671875,5.614253520965576,256,1.7391253619641065,3.9839160848781465,eid,0.15,25
gelernt_a,3,a_lc,4,0.030613914132118225,0.14255704582074533,0.022087043151259422,0.13648028671741486,2602.90966796875,5.6230340003967285,256,1.7391253619641065,3.9839160848781465,eid,0.15,25
gelernt_a,3,rand_gmm_10,4,0.06557367742061615,0.1950024305649413,0.03201008960604668,0.0685657262802124,2646.94677734375,5.62903356552124,256,1.7391253619641065,3.9839160848781465,eid,0.15,0
gelernt_a,3,rand_gmm_20,4,0.2128944844007492,0.6975985446387949,0.3388633728027344,0.27118122577667236,1823.97314453125,5.60499906539917,256,1.7391253619641065,3.9839160848781465,eid,0.15,25
gelernt_a,3,rand_ana_poly_10,4,0.03316356986761093,0.1047302673961871,0.019945409148931503,0.1784611940383911,2583.410888671875,5.613178253173828,256,1.7391253619641065,3.9839160848781465,eid,0.15,25
gelernt_a,3,rand_ana_poly_20,4,0.04586402326822281,0.19300751234232336,0.06216547638177872,0.2927533984184265,1801.968994140625,5.590010643005371,256,1.7391253619641065,3.9839160848781465,eid,2.4662,25
gelernt_a,3,rand_ana_poly_30,4,0.16410556435585022,0.5891188341704328,0.2930975556373596,0.28337863087654114,2077.029052734375,5.568662643432617,256,1.7391253619641065,3.9839160848781465,eid,0.15,25
gelernt_a,3,rand_gmm_complex_0,4,0.10544031113386154,0.3402141557192973,0.1439456045627594,0.11548332870006561,2272.419677734375,5.633018493652344,256,1.7391253619641065,3.9839160848781465,eid,0.15,25
gelernt_a,3,rand_gmm_complex_10,4,0.15472806990146637,0.4519089140859838,0.22640855610370636,0.20868220925331116,2365.893310546875,5.6190690994262695,256,1.7391253619641065,3.9839160848781465,eid,0.15,25
gelernt_a,3,rand_gmm_complex_20,4,0.061535947024822235,0.18053162567699238,0.10907862335443497,0.05373382940888405,2916.285888671875,5.618302345275879,256,1.7391253619641065,3.9839160848781465,eid,10.0,0
gelernt_a,3,rand_gmm_complex_30,4,0.15046967566013336,0.4562616224649268,0.2104317992925644,0.19441863894462585,1786.43310546875,5.612667083740234,256,1.7391253619641065,3.9839160848781465,eid,0.15,25
gelernt_a,3,rand_ana_poly_complex_0,4,0.1191803514957428,0.519029348177716,0.20481441915035248,0.3057745099067688,2281.9306640625,5.628301620483398,256,1.7391253619641065,3.9839160848781465,eid,0.15,25
gelernt_a,3,rand_ana_poly_complex_10,4,0.11740056425333023,0.4123773472598949,0.12561410665512085,0.30394628643989563,2028.5673828125,5.619046211242676,256,1.7391253619641065,3.9839160848781465,eid,0.15,25
gelernt_a,3,rand_ana_poly_complex_20,4,0.08052026480436325,0.3535186321356172,0.10137772560119629,0.23574165999889374,2217.559814453125,5.613715171813965,256,1.7391253619641065,3.9839160848781465,eid,0.15,25
gelernt_a,3,rand_ana_poly_complex_30,4,0.05653092637658119,0.2529919254141458,0.044219229370355606,0.33658257126808167,2053.520263671875,5.623356819152832,256,1.7391253619641065,3.9839160848781465,eid,2.4662,25
gelernt_a,3,organic_0,4,0.10198663175106049,0.31984039306840284,0.11215036362409592,0.4479217827320099,2058.845947265625,5.642200946807861,256,1.7391253619641065,3.9839160848781465,eid,0.15,0
gelernt_a,3,organic_10,4,0.060008104890584946,0.21413943197912055,0.018250450491905212,0.30066540837287903,2405.37158203125,5.610962867736816,256,1.7391253619641065,3.9839160848781465,eid,0.15,25
gelernt_a,3,organic_20,4,0.07797333598136902,0.3089891375836394,0.05077269300818443,0.23971812427043915,1868.839599609375,5.585720062255859,256,1.7391253619641065,3.9839160848781465,eid,0.15,25
gelernt_a,3,organic_30,4,0.04315834492444992,0.25552832326900365,0.20004902780056,0.20875424146652222,2117.52490234375,5.607231140136719,256,1.7391253619641065,3.9839160848781465,eid,2.4662,25
gelernt_a,3,cjk_0,4,0.1343255490064621,0.43785817732332444,0.18063803017139435,0.2560073733329773,1996.29638671875,5.616352558135986,256,1.7391253619641065,3.9839160848781465,eid,0.15,0
gelernt_a,3,cjk_10,4,0.03986841067671776,0.1265004747449044,0.027587473392486572,0.22137588262557983,2532.97998046875,5.610300064086914,256,1.7391253619641065,3.9839160848781465,eid,0.15,25
gelernt_a,3,cjk_20,4,0.0679427832365036,0.2283924310306465,0.052702393382787704,0.2338583767414093,2204.906494140625,5.603728294372559,256,1.7391253619641065,3.9839160848781465,eid,0.15,25
gelernt_a,3,A,5,0.05787714570760727,0.23213911530282197,0.04434066265821457,0.1935184895992279,2157.9892578125,7.011562824249268,320,1.7391253619641065,3.9839160848781465,eid,0.15,25
gelernt_a,3,greek_upper_0,5,0.056577201932668686,0.2269251781922711,0.08205824345350266,0.1380787044763565,2318.1064453125,7.030149459838867,320,1.7391253619641065,3.9839160848781465,eid,0.15,0
gelernt_a,3,korean_5,5,0.0689307227730751,0.22554708740136287,0.1107243001461029,0.19028891623020172,2578.130859375,7.034743309020996,320,1.7391253619641065,3.9839160848781465,eid,0.15,0
gelernt_a,3,digit_5,5,0.03854173794388771,0.14126730836935256,0.03583775460720062,0.19122818112373352,2654.6298828125,7.014359474182129,320,1.7391253619641065,3.9839160848781465,eid,0.15,25
gelernt_a,3,a_lc,5,0.02997061051428318,0.13956143203125776,0.023210816085338593,0.13933682441711426,2673.5673828125,7.0210280418396,320,1.7391253619641065,3.9839160848781465,eid,0.15,25
gelernt_a,3,rand_gmm_10,5,0.061053574085235596,0.18156058665019406,0.026449065655469894,0.06705251336097717,2735.72900390625,7.037626266479492,320,1.7391253619641065,3.9839160848781465,eid,0.15,0
gelernt_a,3,rand_gmm_20,5,0.21169118583202362,0.6936556555936809,0.3568590581417084,0.27184024453163147,1881.7177734375,7.0164313316345215,320,1.7391253619641065,3.9839160848781465,eid,0.15,0
gelernt_a,3,rand_ana_poly_10,5,0.02661779709160328,0.08405877346828237,0.010168271139264107,0.1707683801651001,2599.353515625,7.007739067077637,320,1.7391253619641065,3.9839160848781465,eid,0.15,25
gelernt_a,3,rand_ana_poly_20,5,0.03184802457690239,0.13402461359869472,0.03841851279139519,0.3464949131011963,2114.582763671875,7.002040863037109,320,1.7391253619641065,3.9839160848781465,eid,2.4662,25
gelernt_a,3,rand_ana_poly_30,5,0.16200140118598938,0.5815651466498513,0.32412993907928467,0.28221067786216736,2163.96728515625,6.978732109069824,320,1.7391253619641065,3.9839160848781465,eid,0.15,25
gelernt_a,3,rand_gmm_complex_0,5,0.07698030024766922,0.24838496372160362,0.11001049727201462,0.09531453996896744,2548.63330078125,7.044580459594727,320,1.7391253619641065,3.9839160848781465,eid,0.15,0
gelernt_a,3,rand_gmm_complex_10,5,0.15199583768844604,0.4439289781040831,0.21557992696762085,0.20035025477409363,2406.06494140625,7.031261444091797,320,1.7391253619641065,3.9839160848781465,mass,0.05,0
gelernt_a,3,rand_gmm_complex_20,5,0.04355766251683235,0.1277876754164775,0.1176031157374382,0.04386202618479729,3403.16552734375,7.028672218322754,320,1.7391253619641065,3.9839160848781465,eid,10.0,25
gelernt_a,3,rand_gmm_complex_30,5,0.14341166615486145,0.4348599755608559,0.22767290472984314,0.18781551718711853,1838.1708984375,7.022167205810547,320,1.7391253619641065,3.9839160848781465,eid,0.15,0
gelernt_a,3,rand_ana_poly_complex_0,5,0.07074148207902908,0.30807851186708063,0.1431557536125183,0.5472128391265869,2510.794189453125,7.034640312194824,320,1.7391253619641065,3.9839160848781465,eid,0.15,25
gelernt_a,3,rand_ana_poly_complex_10,5,0.05628236383199692,0.1976955736300626,0.07229591906070709,0.2760293185710907,2490.110107421875,7.029123306274414,320,1.7391253619641065,3.9839160848781465,eid,0.15,0
gelernt_a,3,rand_ana_poly_complex_20,5,0.06255467981100082,0.2746419785652293,0.12424386292695999,0.21903754770755768,2426.707275390625,7.019059181213379,320,1.7391253619641065,3.9839160848781465,eid,0.15,25
gelernt_a,3,rand_ana_poly_complex_30,5,0.035528067499399185,0.15899817637943897,0.022555630654096603,0.39717110991477966,2369.515625,7.032693862915039,320,1.7391253619641065,3.9839160848781465,eid,0.15,25
gelernt_a,3,organic_0,5,0.07920800149440765,0.24840430453641837,0.11682712286710739,0.4119182229042053,2389.57275390625,7.040759563446045,320,1.7391253619641065,3.9839160848781465,eid,0.15,25
gelernt_a,3,organic_10,5,0.0423457995057106,0.15111134519892686,0.022544976323843002,0.22976617515087128,2640.47265625,7.001053333282471,320,1.7391253619641065,3.9839160848781465,eid,10.0,25
gelernt_a,3,organic_20,5,0.07747965306043625,0.3070327936866021,0.1287432760000229,0.2423827201128006,1985.525390625,6.996509075164795,320,1.7391253619641065,3.9839160848781465,eid,0.15,25
gelernt_a,3,organic_30,5,0.029272718355059624,0.1733154654537418,0.01753411814570427,0.20903675258159637,2464.10693359375,7.010368347167969,320,1.7391253619641065,3.9839160848781465,eid,0.15,25
gelernt_a,3,cjk_0,5,0.08919640630483627,0.2907516565336906,0.1125127300620079,0.20158447325229645,2362.51904296875,7.012449264526367,320,1.7391253619641065,3.9839160848781465,eid,0.6082,25
gelernt_a,3,cjk_10,5,0.037386760115623474,0.11862632152934335,0.03528890386223793,0.20419424772262573,2640.61376953125,7.016218185424805,320,1.7391253619641065,3.9839160848781465,eid,0.15,25
gelernt_a,3,cjk_20,5,0.06051112338900566,0.20341060399458577,0.04832124710083008,0.19493642449378967,2342.28076171875,7.005622386932373,320,1.7391253619641065,3.9839160848781465,eid,0.15,25
gelernt_a,3,A,6,0.04091903939843178,0.16412194293376756,0.19144877791404724,0.17803752422332764,2348.664306640625,8.423426628112793,384,1.7391253619641065,3.9839160848781465,eid,0.15,0
gelernt_a,3,greek_upper_0,6,0.03894707188010216,0.1562125896041549,0.0604611337184906,0.12045584619045258,2519.6533203125,8.44211196899414,384,1.7391253619641065,3.9839160848781465,eid,0.15,25
gelernt_a,3,korean_5,6,0.04915934056043625,0.16085347194863653,0.057104092091321945,0.16840030252933502,2805.82763671875,8.441522598266602,384,1.7391253619641065,3.9839160848781465,eid,0.15,0
gelernt_a,3,digit_5,6,0.029673438519239426,0.10876226691643537,0.022261876612901688,0.1501222848892212,2968.611328125,8.421737670898438,384,1.7391253619641065,3.9839160848781465,eid,0.15,25
gelernt_a,3,a_lc,6,0.027794944122433662,0.12943020306866815,0.024641573429107666,0.1562330424785614,2962.739013671875,8.433698654174805,384,1.7391253619641065,3.9839160848781465,eid,0.15,0
gelernt_a,3,rand_gmm_10,6,0.04023982957005501,0.11966485456270437,0.022958597168326378,0.03443888574838638,3058.26904296875,8.445028305053711,384,1.7391253619641065,3.9839160848781465,eid,10.0,0
gelernt_a,3,rand_gmm_20,6,0.16616392135620117,0.5444749310243435,0.34276914596557617,0.24533584713935852,2266.56884765625,8.421042442321777,384,1.7391253619641065,3.9839160848781465,eid,0.15,25
gelernt_a,3,rand_ana_poly_10,6,0.02154192142188549,0.0680292019148735,0.010695751756429672,0.16099902987480164,2653.888427734375,8.409558296203613,384,1.7391253619641065,3.9839160848781465,eid,0.15,25
gelernt_a,3,rand_ana_poly_20,6,0.02905166707932949,0.12225682774462865,0.032939568161964417,0.3786136507987976,2196.61376953125,8.40985107421875,384,1.7391253619641065,3.9839160848781465,eid,0.15,0
gelernt_a,3,rand_ana_poly_30,6,0.07234103977680206,0.259695453857822,0.040655847638845444,0.26185905933380127,2764.49365234375,8.389634132385254,384,1.7391253619641065,3.9839160848781465,eid,0.15,25
gelernt_a,3,rand_gmm_complex_0,6,0.059604741632938385,0.19232091249970432,0.2274772822856903,0.0753428041934967,2731.257080078125,8.454935073852539,384,1.7391253619641065,3.9839160848781465,eid,0.15,0
gelernt_a,3,rand_gmm_complex_10,6,0.09874967485666275,0.28841475473220207,0.16503821313381195,0.1440000832080841,2673.379638671875,8.441306114196777,384,1.7391253619641065,3.9839160848781465,eid,0.15,0
gelernt_a,3,rand_gmm_complex_20,6,0.04152417182922363,0.12182190423097934,0.018265560269355774,0.04170603305101395,3430.07177734375,8.435800552368164,384,1.7391253619641065,3.9839160848781465,eid,0.15,0
gelernt_a,3,rand_gmm_complex_30,6,0.12341441214084625,0.3742233089285292,0.18219222128391266,0.18495124578475952,2074.90283203125,8.426864624023438,384,1.7391253619641065,3.9839160848781465,eid,0.15,0
gelernt_a,3,rand_ana_poly_complex_0,6,0.030170531943440437,0.13139239255673962,0.23375703394412994,0.4728286862373352,3058.814453125,8.427644729614258,384,1.7391253619641065,3.9839160848781465,eid,2.4662,25
gelernt_a,3,rand_ana_poly_complex_10,6,0.034182511270046234,0.12006836091354878,0.05334428697824478,0.24121007323265076,2868.17236328125,8.43878173828125,384,1.7391253619641065,3.9839160848781465,eid,0.15,0
gelernt_a,3,rand_ana_poly_complex_20,6,0.06186346337199211,0.27160724078062665,0.13337492942810059,0.21764366328716278,2445.320068359375,8.419482231140137,384,1.7391253619641065,3.9839160848781465,eid,0.6082,25
gelernt_a,3,rand_ana_poly_complex_30,6,0.030781622976064682,0.1377564912382721,0.01946777105331421,0.3128437101840973,2588.79736328125,8.440812110900879,384,1.7391253619641065,3.9839160848781465,eid,10.0,25
gelernt_a,3,organic_0,6,0.07481062412261963,0.23461368430595705,0.1083328053355217,0.44768986105918884,2554.4521484375,8.451683044433594,384,1.7391253619641065,3.9839160848781465,eid,0.15,0
gelernt_a,3,organic_10,6,0.037155695259571075,0.13259041411458067,0.014982612803578377,0.19466468691825867,2921.891845703125,8.411070823669434,384,1.7391253619641065,3.9839160848781465,niveau,0.9,25
gelernt_a,3,organic_20,6,0.07344812899827957,0.2910568561762315,0.12091502547264099,0.21309351921081543,2102.1015625,8.399672508239746,384,1.7391253619641065,3.9839160848781465,eid,0.15,25
gelernt_a,3,organic_30,6,0.02529514953494072,0.14976540826152876,0.1055491715669632,0.28730589151382446,2525.78759765625,8.401129722595215,384,1.7391253619641065,3.9839160848781465,eid,0.15,25
gelernt_a,3,cjk_0,6,0.056490279734134674,0.18414018110346983,0.06976775079965591,0.20443637669086456,2650.43408203125,8.422719955444336,384,1.7391253619641065,3.9839160848781465,eid,0.15,25
gelernt_a,3,cjk_10,6,0.03581968694925308,0.11365407668333498,0.03694656491279602,0.20550642907619476,2794.2734375,8.426068305969238,384,1.7391253619641065,3.9839160848781465,eid,0.15,25
gelernt_a,3,cjk_20,6,0.05712445080280304,0.19202616626298444,0.04960152506828308,0.23091869056224823,2408.73828125,8.38941764831543,384,1.7391253619641065,3.9839160848781465,eid,0.15,25
gelernt_a,3,A,7,0.034705713391304016,0.13920094890843376,0.1625659018754959,0.2030932903289795,2620.66015625,9.836685180664062,448,1.7391253619641065,3.9839160848781465,eid,0.15,0
gelernt_a,3,greek_upper_0,7,0.028429728001356125,0.11402863472009866,0.03570811450481415,0.13724596798419952,2846.04443359375,9.85033130645752,448,1.7391253619641065,3.9839160848781465,eid,0.15,0
gelernt_a,3,korean_5,7,0.04803057760000229,0.15716006517948738,0.10708250850439072,0.17669907212257385,2924.678466796875,9.853706359863281,448,1.7391253619641065,3.9839160848781465,eid,0.15,0
gelernt_a,3,digit_5,7,0.025487694889307022,0.093420230784448,0.01876595988869667,0.1509840041399002,3020.2041015625,9.833028793334961,448,1.7391253619641065,3.9839160848781465,eid,0.15,0
gelernt_a,3,a_lc,7,0.024668607860803604,0.11487207568329495,0.028280653059482574,0.13004553318023682,3072.357421875,9.841131210327148,448,1.7391253619641065,3.9839160848781465,eid,0.15,0
gelernt_a,3,rand_gmm_10,7,0.03767378628253937,0.11203397739242257,0.02524600736796856,0.0395565889775753,3420.24951171875,9.85467529296875,448,1.7391253619641065,3.9839160848781465,niveau,0.3133,100
gelernt_a,3,rand_gmm_20,7,0.1393420547246933,0.4565868150907496,0.2963140904903412,0.20551079511642456,2549.10302734375,9.811817169189453,448,1.7391253619641065,3.9839160848781465,eid,0.15,0
gelernt_a,3,rand_ana_poly_10,7,0.020545732229948044,0.06488324504517308,0.01695401221513748,0.1513102650642395,2843.798583984375,9.816293716430664,448,1.7391253619641065,3.9839160848781465,eid,0.15,0
gelernt_a,3,rand_ana_poly_20,7,0.026993999257683754,0.11359763652714433,0.18299932777881622,0.37332451343536377,2256.79931640625,9.816919326782227,448,1.7391253619641065,3.9839160848781465,eid,0.15,0
gelernt_a,3,rand_ana_poly_30,7,0.051839619874954224,0.18609787269826183,0.16960814595222473,0.35023951530456543,3015.939208984375,9.798713684082031,448,1.7391253619641065,3.9839160848781465,eid,0.15,0
gelernt_a,3,rand_gmm_complex_0,7,0.05320402607321739,0.171668336490276,0.07179836183786392,0.07166889309883118,2829.88671875,9.851051330566406,448,1.7391253619641065,3.9839160848781465,eid,0.15,0
gelernt_a,3,rand_gmm_complex_10,7,0.09805551916360855,0.28638735824458034,0.18104711174964905,0.14353471994400024,2688.5615234375,9.850332260131836,448,1.7391253619641065,3.9839160848781465,eid,0.15,0
gelernt_a,3,rand_gmm_complex_20,7,0.03788559511303902,0.11114719779543376,0.06281885504722595,0.03890350088477135,3581.516357421875,9.8477144241333,448,1.7391253619641065,3.9839160848781465,niveau,0.3133,25
gelernt_a,3,rand_gmm_complex_30,7,0.11182096600532532,0.33906908585636497,0.15173135697841644,0.1766004115343094,2227.473388671875,9.839221954345703,448,1.7391253619641065,3.9839160848781465,eid,0.15,0
gelernt_a,3,rand_ana_poly_complex_0,7,0.02886696346104145,0.12571536365698235,0.052561767399311066,0.22870784997940063,3553.373291015625,9.820232391357422,448,1.7391253619641065,3.9839160848781465,niveau,0.9,0
gelernt_a,3,rand_ana_poly_complex_10,7,0.031657010316848755,0.11119736961801614,0.04003879800438881,0.19131126999855042,3168.97998046875,9.84968376159668,448,1.7391253619641065,3.9839160848781465,niveau,0.3133,25
gelernt_a,3,rand_ana_poly_complex_20,7,0.03148125112056732,0.13821624731489648,0.09107644855976105,0.2210482656955719,2958.85986328125,9.823661804199219,448,1.7391253619641065,3.9839160848781465,eid,2.4662,0
gelernt_a,3,rand_ana_poly_complex_30,7,0.022154459729790688,0.09914748939744632,0.012072393670678139,0.18881581723690033,3104.443603515625,9.851007461547852,448,1.7391253619641065,3.9839160848781465,eid,0.15,0
gelernt_a,3,organic_0,7,0.07057531923055649,0.2213313397654637,0.09208393841981888,0.4613230228424072,2618.605224609375,9.861284255981445,448,1.7391253619641065,3.9839160848781465,niveau,0.3133,25
gelernt_a,3,organic_10,7,0.032412659376859665,0.1156648502822897,0.015687184408307076,0.16545087099075317,3610.0546875,9.820137023925781,448,1.7391253619641065,3.9839160848781465,niveau,0.3133,25
gelernt_a,3,organic_20,7,0.06886112689971924,0.272879695936901,0.07157544791698456,0.22598066926002502,2146.10107421875,9.810829162597656,448,1.7391253619641065,3.9839160848781465,eid,0.15,0
gelernt_a,3,organic_30,7,0.020908627659082413,0.12379405597999397,0.03783378750085831,0.18245229125022888,2785.31005859375,9.807918548583984,448,1.7391253619641065,3.9839160848781465,eid,0.6082,0
gelernt_a,3,cjk_0,7,0.0421585813164711,0.13742344409014218,0.059153199195861816,0.1588023155927658,3198.029296875,9.834330558776855,448,1.7391253619641065,3.9839160848781465,niveau,0.9,25
gelernt_a,3,cjk_10,7,0.030603976920247078,0.09710488940443698,0.0448666550219059,0.16812072694301605,2990.904296875,9.819342613220215,448,1.7391253619641065,3.9839160848781465,niveau,0.3133,25
gelernt_a,3,cjk_20,7,0.05260756239295006,0.1768424620418978,0.03345820680260658,0.20970743894577026,2653.42236328125,9.800952911376953,448,1.7391253619641065,3.9839160848781465,eid,0.15,0
gelernt_a,3,A,8,0.030357563868165016,0.12176098065904574,0.14263206720352173,0.22396036982536316,2761.54443359375,11.246391296386719,512,1.7391253619641065,3.9839160848781465,eid,0.15,0
gelernt_a,3,greek_upper_0,8,0.02702430821955204,0.1083916444921199,0.03855394199490547,0.14113527536392212,2858.737548828125,11.260537147521973,512,1.7391253619641065,3.9839160848781465,eid,0.15,25
gelernt_a,3,korean_5,8,0.03591390699148178,0.11751330601593797,0.08726342022418976,0.17131775617599487,3172.818359375,11.264482498168945,512,1.7391253619641065,3.9839160848781465,niveau,0.3133,25
gelernt_a,3,digit_5,8,0.02337798662483692,0.08568750195939683,0.018712975084781647,0.11130791902542114,3496.432861328125,11.223897933959961,512,1.7391253619641065,3.9839160848781465,niveau,0.3133,100
gelernt_a,3,a_lc,8,0.024608412757515907,0.11459177058867244,0.0457918643951416,0.13135777413845062,3231.10986328125,11.251553535461426,512,1.7391253619641065,3.9839160848781465,ucb,0.15,0
gelernt_a,3,rand_gmm_10,8,0.03590818867087364,0.10678345859863862,0.03489396721124649,0.03768477961421013,3487.0947265625,11.263082504272461,512,1.7391253619641065,3.9839160848781465,niveau,0.3133,25
gelernt_a,3,rand_gmm_20,8,0.09104575216770172,0.29833268995441203,0.2748302221298218,0.128567174077034,2898.7919921875,11.225232124328613,512,1.7391253619641065,3.9839160848781465,eid,0.15,0
gelernt_a,3,rand_ana_poly_10,8,0.01909486949443817,0.06030143304930851,0.031476940959692,0.1551666557788849,2977.23486328125,11.226825714111328,512,1.7391253619641065,3.9839160848781465,eid,0.15,0
gelernt_a,3,rand_ana_poly_20,8,0.01784626953303814,0.07510165575789789,0.04232925921678543,0.25950682163238525,2690.1123046875,11.227474212646484,512,1.7391253619641065,3.9839160848781465,eid,0.15,0
gelernt_a,3,rand_ana_poly_30,8,0.045964162796735764,0.16500570292495162,0.11371707916259766,0.22826845943927765,3405.805419921875,11.19847297668457,512,1.7391253619641065,3.9839160848781465,niveau,0.9,0
gelernt_a,3,rand_gmm_complex_0,8,0.04236926510930061,0.1367088507478675,0.0420500785112381,0.07682520896196365,3009.80517578125,11.25474739074707,512,1.7391253619641065,3.9839160848781465,niveau,0.3133,25
gelernt_a,3,rand_gmm_complex_10,8,0.06658395379781723,0.19446944743435812,0.17348316311836243,0.061304982751607895,2922.33447265625,11.262401580810547,512,1.7391253619641065,3.9839160848781465,eid,0.15,0
gelernt_a,3,rand_gmm_complex_20,8,0.03506580740213394,0.10287462080383641,0.09030639380216599,0.03981802985072136,3612.381591796875,11.259725570678711,512,1.7391253619641065,3.9839160848781465,niveau,0.3133,25
gelernt_a,3,rand_gmm_complex_30,8,0.08182881027460098,0.2481253819181059,0.1796644628047943,0.1363050490617752,2485.65478515625,11.252367973327637,512,1.7391253619641065,3.9839160848781465,eid,0.15,0
gelernt_a,3,rand_ana_poly_complex_0,8,0.02553790621459484,0.1112173495885207,0.03554390370845795,0.1753532886505127,3623.42529296875,11.228950500488281,512,1.7391253619641065,3.9839160848781465,niveau,0.3133,25
gelernt_a,3,rand_ana_poly_complex_10,8,0.02994721569120884,0.10519160144675616,0.04839426651597023,0.18796907365322113,3341.109130859375,11.261286735534668,512,1.7391253619641065,3.9839160848781465,niveau,0.3133,0
gelernt_a,3,rand_ana_poly_complex_20,8,0.024947239086031914,0.10952912113096161,0.034566886723041534,0.19751869142055511,3260.271484375,11.233818054199219,512,1.7391253619641065,3.9839160848781465,niveau,0.6067,25
gelernt_a,3,rand_ana_poly_complex_30,8,0.02112635038793087,0.09454640856249405,0.020149070769548416,0.17720293998718262,3350.59423828125,11.263858795166016,512,1.7391253619641065,3.9839160848781465,eid,0.15,0
gelernt_a,3,organic_0,8,0.04327615350484848,0.13571839475260786,0.06269832700490952,0.3094124495983124,2963.2236328125,11.271321296691895,512,1.7391253619641065,3.9839160848781465,eid,0.15,0
gelernt_a,3,organic_10,8,0.02892496809363365,0.10321899431549467,0.012645324692130089,0.13239489495754242,3712.431640625,11.22164249420166,512,1.7391253619641065,3.9839160848781465,niveau,0.3133,25
gelernt_a,3,organic_20,8,0.0478423573076725,0.18958748575279957,0.03700597211718559,0.10714994370937347,2813.786376953125,11.20701789855957,512,1.7391253619641065,3.9839160848781465,niveau,0.6067,25
gelernt_a,3,organic_30,8,0.019955582916736603,0.11815134828491736,0.0681324377655983,0.16774320602416992,2996.49853515625,11.213638305664062,512,1.7391253619641065,3.9839160848781465,eid,0.15,0
gelernt_a,3,cjk_0,8,0.027231447398662567,0.08876577845425938,0.041290223598480225,0.1581924855709076,3634.5966796875,11.227315902709961,512,1.7391253619641065,3.9839160848781465,niveau,0.3133,25
gelernt_a,3,cjk_10,8,0.0293137114495039,0.09301094154382447,0.05397403612732887,0.14473484456539154,3051.9306640625,11.218208312988281,512,1.7391253619641065,3.9839160848781465,niveau,0.6067,25
gelernt_a,3,cjk_20,8,0.05095851421356201,0.17129911947281173,0.16511191427707672,0.19142043590545654,2762.88623046875,11.21338939666748,512,1.7391253619641065,3.9839160848781465,eid,0.15,0
rl_b,0,A,1,0.13922853767871857,0.5584309517425841,0.24365946650505066,0.24537205696105957,1076.48193359375,1.4123611450195312,64,1.7408099982514977,9.202407415769994,ucb,0.1549119385270038,0
rl_b,0,greek_upper_0,1,0.14456728100776672,0.5798440870671062,0.17892153561115265,0.20454390347003937,1164.25830078125,1.411505937576294,64,1.7408099982514977,9.202407415769994,ucb,0.1549119385270038,0
rl_b,0,korean_5,1,0.21888956427574158,0.7162249530949529,0.2557005286216736,0.2676217257976532,1159.82080078125,1.4124696254730225,64,1.7408099982514977,9.202407415769994,ucb,0.1549119385270038,0
rl_b,0,digit_5,1,0.15133056044578552,0.5546729880039583,0.07581795752048492,0.20760807394981384,993.015625,1.4105262756347656,64,1.7408099982514977,9.202407415769994,ucb,0.1549119385270038,0
rl_b,0,a_lc,1,0.16138990223407745,0.751529764815378,0.2142363339662552,0.2516234815120697,993.369140625,1.4087281227111816,64,1.7408099982514977,9.202407415769994,ucb,0.1549119385270038,0
rl_b,0,rand_gmm_10,1,0.18275204300880432,0.5434664331669973,0.11017768085002899,0.2299775332212448,1161.348388671875,1.4103853702545166,64,1.7408099982514977,9.202407415769994,ucb,0.1549119385270038,0
rl_b,0,rand_gmm_20,1,0.27730613946914673,0.9086583894251357,0.5571166276931763,0.28590628504753113,957.533203125,1.4100887775421143,64,1.7408099982514977,9.202407415769994,ucb,0.1549119385270038,0
rl_b,0,rand_ana_poly_10,1,0.09345299750566483,0.29512375949919273,0.055080071091651917,0.28717827796936035,1138.10986328125,1.4102284908294678,64,1.7408099982514977,9.202407415769994,ucb,0.1549119385270038,0
rl_b,0,rand_ana_poly_20,1,0.13574150204658508,0.5712348757195495,0.17164327204227448,0.28815922141075134,1089.1064453125,1.4100242853164673,64,1.7408099982514977,9.202407415769994,ucb,0.1549119385270038,0
rl_b,0,rand_ana_poly_30,1,0.26636773347854614,0.9562274699426273,0.27995026111602783,0.3156636357307434,1106.45849609375,1.4111883640289307,64,1.7408099982514977,9.202407415769994,ucb,0.1549119385270038,0
rl_b,0,rand_gmm_complex_0,1,0.18480049073696136,0.5962780482767016,0.13050693273544312,0.18475836515426636,1088.221923828125,1.412322998046875,64,1.7408099982514977,9.202407415769994,ucb,0.1549119385270038,0
rl_b,0,rand_gmm_complex_10,1,0.2940309941768646,0.8587661396584761,0.3925502896308899,0.2364862710237503,1228.07080078125,1.412980079650879,64,1.7408099982514977,9.202407415769994,ucb,0.1549119385270038,0
rl_b,0,rand_gmm_complex_20,1,0.19951145350933075,0.5853184810610008,0.17257434129714966,0.20352521538734436,1187.9091796875,1.412083625793457,64,1.7408099982514977,9.202407415769994,ucb,0.1549119385270038,0
rl_b,0,rand_gmm_complex_30,1,0.17799533903598785,0.5397263058052275,0.06407392024993896,0.21498072147369385,1010.63427734375,1.4019718170166016,64,1.7408099982514977,9.202407415769994,ucb,0.1549119385270038,0
rl_b,0,rand_ana_poly_complex_0,1,0.1072714552283287,0.46716621310873807,0.07663325220346451,0.3898095488548279,1078.0712890625,1.4114229679107666,64,1.7408099982514977,9.202407415769994,ucb,0.1549119385270038,0
rl_b,0,rand_ana_poly_complex_10,1,0.18877997994422913,0.6631023269802477,0.18065153062343597,0.5000553131103516,1101.9912109375,1.4113409519195557,64,1.7408099982514977,9.202407415769994,ucb,0.1549119385270038,0
rl_b,0,rand_ana_poly_complex_20,1,0.20317617058753967,0.8920308705289763,0.3598673343658447,0.27532052993774414,1167.04443359375,1.411698579788208,64,1.7408099982514977,9.202407415769994,ucb,0.1549119385270038,0
rl_b,0,rand_ana_poly_complex_30,1,0.14948450028896332,0.6689855265372603,0.18736158311367035,0.40645304322242737,1067.26904296875,1.4096533060073853,64,1.7408099982514977,9.202407415769994,ucb,0.1549119385270038,0
rl_b,0,organic_0,1,0.20102544128894806,0.6304361175055447,0.138776957988739,0.4120381474494934,1140.15087890625,1.4099395275115967,64,1.7408099982514977,9.202407415769994,ucb,0.1549119385270038,0
rl_b,0,organic_10,1,0.17023970186710358,0.6075018220386434,0.09686437249183655,0.4071159064769745,1032.05615234375,1.4019553661346436,64,1.7408099982514977,9.202407415769994,ucb,0.1549119385270038,0
rl_b,0,organic_20,1,0.1715637892484665,0.679865066862491,0.31145739555358887,0.29218921065330505,1012.795166015625,1.4116835594177246,64,1.7408099982514977,9.202407415769994,ucb,0.1549119385270038,0
rl_b,0,organic_30,1,0.07415156066417694,0.43903036591105893,0.15541274845600128,0.23431552946567535,1118.76318359375,1.4041204452514648,64,1.7408099982514977,9.202407415769994,ucb,0.1549119385270038,0
rl_b,0,cjk_0,1,0.13198140263557434,0.43021701251940003,0.033203884959220886,0.2476930469274521,1201.856689453125,1.4105210304260254,64,1.7408099982514977,9.202407415769994,ucb,0.1549119385270038,0
rl_b,0,cjk_10,1,0.22101475298404694,0.7012687665133545,0.34471139311790466,0.22479958832263947,956.127197265625,1.4052520990371704,64,1.7408099982514977,9.202407415769994,ucb,0.1549119385270038,0
rl_b,0,cjk_20,1,0.14704161882400513,0.49428638607570274,0.18249647319316864,0.20610882341861725,1206.85693359375,1.41189706325531,64,1.7408099982514977,9.202407415769994,ucb,0.1549119385270038,0
rl_b,0,A,2,0.09927700459957123,0.39818957441485436,0.1602678894996643,0.25481143593788147,1487.1220703125,2.818047046661377,128,1.7408099982514977,9.202407415769994,mass,0.32674010694026945,100
rl_b,0,greek_upper_0,2,0.10963267832994461,0.4397250874181775,0.09769377112388611,0.21206822991371155,1729.1591796875,2.817129373550415,128,1.7408099982514977,9.202407415769994,eid,0.7064833481306021,100
rl_b,0,korean_5,2,0.15824627876281738,0.5177950532240637,0.22759249806404114,0.20695792138576508,1453.541259765625,2.8090267181396484,128,1.7408099982514977,9.202407415769994,eid,0.5769868525934466,100
rl_b,0,digit_5,2,0.0897216796875,0.3288575157218724,0.04310033470392227,0.18216800689697266,1541.07275390625,2.812629461288452,128,1.7408099982514977,9.202407415769994,mass,0.22002312391996381,100
rl_b,0,a_lc,2,0.07804703712463379,0.3634345807443471,0.0703807920217514,0.2459239363670349,1637.24609375,2.8154091835021973,128,1.7408099982514977,9.202407415769994,eid,0.9397124154852642,100
rl_b,0,rand_gmm_10,2,0.16063353419303894,0.47769060437094013,0.13251826167106628,0.22636818885803223,1586.542236328125,2.8126091957092285,128,1.7408099982514977,9.202407415769994,mass,0.27960798144340515,0
rl_b,0,rand_gmm_20,2,0.22004881501197815,0.7210413812923899,0.3874686062335968,0.26650869846343994,1465.955078125,2.811654567718506,128,1.7408099982514977,9.202407415769994,eid,0.526041297629528,100
rl_b,0,rand_ana_poly_10,2,0.06946778297424316,0.21937865903327405,0.11935010552406311,0.2890111804008484,1456.972412109375,2.8114590644836426,128,1.7408099982514977,9.202407415769994,eid,1.054962940796797,0
rl_b,0,rand_ana_poly_20,2,0.07795198261737823,0.3280418326831884,0.09775614738464355,0.2881404459476471,1543.645751953125,2.815603017807007,128,1.7408099982514977,9.202407415769994,eid,0.668710322073458,100
rl_b,0,rand_ana_poly_30,2,0.1542208045721054,0.5536337597751054,0.19250217080116272,0.3121209442615509,1632.77685546875,2.8024864196777344,128,1.7408099982514977,9.202407415769994,eid,0.9459914937939102,100
rl_b,0,rand_gmm_complex_0,2,0.121935173869133,0.3934365498761359,0.13019739091396332,0.14749304950237274,1625.091796875,2.820664167404175,128,1.7408099982514977,9.202407415769994,eid,1.8228450171034425,0
rl_b,0,rand_gmm_complex_10,2,0.10772202163934708,0.3146199771843909,0.1426100730895996,0.10499335825443268,2024.6279296875,2.8244869709014893,128,1.7408099982514977,9.202407415769994,mass,0.3524560004472732,0
rl_b,0,rand_gmm_complex_20,2,0.16066177189350128,0.471342886010678,0.17584148049354553,0.19086270034313202,1661.847412109375,2.823059320449829,128,1.7408099982514977,9.202407415769994,eid,1.800497224203333,0
rl_b,0,rand_gmm_complex_30,2,0.1459818035364151,0.4426532737554643,0.13706527650356293,0.1966959536075592,1702.29736328125,2.8102200031280518,128,1.7408099982514977,9.202407415769994,ucb,0.36818159778619197,25
rl_b,0,rand_ana_poly_complex_0,2,0.08097515255212784,0.3526460538188907,0.1354067027568817,0.4731113612651825,1675.497314453125,2.8235769271850586,128,1.7408099982514977,9.202407415769994,ucb,0.5719844363406545,25
rl_b,0,rand_ana_poly_complex_10,2,0.10934479534626007,0.38408091927281984,0.26362231373786926,0.3666643798351288,1817.8564453125,2.8200526237487793,128,1.7408099982514977,9.202407415769994,ucb,1.0416050868312514,25
rl_b,0,rand_ana_poly_complex_20,2,0.1464330554008484,0.6429041629523035,0.33492311835289,0.33616533875465393,1549.5634765625,2.7930240631103516,128,1.7408099982514977,9.202407415769994,eid,0.6124309958884938,100
rl_b,0,rand_ana_poly_complex_30,2,0.14185702800750732,0.6348504252358249,0.22593310475349426,0.37950459122657776,1508.114990234375,2.8188395500183105,128,1.7408099982514977,9.202407415769994,niveau,0.44374722242355347,25
rl_b,0,organic_0,2,0.15443816781044006,0.4843337155974021,0.17127223312854767,0.4710167944431305,1661.29248046875,2.8216896057128906,128,1.7408099982514977,9.202407415769994,mass,0.2276233106851578,0
rl_b,0,organic_10,2,0.10588964074850082,0.3778680823815643,0.06753182411193848,0.4302423298358917,1928.135986328125,2.8083744049072266,128,1.7408099982514977,9.202407415769994,ucb,0.3711835213170761,25
rl_b,0,organic_20,2,0.1490086019039154,0.590484411309989,0.23395435512065887,0.2629086375236511,1235.59033203125,2.8173437118530273,128,1.7408099982514977,9.202407415769994,eid,0.5694881824380985,100
rl_b,0,organic_30,2,0.07182610780000687,0.4252620188564469,0.2354949563741684,0.2131001204252243,1857.38232421875,2.8148670196533203,128,1.7408099982514977,9.202407415769994,ucb,0.34435851958465874,25
rl_b,0,cjk_0,2,0.0901213213801384,0.2937665828231873,0.0865655317902565,0.23871219158172607,2007.618408203125,2.8235158920288086,128,1.7408099982514977,9.202407415769994,niveau,0.33583840847015384,25
rl_b,0,cjk_10,2,0.17341457307338715,0.5502357743665742,0.2304711490869522,0.21337302029132843,1255.213623046875,2.797919750213623,128,1.7408099982514977,9.202407415769994,eid,0.4520592129694947,100
rl_b,0,cjk_20,2,0.1196666806936264,0.40226441742677044,0.09349437057971954,0.22028544545173645,1534.98046875,2.801734447479248,128,1.7408099982514977,9.202407415769994,eid,1.239468517279786,25
rl_b,0,A,3,0.07616310566663742,0.30548216834135744,0.09075095504522324,0.19389137625694275,1906.546875,4.230263710021973,192,1.7408099982514977,9.202407415769994,eid,1.5687905110019238,0
rl_b,0,greek_upper_0,3,0.073323555290699,0.29409303185114005,0.13785293698310852,0.1514790654182434,2114.76708984375,4.209602355957031,192,1.7408099982514977,9.202407415769994,eid,2.3813771763423563,100
rl_b,0,korean_5,3,0.12972985208034515,0.42448692119562037,0.2548106610774994,0.19427065551280975,1831.1494140625,4.217962265014648,192,1.7408099982514977,9.202407415769994,eid,4.833394810855227,25
rl_b,0,digit_5,3,0.05344149097800255,0.19587947997308022,0.023781292140483856,0.20202010869979858,1932.8154296875,4.213701248168945,192,1.7408099982514977,9.202407415769994,eid,3.2726746669274096,100
rl_b,0,a_lc,3,0.04963778331875801,0.23114377731883967,0.03622464835643768,0.18806315958499908,2399.2890625,4.226245880126953,192,1.7408099982514977,9.202407415769994,eid,1.965460075521259,100
rl_b,0,rand_gmm_10,3,0.0974915474653244,0.2899195144010419,0.06067882850766182,0.1182517558336258,2141.09765625,4.223066329956055,192,1.7408099982514977,9.202407415769994,eid,2.36663290187983,25
rl_b,0,rand_gmm_20,3,0.2056051641702652,0.6737133829423565,0.3454468548297882,0.2570972144603729,1630.14599609375,4.218958377838135,192,1.7408099982514977,9.202407415769994,mass,0.3631611257791519,0
rl_b,0,rand_ana_poly_10,3,0.06039223074913025,0.19071814344045715,0.10181941837072372,0.24960806965827942,1550.9560546875,4.2127509117126465,192,1.7408099982514977,9.202407415769994,eid,1.5068013588706832,100
rl_b,0,rand_ana_poly_20,3,0.05133827403187752,0.2160445563376135,0.08549337834119797,0.2206464409828186,2259.326904296875,4.190037727355957,192,1.7408099982514977,9.202407415769994,eid,3.248524248937165,25
rl_b,0,rand_ana_poly_30,3,0.14803320169448853,0.5314210248938745,0.02298007346689701,0.2872805893421173,1928.52685546875,4.2136077880859375,192,1.7408099982514977,9.202407415769994,ucb,0.27481453562061864,25
rl_b,0,rand_gmm_complex_0,3,0.10440922528505325,0.3368872497404153,0.04033442959189415,0.1602027714252472,2044.06005859375,4.223851203918457,192,1.7408099982514977,9.202407415769994,eid,4.632708988916765,100
rl_b,0,rand_gmm_complex_10,3,0.07206767797470093,0.21048557068530213,0.03044680692255497,0.05280366912484169,2430.90087890625,4.225311279296875,192,1.7408099982514977,9.202407415769994,ucb,0.3609940122412906,25
rl_b,0,rand_gmm_complex_20,3,0.11138790845870972,0.3267852558879013,0.08852510154247284,0.1711890548467636,2103.82080078125,4.226265907287598,192,1.7408099982514977,9.202407415769994,eid,4.07833729732656,25
rl_b,0,rand_gmm_complex_30,3,0.11766325682401657,0.356784370189594,0.061390433460474014,0.16105951368808746,2121.685546875,4.218284606933594,192,1.7408099982514977,9.202407415769994,eid,0.9152090718517094,0
rl_b,0,rand_ana_poly_complex_0,3,0.07380323112010956,0.3214124011292927,0.14987477660179138,0.4070988595485687,2334.91455078125,4.236346244812012,192,1.7408099982514977,9.202407415769994,niveau,0.8496454191207886,0
rl_b,0,rand_ana_poly_complex_10,3,0.05698985233902931,0.20018067440962387,0.07079686969518661,0.39938876032829285,2434.9189453125,4.231025695800781,192,1.7408099982514977,9.202407415769994,eid,1.2153683142795964,25
rl_b,0,rand_ana_poly_complex_20,3,0.11024340987205505,0.4840160368899236,0.13551242649555206,0.25402897596359253,1921.86474609375,4.189977645874023,192,1.7408099982514977,9.202407415769994,eid,1.6609177929401562,100
rl_b,0,rand_ana_poly_complex_30,3,0.09102974086999893,0.40738390273739145,0.14542248845100403,0.3380800783634186,1888.7353515625,4.199426651000977,192,1.7408099982514977,9.202407415769994,mass,0.2641907379031181,0
rl_b,0,organic_0,3,0.14984674751758575,0.46993455713913196,0.35289135575294495,0.46489790081977844,1795.20751953125,4.232248783111572,192,1.7408099982514977,9.202407415769994,eid,0.3441804108005275,0
rl_b,0,organic_10,3,0.07903794199228287,0.2820475673058895,0.08677589893341064,0.5490822196006775,2208.715087890625,4.208160400390625,192,1.7408099982514977,9.202407415769994,eid,1.5563653841430884,100
rl_b,0,organic_20,3,0.13751621544361115,0.5449429125854021,0.19821852445602417,0.27691084146499634,1472.677490234375,4.224625110626221,192,1.7408099982514977,9.202407415769994,eid,1.5075755421759354,0
rl_b,0,organic_30,3,0.054988794028759,0.3255730580343259,0.14018462598323822,0.16675351560115814,2059.25146484375,4.224966526031494,192,1.7408099982514977,9.202407415769994,eid,2.0591148768188696,100
rl_b,0,cjk_0,3,0.08002007752656937,0.26083976990385654,0.07717961072921753,0.21076202392578125,2311.55810546875,4.234613418579102,192,1.7408099982514977,9.202407415769994,mass,0.19298020750284195,100
rl_b,0,cjk_10,3,0.1614324003458023,0.512216939083529,0.2177494317293167,0.21540644764900208,1414.45703125,4.196898460388184,192,1.7408099982514977,9.202407415769994,eid,0.8963265920355117,100
rl_b,0,cjk_20,3,0.09069805592298508,0.3048852062756634,0.14696429669857025,0.21645523607730865,1919.35546875,4.202731132507324,192,1.7408099982514977,9.202407415769994,eid,1.8092476530202093,100
rl_b,0,A,4,0.06967011839151382,0.2794394825231182,0.11080650985240936,0.18740615248680115,2202.2880859375,5.633073806762695,256,1.7408099982514977,9.202407415769994,eid,1.704454065239053,100
rl_b,0,greek_upper_0,4,0.06224222853779793,0.2496470012573778,0.15368644893169403,0.1556316465139389,2265.2470703125,5.618149280548096,256,1.7408099982514977,9.202407415769994,eid,3.6174184804444875,25
rl_b,0,korean_5,4,0.0961553305387497,0.3146282799402424,0.11769886314868927,0.20941941440105438,2093.7109375,5.623292922973633,256,1.7408099982514977,9.202407415769994,eid,1.037233390486284,25
rl_b,0,digit_5,4,0.04131157696247101,0.1514196191795537,0.011856467463076115,0.19988368451595306,2253.82666015625,5.617366790771484,256,1.7408099982514977,9.202407415769994,eid,2.0954733682513473,25
rl_b,0,a_lc,4,0.03994409367442131,0.18600404925806277,0.04612824320793152,0.1829686164855957,2552.205810546875,5.6362528800964355,256,1.7408099982514977,9.202407415769994,eid,0.3164000398292192,0
rl_b,0,rand_gmm_10,4,0.08289109170436859,0.24650080627400378,0.02762216329574585,0.09296756237745285,2599.2841796875,5.627571105957031,256,1.7408099982514977,9.202407415769994,eid,4.01059692594034,100
rl_b,0,rand_gmm_20,4,0.07805116474628448,0.25575288663598306,0.04729913920164108,0.09009775519371033,2453.7578125,5.62921142578125,256,1.7408099982514977,9.202407415769994,eid,5.822943371270273,25
rl_b,0,rand_ana_poly_10,4,0.035020362585783005,0.1105940027735831,0.1373792588710785,0.2239309549331665,1781.06689453125,5.607840538024902,256,1.7408099982514977,9.202407415769994,eid,0.6746596598708882,100
rl_b,0,rand_ana_poly_20,4,0.044187288731336594,0.18595138558409607,0.09144166857004166,0.239738330245018,2352.88427734375,5.588214874267578,256,1.7408099982514977,9.202407415769994,eid,1.154549411132485,25
rl_b,0,rand_ana_poly_30,4,0.10398335754871368,0.37328749096764957,0.14821965992450714,0.25832492113113403,2270.25390625,5.621562957763672,256,1.7408099982514977,9.202407415769994,mass,0.09124426767230034,25
rl_b,0,rand_gmm_complex_0,4,0.09240344911813736,0.29814936137059966,0.19787810742855072,0.14460404217243195,2377.985107421875,5.6309967041015625,256,1.7408099982514977,9.202407415769994,eid,0.7423293657782435,25
rl_b,0,rand_gmm_complex_10,4,0.051786284893751144,0.15125040844745055,0.024253232404589653,0.03622879460453987,2943.435546875,5.6276044845581055,256,1.7408099982514977,9.202407415769994,eid,3.2375632686584104,100
rl_b,0,rand_gmm_complex_20,4,0.08571361005306244,0.2514630571831662,0.06407718360424042,0.1296551674604416,2472.6240234375,5.636468887329102,256,1.7408099982514977,9.202407415769994,eid,1.6989419880673635,25
rl_b,0,rand_gmm_complex_30,4,0.06607766449451447,0.20036397552326282,0.037003759294748306,0.07860952615737915,2631.227294921875,5.628021717071533,256,1.7408099982514977,9.202407415769994,eid,4.161131268843172,100
rl_b,0,rand_ana_poly_complex_0,4,0.05779474228620529,0.2516955776722955,0.09661342948675156,0.4252672493457794,2742.6865234375,5.647374153137207,256,1.7408099982514977,9.202407415769994,niveau,0.5214586877822877,25
rl_b,0,rand_ana_poly_complex_10,4,0.05283959209918976,0.18560260726805386,0.10394933819770813,0.37485751509666443,2629.256591796875,5.638086318969727,256,1.7408099982514977,9.202407415769994,eid,1.3552636825819862,100
rl_b,0,rand_ana_poly_complex_20,4,0.0888802707195282,0.390222657674473,0.15666058659553528,0.22977225482463837,2301.072265625,5.597925662994385,256,1.7408099982514977,9.202407415769994,ucb,0.3940069697090382,0
rl_b,0,rand_ana_poly_complex_30,4,0.06499335169792175,0.29086367832789745,0.07592178881168365,0.32182034850120544,2105.00390625,5.60130500793457,256,1.7408099982514977,9.202407415769994,eid,2.9337794437599207,100
rl_b,0,organic_0,4,0.11861936748027802,0.3720023347081755,0.24875770509243011,0.42846840620040894,2183.772705078125,5.631454944610596,256,1.7408099982514977,9.202407415769994,mass,0.17544246315956114,0
rl_b,0,organic_10,4,0.0764458104968071,0.2727975240480918,0.09132963418960571,0.5291853547096252,2514.962158203125,5.614217758178711,256,1.7408099982514977,9.202407415769994,ucb,1.9473855348306963,25
rl_b,0,organic_20,4,0.06582716107368469,0.26085683617021554,0.1512300670146942,0.21242278814315796,1911.912109375,5.632734298706055,256,1.7408099982514977,9.202407415769994,eid,1.019836391219741,100
rl_b,0,organic_30,4,0.030232705175876617,0.1789992752271036,0.021236982196569443,0.14675579965114594,2595.89208984375,5.624137878417969,256,1.7408099982514977,9.202407415769994,eid,2.24207481890548,100
rl_b,0,cjk_0,4,0.05706324428319931,0.18600786163766406,0.10835219919681549,0.1874316781759262,2660.30615234375,5.643394470214844,256,1.7408099982514977,9.202407415769994,eid,0.3389495281159427,0
rl_b,0,cjk_10,4,0.12565460801124573,0.3986957919190389,0.1420576572418213,0.23932507634162903,1806.75927734375,5.597888469696045,256,1.7408099982514977,9.202407415769994,eid,1.2958347951475033,100
rl_b,0,cjk_20,4,0.077633336186409,0.2609676191644023,0.044064611196517944,0.19903728365898132,2048.737548828125,5.607976913452148,256,1.7408099982514977,9.202407415769994,eid,1.55614411139898,100
rl_b,0,A,5,0.06509938091039658,0.2611067374961196,0.08860532194375992,0.19836273789405823,2219.32861328125,7.032182693481445,320,1.7408099982514977,9.202407415769994,mass,0.43956508338451383,100
rl_b,0,greek_upper_0,5,0.051239434629678726,0.20551595760512742,0.12440625578165054,0.15369443595409393,2566.24072265625,7.0130696296691895,320,1.7408099982514977,9.202407415769994,eid,1.976943757352357,100
rl_b,0,korean_5,5,0.06486500799655914,0.21224372876595846,0.11137761175632477,0.1960160881280899,2299.996826171875,7.029239654541016,320,1.7408099982514977,9.202407415769994,eid,1.4304308695327346,0
rl_b,0,digit_5,5,0.030208272859454155,0.11072259905754515,0.011976881884038448,0.17145903408527374,2759.91845703125,7.026462078094482,320,1.7408099982514977,9.202407415769994,mass,0.2437288627028465,100
rl_b,0,a_lc,5,0.031234558671712875,0.14544714512943074,0.037503357976675034,0.17980091273784637,2660.8046875,7.0480451583862305,320,1.7408099982514977,9.202407415769994,eid,0.9640168048237395,0
rl_b,0,rand_gmm_10,5,0.07426381856203079,0.22084509657341303,0.01935730129480362,0.09033428132534027,2809.007568359375,7.033839225769043,320,1.7408099982514977,9.202407415769994,eid,2.407396664518616,25
rl_b,0,rand_gmm_20,5,0.0759512260556221,0.24887194663154757,0.21337787806987762,0.08986816555261612,2528.6142578125,7.040412902832031,320,1.7408099982514977,9.202407415769994,eid,1.235946734778658,0
rl_b,0,rand_ana_poly_10,5,0.03241090103983879,0.102353345734616,0.10716947168111801,0.17651674151420593,2037.669677734375,7.019719123840332,320,1.7408099982514977,9.202407415769994,niveau,0.684651608467102,100
rl_b,0,rand_ana_poly_20,5,0.02981945313513279,0.1254878673718127,0.0696994960308075,0.3086926341056824,2602.036376953125,6.988719940185547,320,1.7408099982514977,9.202407415769994,eid,1.1999956413638848,25
rl_b,0,rand_ana_poly_30,5,0.06315676122903824,0.22672502112451987,0.024709833785891533,0.2976244390010834,2594.959228515625,7.03130578994751,320,1.7408099982514977,9.202407415769994,mass,0.11696457341313361,25
rl_b,0,rand_gmm_complex_0,5,0.08255632221698761,0.26637657988968877,0.10879641026258469,0.1444319486618042,2607.408203125,7.038427352905273,320,1.7408099982514977,9.202407415769994,eid,2.8288348342201317,25
rl_b,0,rand_gmm_complex_10,5,0.0466863289475441,0.13635514377437302,0.015778720378875732,0.03537026792764664,3056.76025390625,7.030170440673828,320,1.7408099982514977,9.202407415769994,eid,1.3441215381503404,25
rl_b,0,rand_gmm_complex_20,5,0.05718530714511871,0.1677678976742169,0.08406446874141693,0.085841104388237,2966.529296875,7.041398048400879,320,1.7408099982514977,9.202407415769994,eid,1.4313302614512262,25
rl_b,0,rand_gmm_complex_30,5,0.05216328054666519,0.15817208956489034,0.030720775946974754,0.06684210896492004,2951.187744140625,7.029965877532959,320,1.7408099982514977,9.202407415769994,eid,2.5672373641791,100
rl_b,0,rand_ana_poly_complex_0,5,0.047060173004865646,0.20494662596055913,0.04901301860809326,0.35499486327171326,3144.474853515625,7.055848598480225,320,1.7408099982514977,9.202407415769994,niveau,0.8111638927459717,0
rl_b,0,rand_ana_poly_complex_10,5,0.048785895109176636,0.1713637250108111,0.08382166177034378,0.36014267802238464,2690.9013671875,7.04822301864624,320,1.7408099982514977,9.202407415769994,eid,0.9511800405629028,100
rl_b,0,rand_ana_poly_complex_20,5,0.08680267632007599,0.3811011237101788,0.1394626498222351,0.21741041541099548,2347.701171875,7.008117198944092,320,1.7408099982514977,9.202407415769994,eid,3.8398753136309804,100
rl_b,0,rand_ana_poly_complex_30,5,0.060194231569767,0.2693862549184939,0.06963592767715454,0.27733516693115234,2240.549560546875,6.996009349822998,320,1.7408099982514977,9.202407415769994,eid,2.5827956190420744,100
rl_b,0,organic_0,5,0.09624708443880081,0.3018405921448005,0.09982432425022125,0.3557187616825104,2392.1953125,7.0386457443237305,320,1.7408099982514977,9.202407415769994,eid,2.1395767220964212,25
rl_b,0,organic_10,5,0.06354134529829025,0.22674783038349008,0.02821880206465721,0.39294299483299255,2780.624267578125,7.0056562423706055,320,1.7408099982514977,9.202407415769994,eid,1.398741487544262,100
rl_b,0,organic_20,5,0.046015337109565735,0.1823474544234258,0.10077987611293793,0.14759878814220428,2323.8359375,7.029440402984619,320,1.7408099982514977,9.202407415769994,eid,1.0116374013216625,25
rl_b,0,organic_30,5,0.022967055439949036,0.13598142322811113,0.03007318079471588,0.10848325490951538,2962.814453125,7.008438587188721,320,1.7408099982514977,9.202407415769994,mass,0.32839443981647487,25
rl_b,0,cjk_0,5,0.04704837128520012,0.15336258998634517,0.019092267379164696,0.15776650607585907,3436.26611328125,7.055712699890137,320,1.7408099982514977,9.202407415769994,niveau,0.2070085024833679,0
rl_b,0,cjk_10,5,0.09181451052427292,0.29132285367407923,0.20740309357643127,0.20464932918548584,2063.688232421875,6.997076034545898,320,1.7408099982514977,9.202407415769994,eid,2.2773637632216213,100
rl_b,0,cjk_20,5,0.04649582505226135,0.15629760823157124,0.009907342493534088,0.16497138142585754,2774.36572265625,7.017521858215332,320,1.7408099982514977,9.202407415769994,ucb,0.430836895152223,0
rl_b,0,A,6,0.06381627917289734,0.2559603520179664,0.09925616532564163,0.2167356312274933,2506.286376953125,8.44569206237793,384,1.7408099982514977,9.202407415769994,ucb,0.8979266561915826,0
rl_b,0,greek_upper_0,6,0.03129441663622856,0.12551859811043098,0.05952385812997818,0.117659792304039,2891.13037109375,8.413946151733398,384,1.7408099982514977,9.202407415769994,eid,1.1271277795397274,0
rl_b,0,korean_5,6,0.03393606096506119,0.1110416284730213,0.046253543347120285,0.1351541131734848,2812.78759765625,8.435213088989258,384,1.7408099982514977,9.202407415769994,eid,1.814101480662285,0
rl_b,0,digit_5,6,0.02984645403921604,0.10939642194205472,0.017817331477999687,0.166900172829628,2838.421142578125,8.437604904174805,384,1.7408099982514977,9.202407415769994,eid,1.4225817860105305,0
rl_b,0,a_lc,6,0.031082985922694206,0.14474133001432396,0.06577298790216446,0.16286763548851013,2878.279296875,8.458757400512695,384,1.7408099982514977,9.202407415769994,eid,1.098987545795219,25
rl_b,0,rand_gmm_10,6,0.07028330862522125,0.20900789080581758,0.018787646666169167,0.09083791077136993,2902.42724609375,8.432101249694824,384,1.7408099982514977,9.202407415769994,eid,2.1692478146887493,25
rl_b,0,rand_gmm_20,6,0.0660504549741745,0.21642975576567935,0.19289234280586243,0.08462177217006683,2828.439208984375,8.452820777893066,384,1.7408099982514977,9.202407415769994,eid,1.645918636810902,0
rl_b,0,rand_ana_poly_10,6,0.031181620433926582,0.09847128819147229,0.06447581201791763,0.17123247683048248,2455.36669921875,8.428629875183105,384,1.7408099982514977,9.202407415769994,niveau,0.49998160362243654,100
rl_b,0,rand_ana_poly_20,6,0.0244135744869709,0.1027385506839957,0.02059950865805149,0.2880125939846039,2823.1416015625,8.389954566955566,384,1.7408099982514977,9.202407415769994,niveau,0.25933654069900514,25
rl_b,0,rand_ana_poly_30,6,0.031237129122018814,0.11213745958845647,0.06145547702908516,0.31965452432632446,2899.641845703125,8.435125350952148,384,1.7408099982514977,9.202407415769994,niveau,0.41987003564834596,25
rl_b,0,rand_gmm_complex_0,6,0.060671284794807434,0.19576222519549868,0.01235420536249876,0.0838758572936058,2949.587646484375,8.443477630615234,384,1.7408099982514977,9.202407415769994,eid,1.7015224331563015,25
rl_b,0,rand_gmm_complex_10,6,0.03926144167780876,0.11466953271870806,0.06867040693759918,0.03398200869560242,3463.85107421875,8.431927680969238,384,1.7408099982514977,9.202407415769994,niveau,0.6345974206924438,100
rl_b,0,rand_gmm_complex_20,6,0.047950513660907745,0.14067524108727264,0.05062719061970711,0.04734555259346962,3207.24462890625,8.440698623657227,384,1.7408099982514977,9.202407415769994,eid,3.6173695827396184,25
rl_b,0,rand_gmm_complex_30,6,0.04942021146416664,0.14985441927934345,0.04186738282442093,0.06149487942457199,3036.10595703125,8.43500804901123,384,1.7408099982514977,9.202407415769994,eid,0.5510440853339174,25
rl_b,0,rand_ana_poly_complex_0,6,0.034571126103401184,0.15055694015014623,0.1928783506155014,0.2834683954715729,3455.48046875,8.45916748046875,384,1.7408099982514977,9.202407415769994,niveau,0.54640212059021,25
rl_b,0,rand_ana_poly_complex_10,6,0.04431665688753128,0.15566522633803012,0.05208844691514969,0.31649717688560486,3067.941650390625,8.443252563476562,384,1.7408099982514977,9.202407415769994,niveau,0.6938171911239625,100
rl_b,0,rand_ana_poly_complex_20,6,0.05412796884775162,0.23764508914406285,0.06099141389131546,0.19303961098194122,2873.68505859375,8.41139030456543,384,1.7408099982514977,9.202407415769994,mass,0.7273371160030365,25
rl_b,0,rand_ana_poly_complex_30,6,0.030551716685295105,0.13672759539497464,0.031800370663404465,0.20434246957302094,3154.226318359375,8.408584594726562,384,1.7408099982514977,9.202407415769994,niveau,0.6566117191314698,100
rl_b,0,organic_0,6,0.06897561252117157,0.21631449771529457,0.0680081844329834,0.33049291372299194,2886.915283203125,8.449128150939941,384,1.7408099982514977,9.202407415769994,niveau,0.7995193719863892,0
rl_b,0,organic_10,6,0.049260370433330536,0.17578605028284272,0.04406034201383591,0.3765406012535095,3244.395263671875,8.413527488708496,384,1.7408099982514977,9.202407415769994,niveau,0.6112848281860351,100
rl_b,0,organic_20,6,0.03614918515086174,0.14325032273577426,0.0937923938035965,0.1380031257867813,2732.5029296875,8.426332473754883,384,1.7408099982514977,9.202407415769994,niveau,0.41538218259811405,25
rl_b,0,organic_30,6,0.022888191044330597,0.13551448950270345,0.02531364932656288,0.09736818075180054,3077.582275390625,8.420652389526367,384,1.7408099982514977,9.202407415769994,ucb,4.114553200937795,0
rl_b,0,cjk_0,6,0.03886088728904724,0.12667401997166444,0.06213221698999405,0.14565113186836243,3560.777099609375,8.461736679077148,384,1.7408099982514977,9.202407415769994,ucb,0.367130106213686,100
rl_b,0,cjk_10,6,0.06347611546516418,0.20140654229778046,0.10777343809604645,0.16143976151943207,2409.75,8.407735824584961,384,1.7408099982514977,9.202407415769994,niveau,0.10507104396820069,0
rl_b,0,cjk_20,6,0.037151649594306946,0.12488678213411307,0.00873441994190216,0.1599307358264923,2966.449462890625,8.42520523071289,384,1.7408099982514977,9.202407415769994,mass,0.41221714615821836,0
rl_b,0,A,7,0.03358319029211998,0.13469862737951782,0.08087316900491714,0.16356810927391052,2689.899169921875,9.858194351196289,448,1.7408099982514977,9.202407415769994,ucb,0.6364918318909072,0
rl_b,0,greek_upper_0,7,0.026005389168858528,0.10430486785340785,0.06043236702680588,0.1073930636048317,3257.85302734375,9.813226699829102,448,1.7408099982514977,9.202407415769994,niveau,0.5557162475585937,100
rl_b,0,korean_5,7,0.02551758848130703,0.08349568273660232,0.05569183826446533,0.11699851602315903,3058.1025390625,9.84161376953125,448,1.7408099982514977,9.202407415769994,eid,1.5174273775739011,0
rl_b,0,digit_5,7,0.0228289682418108,0.08367518094449317,0.031608112156391144,0.15052418410778046,2960.20263671875,9.843847274780273,448,1.7408099982514977,9.202407415769994,eid,1.9259189226283115,0
rl_b,0,a_lc,7,0.0310826376080513,0.14473970804902103,0.061517007648944855,0.13463163375854492,3386.57958984375,9.87082290649414,448,1.7408099982514977,9.202407415769994,ucb,1.3358211571172554,0
rl_b,0,rand_gmm_10,7,0.06864213198423386,0.20412737401054737,0.030626066029071808,0.0878058597445488,3041.4462890625,9.834734916687012,448,1.7408099982514977,9.202407415769994,eid,1.8176606440058276,25
rl_b,0,rand_gmm_20,7,0.05311862379312515,0.1740555879387985,0.08632530272006989,0.06662064045667648,2968.0263671875,9.864228248596191,448,1.7408099982514977,9.202407415769994,eid,3.8498819779930984,25
rl_b,0,rand_ana_poly_10,7,0.030971063300967216,0.0978063505829748,0.09537875652313232,0.15885913372039795,2603.1435546875,9.838751792907715,448,1.7408099982514977,9.202407415769994,eid,1.1128121667689785,0
rl_b,0,rand_ana_poly_20,7,0.022967930883169174,0.09665491353616869,0.01671968586742878,0.1424148678779602,3362.994140625,9.791143417358398,448,1.7408099982514977,9.202407415769994,niveau,0.31939803600311284,25
rl_b,0,rand_ana_poly_30,7,0.030869854614138603,0.11081898918343273,0.09549286216497421,0.31000620126724243,3317.93798828125,9.847688674926758,448,1.7408099982514977,9.202407415769994,niveau,0.31327160596847536,0
rl_b,0,rand_gmm_complex_0,7,0.046748533844947815,0.1508390178494672,0.02478446066379547,0.059902116656303406,3347.62744140625,9.846311569213867,448,1.7408099982514977,9.202407415769994,ucb,0.31845938753516556,0
rl_b,0,rand_gmm_complex_10,7,0.03612552210688591,0.10551056105403728,0.03217392414808273,0.03066975250840187,3641.95703125,9.83737850189209,448,1.7408099982514977,9.202407415769994,mass,0.3826128542423248,100
rl_b,0,rand_gmm_complex_20,7,0.04388255253434181,0.12874082436214257,0.10746215283870697,0.04734836518764496,3250.409423828125,9.849955558776855,448,1.7408099982514977,9.202407415769994,ucb,0.2841264105988433,0
rl_b,0,rand_gmm_complex_30,7,0.03749813884496689,0.1137037186646417,0.01852879486978054,0.04061109572649002,3379.736572265625,9.842302322387695,448,1.7408099982514977,9.202407415769994,eid,3.1670185883322945,25
rl_b,0,rand_ana_poly_complex_0,7,0.029506567865610123,0.1285008350289705,0.011613044887781143,0.28554755449295044,3484.58935546875,9.847055435180664,448,1.7408099982514977,9.202407415769994,niveau,0.5447534465789795,100
rl_b,0,rand_ana_poly_complex_10,7,0.03991220146417618,0.14019428158440547,0.03218095004558563,0.23404866456985474,3582.20947265625,9.853469848632812,448,1.7408099982514977,9.202407415769994,niveau,0.3856116890907288,0
rl_b,0,rand_ana_poly_complex_20,7,0.03782157227396965,0.16605298713309255,0.056971095502376556,0.18302792310714722,3137.11865234375,9.805704116821289,448,1.7408099982514977,9.202407415769994,niveau,0.6239574623107911,100
rl_b,0,rand_ana_poly_complex_30,7,0.029771951958537102,0.1332379271330679,0.04381362348794937,0.18283136188983917,3502.02197265625,9.820135116577148,448,1.7408099982514977,9.202407415769994,niveau,0.5915786838531495,25
rl_b,0,organic_0,7,0.04593749716877937,0.14406463767628308,0.027970509603619576,0.24095241725444794,3396.2861328125,9.824203491210938,448,1.7408099982514977,9.202407415769994,niveau,0.8711920547485352,0
rl_b,0,organic_10,7,0.04178673028945923,0.14911630195229592,0.027080951258540154,0.26319393515586853,3399.713623046875,9.82223129272461,448,1.7408099982514977,9.202407415769994,mass,0.4565179854631423,0
rl_b,0,organic_20,7,0.03037448041141033,0.12036658928015308,0.022472679615020752,0.1069042980670929,2937.461669921875,9.838418960571289,448,1.7408099982514977,9.202407415769994,niveau,0.6895829439163208,0
rl_b,0,organic_30,7,0.021095717325806618,0.12490176084964734,0.07393791526556015,0.09778616577386856,3316.66845703125,9.827007293701172,448,1.7408099982514977,9.202407415769994,niveau,0.46305307865142825,100
rl_b,0,cjk_0,7,0.033919960260391235,0.11056818367278738,0.044556718319654465,0.1742248833179474,3644.1923828125,9.874191284179688,448,1.7408099982514977,9.202407415769994,niveau,0.6236216640472413,25
rl_b,0,cjk_10,7,0.0581173300743103,0.184403384045602,0.0744786188006401,0.14409929513931274,2707.3134765625,9.8129301071167,448,1.7408099982514977,9.202407415769994,ucb,0.9899827649360349,100
rl_b,0,cjk_20,7,0.027801794931292534,0.09345686515770957,0.004819191992282867,0.14819003641605377,3206.783447265625,9.830897331237793,448,1.7408099982514977,9.202407415769994,niveau,0.3051737117767334,100
rl_b,0,A,8,0.029365943744778633,0.11778369713296588,0.05319405347108841,0.12766781449317932,3174.193603515625,11.266892433166504,512,1.7408099982514977,9.202407415769994,niveau,0.40214498043060304,100
rl_b,0,greek_upper_0,8,0.02416183054447174,0.09691054902787209,0.05769037827849388,0.10417148470878601,3363.5546875,11.22370719909668,512,1.7408099982514977,9.202407415769994,eid,1.1604531577854573,25
rl_b,0,korean_5,8,0.02281327359378338,0.0746469383486303,0.00967556331306696,0.11002131551504135,3184.947021484375,11.241325378417969,512,1.7408099982514977,9.202407415769994,niveau,0.5567427349090577,100
rl_b,0,digit_5,8,0.022134307771921158,0.08112903694458405,0.0699538066983223,0.13319556415081024,3186.638671875,11.236218452453613,512,1.7408099982514977,9.202407415769994,niveau,0.5036651039123535,100
rl_b,0,a_lc,8,0.02655838243663311,0.1236720180766385,0.02967120334506035,0.13216319680213928,3527.439697265625,11.269664764404297,512,1.7408099982514977,9.202407415769994,eid,0.9062704628728333,25
rl_b,0,rand_gmm_10,8,0.04296926409006119,0.12778162315652616,0.037551149725914,0.030872993171215057,3521.637451171875,11.226318359375,512,1.7408099982514977,9.202407415769994,mass,0.614964896440506,100
rl_b,0,rand_gmm_20,8,0.04724027216434479,0.15479379469575175,0.042340103536844254,0.05977581813931465,3263.777587890625,11.263873100280762,512,1.7408099982514977,9.202407415769994,mass,0.41097603440284725,100
rl_b,0,rand_ana_poly_10,8,0.02155519835650921,0.06807113035981759,0.0725732147693634,0.18580901622772217,2737.70166015625,11.249019622802734,512,1.7408099982514977,9.202407415769994,eid,4.194516193216433,25
rl_b,0,rand_ana_poly_20,8,0.022967930883169174,0.09665491353616869,0.06581734865903854,0.13958750665187836,3524.177001953125,11.18329906463623,512,1.7408099982514977,9.202407415769994,niveau,0.6341301250457764,25
rl_b,0,rand_ana_poly_30,8,0.030474690720438957,0.10940039930638396,0.032233189791440964,0.3022902011871338,3403.91015625,11.256686210632324,512,1.7408099982514977,9.202407415769994,mass,0.40637727975845334,0
rl_b,0,rand_gmm_complex_0,8,0.04166527837514877,0.13443736416155622,0.015684276819229126,0.05454714223742485,3403.6142578125,11.258798599243164,512,1.7408099982514977,9.202407415769994,ucb,0.25027285526251686,0
rl_b,0,rand_gmm_complex_10,8,0.030581805855035782,0.08931922102782353,0.033457621932029724,0.02425275929272175,3768.783447265625,11.243229866027832,512,1.7408099982514977,9.202407415769994,niveau,0.5992186450958252,25
rl_b,0,rand_gmm_complex_20,8,0.04012687876820564,0.1177225834266533,0.02609340101480484,0.0347677543759346,3375.13671875,11.260437965393066,512,1.7408099982514977,9.202407415769994,niveau,0.16385509490966796,0
rl_b,0,rand_gmm_complex_30,8,0.03412500396370888,0.10347553157668626,0.01943756826221943,0.03727712854743004,3445.870361328125,11.246840476989746,512,1.7408099982514977,9.202407415769994,ucb,0.9346557909199692,100
rl_b,0,rand_ana_poly_complex_0,8,0.027118971571326256,0.118102874855326,0.03447604179382324,0.23110155761241913,3533.275146484375,11.238994598388672,512,1.7408099982514977,9.202407415769994,niveau,0.4506826210021973,100
rl_b,0,rand_ana_poly_complex_10,8,0.039855409413576126,0.13999479570185586,0.031732406467199326,0.22314254939556122,3686.199951171875,11.267179489135742,512,1.7408099982514977,9.202407415769994,ucb,1.4223101050488938,100
rl_b,0,rand_ana_poly_complex_20,8,0.02209044061601162,0.09698654579464737,0.04552388936281204,0.16299431025981903,3317.705078125,11.212225914001465,512,1.7408099982514977,9.202407415769994,eid,2.9790499701776856,25
rl_b,0,rand_ana_poly_complex_30,8,0.025810951367020607,0.1155113263068436,0.04262470453977585,0.15393471717834473,3539.9521484375,11.224552154541016,512,1.7408099982514977,9.202407415769994,eid,0.7814497380994608,25
rl_b,0,organic_0,8,0.04247242212295532,0.1331978118419614,0.049358904361724854,0.23511914908885956,3521.0615234375,11.232950210571289,512,1.7408099982514977,9.202407415769994,niveau,0.7267934513092041,0
rl_b,0,organic_10,8,0.03997540846467018,0.14265258463612773,0.0401436984539032,0.24864664673805237,3573.07861328125,11.22372055053711,512,1.7408099982514977,9.202407415769994,niveau,0.528517165184021,100
rl_b,0,organic_20,8,0.025517215952277184,0.10111844583016877,0.030169283971190453,0.07756408303976059,3510.23828125,11.247748374938965,512,1.7408099982514977,9.202407415769994,niveau,0.715808253288269,0
rl_b,0,organic_30,8,0.019092947244644165,0.11304392706040847,0.06839139759540558,0.08038117736577988,3382.45263671875,11.232927322387695,512,1.7408099982514977,9.202407415769994,eid,0.47088240340426835,100
rl_b,0,cjk_0,8,0.030336499214172363,0.09888725079135137,0.016039887443184853,0.1263827234506607,3763.549072265625,11.273262023925781,512,1.7408099982514977,9.202407415769994,niveau,0.6031495094299316,25
rl_b,0,cjk_10,8,0.044196512550115585,0.14023332570223807,0.07266338169574738,0.12369611114263535,3166.71875,11.213314056396484,512,1.7408099982514977,9.202407415769994,eid,4.148929919942286,25
rl_b,0,cjk_20,8,0.0214457418769598,0.0720907341326432,0.006022254936397076,0.09409599006175995,3562.13330078125,11.22541618347168,512,1.7408099982514977,9.202407415769994,niveau,0.515411958694458,25
rl_b,1,A,1,0.11314012110233307,0.4537930697314538,0.051506273448467255,0.31212908029556274,1115.87451171875,1.4110760688781738,64,1.74144620988518,9.414524148702622,ucb,0.1549119385270038,0
rl_b,1,greek_upper_0,1,0.20945638418197632,0.8401074227843454,0.515300452709198,0.2706698179244995,1056.284423828125,1.412738561630249,64,1.74144620988518,9.414524148702622,ucb,0.1549119385270038,0
rl_b,1,korean_5,1,0.14780116081237793,0.48361775409663416,0.10931006073951721,0.22873170673847198,1129.819580078125,1.410808801651001,64,1.74144620988518,9.414524148702622,ucb,0.1549119385270038,0
rl_b,1,digit_5,1,0.13246412575244904,0.485521709679819,0.18468506634235382,0.3280355632305145,1065.2783203125,1.412315845489502,64,1.74144620988518,9.414524148702622,ucb,0.1549119385270038,0
rl_b,1,a_lc,1,0.14120210707187653,0.6575230844693856,0.13282084465026855,0.22798052430152893,975.2138671875,1.4037628173828125,64,1.74144620988518,9.414524148702622,ucb,0.1549119385270038,0
rl_b,1,rand_gmm_10,1,0.20735958218574524,0.6166441187640057,0.15303641557693481,0.23287330567836761,1042.360107421875,1.4035717248916626,64,1.74144620988518,9.414524148702622,ucb,0.1549119385270038,0
rl_b,1,rand_gmm_20,1,0.26509881019592285,0.868658221459781,0.37659868597984314,0.28221359848976135,1190.8466796875,1.4123423099517822,64,1.74144620988518,9.414524148702622,ucb,0.1549119385270038,0
rl_b,1,rand_ana_poly_10,1,0.14383237063884735,0.4542213850127691,0.14832697808742523,0.294786661863327,1001.0751953125,1.4005792140960693,64,1.74144620988518,9.414524148702622,ucb,0.1549119385270038,0
rl_b,1,rand_ana_poly_20,1,0.14678695797920227,0.6177169725860552,0.2733891010284424,0.25540098547935486,1138.784912109375,1.4116958379745483,64,1.74144620988518,9.414524148702622,ucb,0.1549119385270038,0
rl_b,1,rand_ana_poly_30,1,0.306483656167984,1.1002387086793373,0.5015262365341187,0.2926413118839264,1052.730224609375,1.4026687145233154,64,1.74144620988518,9.414524148702622,ucb,0.1549119385270038,0
rl_b,1,rand_gmm_complex_0,1,0.2559552490711212,0.8258662937185592,0.4468574821949005,0.2303011119365692,961.532958984375,1.4043190479278564,64,1.74144620988518,9.414524148702622,ucb,0.1549119385270038,0
rl_b,1,rand_gmm_complex_10,1,0.21061600744724274,0.615138877355743,0.16718122363090515,0.1945362240076065,998.5322265625,1.403077244758606,64,1.74144620988518,9.414524148702622,ucb,0.1549119385270038,0
rl_b,1,rand_gmm_complex_20,1,0.2168964445590973,0.6363218514215528,0.1779373288154602,0.22418831288814545,1058.1669921875,1.4125583171844482,64,1.74144620988518,9.414524148702622,ucb,0.1549119385270038,0
rl_b,1,rand_gmm_complex_30,1,0.19847144186496735,0.6018149615926616,0.1991785168647766,0.2685975134372711,999.124267578125,1.409532070159912,64,1.74144620988518,9.414524148702622,ucb,0.1549119385270038,0
rl_b,1,rand_ana_poly_complex_0,1,0.18734754621982574,0.8158968619977942,0.3006839454174042,0.4039813280105591,1146.415771484375,1.41170334815979,64,1.74144620988518,9.414524148702622,ucb,0.1549119385270038,0
rl_b,1,rand_ana_poly_complex_10,1,0.19680677354335785,0.6912969772569606,0.19413314759731293,0.4493294954299927,1117.874267578125,1.4107872247695923,64,1.74144620988518,9.414524148702622,ucb,0.1549119385270038,0
rl_b,1,rand_ana_poly_complex_20,1,0.22244592010974884,0.976633367915674,0.5176194906234741,0.26111358404159546,1110.98095703125,1.412073016166687,64,1.74144620988518,9.414524148702622,ucb,0.1549119385270038,0
rl_b,1,rand_ana_poly_complex_30,1,0.15665732324123383,0.7010859431704723,0.16045159101486206,0.4475221037864685,1020.70703125,1.4073700904846191,64,1.74144620988518,9.414524148702622,ucb,0.1549119385270038,0
rl_b,1,organic_0,1,0.21002300083637238,0.6586533743449405,0.14140427112579346,0.44493943452835083,1069.005615234375,1.407759189605713,64,1.74144620988518,9.414524148702622,ucb,0.1549119385270038,0
rl_b,1,organic_10,1,0.15452441573143005,0.5514216899861735,0.04348147660493851,0.4600823223590851,1018.35302734375,1.409462571144104,64,1.74144620988518,9.414524148702622,ucb,0.1549119385270038,0
rl_b,1,organic_20,1,0.17474398016929626,0.6924673806869669,0.26356178522109985,0.30608296394348145,1217.50830078125,1.4123649597167969,64,1.74144620988518,9.414524148702622,ucb,0.1549119385270038,0
rl_b,1,organic_30,1,0.15537430346012115,0.9199271962758231,0.31090614199638367,0.21574461460113525,1126.905517578125,1.4093806743621826,64,1.74144620988518,9.414524148702622,ucb,0.1549119385270038,0
rl_b,1,cjk_0,1,0.15753507614135742,0.5135137865725568,0.03859042376279831,0.28457099199295044,1095.61328125,1.4075433015823364,64,1.74144620988518,9.414524148702622,ucb,0.1549119385270038,0
rl_b,1,cjk_10,1,0.2054634690284729,0.6519253196620418,0.14412039518356323,0.2503880560398102,1019.74072265625,1.4121770858764648,64,1.74144620988518,9.414524148702622,ucb,0.1549119385270038,0
rl_b,1,cjk_20,1,0.15031680464744568,0.505296056516916,0.07917983084917068,0.18571870028972626,991.24853515625,1.4017518758773804,64,1.74144620988518,9.414524148702622,ucb,0.1549119385270038,0
rl_b,1,A,2,0.09704823046922684,0.3892501969023251,0.06947578489780426,0.3245221972465515,1803.089599609375,2.8114523887634277,128,1.74144620988518,9.414524148702622,mass,0.22993729263544083,0
rl_b,1,greek_upper_0,2,0.16271723806858063,0.6526416468529157,0.16306562721729279,0.2402089685201645,1845.6123046875,2.8139708042144775,128,1.74144620988518,9.414524148702622,mass,0.5390326321125031,25
rl_b,1,korean_5,2,0.09122966974973679,0.29851110606196535,0.07471838593482971,0.17704300582408905,1741.83349609375,2.82281231880188,128,1.74144620988518,9.414524148702622,mass,0.29696101546287534,0
rl_b,1,digit_5,2,0.1062931939959526,0.3895972059083283,0.18835297226905823,0.321030855178833,1369.11767578125,2.8157355785369873,128,1.74144620988518,9.414524148702622,eid,2.4665092419050016,100
rl_b,1,a_lc,2,0.0745847150683403,0.34731189868889,0.1448298692703247,0.23480404913425446,1633.661865234375,2.8039844036102295,128,1.74144620988518,9.414524148702622,eid,0.7456698434595829,0
rl_b,1,rand_gmm_10,2,0.1983843594789505,0.5899536796803442,0.2388564795255661,0.2303420901298523,1260.466796875,2.807206630706787,128,1.74144620988518,9.414524148702622,eid,1.9047919317347832,0
rl_b,1,rand_gmm_20,2,0.2014562338590622,0.6601184429181949,0.2720758020877838,0.25597313046455383,1483.855224609375,2.815481662750244,128,1.74144620988518,9.414524148702622,mass,0.35793878436088555,0
rl_b,1,rand_ana_poly_10,2,0.12429678440093994,0.39252817229155657,0.15043960511684418,0.3659791648387909,1443.6640625,2.7971043586730957,128,1.74144620988518,9.414524148702622,eid,0.8227747595300138,100
rl_b,1,rand_ana_poly_20,2,0.08150753378868103,0.34300449922828535,0.12462182343006134,0.3312371075153351,1694.980712890625,2.8133087158203125,128,1.74144620988518,9.414524148702622,eid,0.6122820016443067,100
rl_b,1,rand_ana_poly_30,2,0.09599819779396057,0.3446217475247027,0.18941877782344818,0.2780649960041046,1879.3037109375,2.795895576477051,128,1.74144620988518,9.414524148702622,eid,1.0188468669991895,100
rl_b,1,rand_gmm_complex_0,2,0.23860828578472137,0.7698945083044997,0.3901401162147522,0.22097444534301758,1253.09716796875,2.811373710632324,128,1.74144620988518,9.414524148702622,eid,0.6077424211311837,100
rl_b,1,rand_gmm_complex_10,2,0.15270739793777466,0.44600720747633354,0.08671445399522781,0.11837876588106155,1368.4873046875,2.8096749782562256,128,1.74144620988518,9.414524148702622,eid,1.836562041624527,100
rl_b,1,rand_gmm_complex_20,2,0.15186169743537903,0.44552559018905774,0.09106182307004929,0.19278794527053833,1584.5830078125,2.812365770339966,128,1.74144620988518,9.414524148702622,eid,0.9087245413532535,100
rl_b,1,rand_gmm_complex_30,2,0.17169524729251862,0.520622854774697,0.1986650675535202,0.25160151720046997,1417.75732421875,2.8076252937316895,128,1.74144620988518,9.414524148702622,eid,1.3707024596684543,0
rl_b,1,rand_ana_poly_complex_0,2,0.10987365990877151,0.4784987908546887,0.24961122870445251,0.4333190321922302,1666.4208984375,2.8165674209594727,128,1.74144620988518,9.414524148702622,eid,0.544246477173369,100
rl_b,1,rand_ana_poly_complex_10,2,0.1697700023651123,0.5963285071489355,0.2146672010421753,0.3803378641605377,1384.0654296875,2.8165359497070312,128,1.74144620988518,9.414524148702622,eid,0.5605326667049743,0
rl_b,1,rand_ana_poly_complex_20,2,0.1368829905986786,0.6009752664953382,0.3571876883506775,0.31472763419151306,1460.322265625,2.809579610824585,128,1.74144620988518,9.414524148702622,eid,0.6822330652693053,100
rl_b,1,rand_ana_poly_complex_30,2,0.12588028609752655,0.5633499748323557,0.15236730873584747,0.4078741669654846,1425.29345703125,2.78650164604187,128,1.74144620988518,9.414524148702622,eid,0.9789159895125324,100
rl_b,1,organic_0,2,0.1191859096288681,0.37377906819161055,0.09097561985254288,0.4472946524620056,1695.5419921875,2.820064067840576,128,1.74144620988518,9.414524148702622,mass,0.22270244956016538,0
rl_b,1,organic_10,2,0.11942490935325623,0.42616880335903845,0.04658609628677368,0.44801512360572815,1397.576171875,2.8029260635375977,128,1.74144620988518,9.414524148702622,eid,2.1122489522599537,100
rl_b,1,organic_20,2,0.11562938243150711,0.458210780738907,0.30511176586151123,0.23660479485988617,1782.64990234375,2.811476707458496,128,1.74144620988518,9.414524148702622,eid,0.5814885174827533,100
rl_b,1,organic_30,2,0.10017850250005722,0.5931285088955617,0.131569042801857,0.1929549127817154,1566.296875,2.8104820251464844,128,1.74144620988518,9.414524148702622,eid,0.5575576623908038,100
rl_b,1,cjk_0,2,0.12728627026081085,0.41491238790322393,0.10199293494224548,0.278786301612854,1471.28369140625,2.798708200454712,128,1.74144620988518,9.414524148702622,eid,1.2391130032666136,100
rl_b,1,cjk_10,2,0.1621117740869522,0.5143725580140542,0.17711204290390015,0.31023308634757996,1471.7734375,2.811328172683716,128,1.74144620988518,9.414524148702622,eid,2.0577288056105147,100
rl_b,1,cjk_20,2,0.09949750453233719,0.3344649109018849,0.04137270152568817,0.22740274667739868,1377.9130859375,2.8014907836914062,128,1.74144620988518,9.414524148702622,eid,1.3521559690320686,100
rl_b,1,A,3,0.09018447250127792,0.3617203890161195,0.24995899200439453,0.31530582904815674,1911.079833984375,4.2225823402404785,192,1.74144620988518,9.414524148702622,eid,3.1119135081366003,25
rl_b,1,greek_upper_0,3,0.15293990075588226,0.6134257801055557,0.1803118884563446,0.2261296808719635,2205.209716796875,4.212651252746582,192,1.74144620988518,9.414524148702622,eid,1.9041645515496164,100
rl_b,1,korean_5,3,0.06135587766766548,0.2007615609726605,0.04181055724620819,0.1637209951877594,2479.451171875,4.235168933868408,192,1.74144620988518,9.414524148702622,ucb,0.33316974090618656,25
rl_b,1,digit_5,3,0.08761078119277954,0.3211204243373525,0.16078831255435944,0.3027808368206024,1613.0615234375,4.211076736450195,192,1.74144620988518,9.414524148702622,eid,2.50045813532878,100
rl_b,1,a_lc,3,0.04776619374752045,0.22242851539208644,0.05489998683333397,0.22083158791065216,2196.430908203125,4.207846641540527,192,1.74144620988518,9.414524148702622,eid,2.291096471698731,100
rl_b,1,rand_gmm_10,3,0.17520533502101898,0.5210240987079675,0.18909041583538055,0.20301678776741028,1467.53271484375,4.218811988830566,192,1.74144620988518,9.414524148702622,eid,1.536292853855821,0
rl_b,1,rand_gmm_20,3,0.1543591320514679,0.5057937793640305,0.06776385009288788,0.2046918421983719,1873.39013671875,4.213050365447998,192,1.74144620988518,9.414524148702622,eid,1.6359699549202156,100
rl_b,1,rand_ana_poly_10,3,0.11595571041107178,0.3661871326261183,0.17119669914245605,0.3616144061088562,1968.962158203125,4.208770275115967,192,1.74144620988518,9.414524148702622,eid,0.30930396619149747,0
rl_b,1,rand_ana_poly_20,3,0.065643809735775,0.27624590070694993,0.05467057600617409,0.22628381848335266,2144.3076171875,4.197705268859863,192,1.74144620988518,9.414524148702622,eid,2.144139927985901,100
rl_b,1,rand_ana_poly_30,3,0.05532636120915413,0.19861484613496713,0.0604165717959404,0.313696950674057,2569.6015625,4.209445953369141,192,1.74144620988518,9.414524148702622,mass,0.6465227484703063,0
rl_b,1,rand_gmm_complex_0,3,0.20930705964565277,0.6753510475991562,0.38324832916259766,0.21513815224170685,1473.09033203125,4.219316005706787,192,1.74144620988518,9.414524148702622,eid,0.7994781210064321,100
rl_b,1,rand_gmm_complex_10,3,0.08617528527975082,0.25168917066322816,0.03880322724580765,0.08075466006994247,1904.20068359375,4.22090482711792,192,1.74144620988518,9.414524148702622,eid,0.4667621022105675,0
rl_b,1,rand_gmm_complex_20,3,0.13535454869270325,0.39709759741590533,0.11311642825603485,0.16398091614246368,1897.002197265625,4.208674430847168,192,1.74144620988518,9.414524148702622,eid,1.104246533842599,25
rl_b,1,rand_gmm_complex_30,3,0.12452466785907745,0.37758988144972816,0.08508282154798508,0.20279569923877716,1938.711181640625,4.21795654296875,192,1.74144620988518,9.414524148702622,eid,5.838218722891561,100
rl_b,1,rand_ana_poly_complex_0,3,0.0850750133395195,0.3705009103064996,0.1245562881231308,0.42131170630455017,2264.23193359375,4.214473724365234,192,1.74144620988518,9.414524148702622,mass,0.5177766621112824,0
rl_b,1,rand_ana_poly_complex_10,3,0.06544249504804611,0.229871148214831,0.09541025757789612,0.3473391830921173,2046.533447265625,4.228877067565918,192,1.74144620988518,9.414524148702622,eid,0.32254792705574076,0
rl_b,1,rand_ana_poly_complex_20,3,0.09944136440753937,0.43659040625941675,0.07743055373430252,0.29904356598854065,1747.265625,4.202329158782959,192,1.74144620988518,9.414524148702622,eid,2.0375164873846785,100
rl_b,1,rand_ana_poly_complex_30,3,0.07415308058261871,0.33185606241469073,0.08888018131256104,0.35210874676704407,1947.9599609375,4.193589210510254,192,1.74144620988518,9.414524148702622,mass,0.22565721124410626,25
rl_b,1,organic_0,3,0.09038253873586655,0.2834487836245176,0.048938602209091187,0.37841272354125977,2235.0205078125,4.220924377441406,192,1.74144620988518,9.414524148702622,eid,1.7844685006321885,25
rl_b,1,organic_10,3,0.08868932723999023,0.31648861753608903,0.05857355147600174,0.3182239234447479,1916.262451171875,4.210063457489014,192,1.74144620988518,9.414524148702622,ucb,0.7795635604782482,25
rl_b,1,organic_20,3,0.10283610969781876,0.4075141899222824,0.08497946709394455,0.26214173436164856,2085.0322265625,4.201925277709961,192,1.74144620988518,9.414524148702622,eid,3.261393802680408,25
rl_b,1,organic_30,3,0.04523415490984917,0.26781860562164383,0.14938373863697052,0.25817862153053284,1953.408447265625,4.209158897399902,192,1.74144620988518,9.414524148702622,eid,2.4421086150061964,100
rl_b,1,cjk_0,3,0.07643231749534607,0.24914482371108623,0.06300387531518936,0.2742699384689331,1937.278076171875,4.198896408081055,192,1.74144620988518,9.414524148702622,eid,1.2972602373829634,100
rl_b,1,cjk_10,3,0.12972550094127655,0.4116125317524957,0.1445721536874771,0.24010005593299866,1779.35498046875,4.213314056396484,192,1.74144620988518,9.414524148702622,eid,1.7896531735825805,100
rl_b,1,cjk_20,3,0.0787925124168396,0.2648642372399295,0.039710115641355515,0.1785544604063034,1631.0185546875,4.199365615844727,192,1.74144620988518,9.414524148702622,eid,1.3770920749351332,100
rl_b,1,A,4,0.07515089213848114,0.30142228684494043,0.07767036557197571,0.19962041079998016,2296.152587890625,5.628569602966309,256,1.74144620988518,9.414524148702622,eid,2.9856434686948123,25
rl_b,1,greek_upper_0,4,0.1162583976984024,0.4663001476364011,0.1543816328048706,0.18575738370418549,2408.356689453125,5.618077278137207,256,1.74144620988518,9.414524148702622,eid,2.451445891805895,100
rl_b,1,korean_5,4,0.053107425570487976,0.17377193615452727,0.05766667425632477,0.14899547398090363,2693.873046875,5.641626358032227,256,1.74144620988518,9.414524148702622,eid,4.702600008053462,25
rl_b,1,digit_5,4,0.06412449479103088,0.23503597042930208,0.05195293575525284,0.18325179815292358,2134.9794921875,5.610540866851807,256,1.74144620988518,9.414524148702622,niveau,0.6191245794296265,100
rl_b,1,a_lc,4,0.04668265953660011,0.21738291960554637,0.08595527708530426,0.22918152809143066,2393.31201171875,5.619619369506836,256,1.74144620988518,9.414524148702622,eid,3.0847875929665354,100
rl_b,1,rand_gmm_10,4,0.13047562539577484,0.3880072779578114,0.17463071644306183,0.18895137310028076,1709.406005859375,5.628095626831055,256,1.74144620988518,9.414524148702622,eid,1.0265809513320452,25
rl_b,1,rand_gmm_20,4,0.14465424418449402,0.4739934456403079,0.20396555960178375,0.19917097687721252,2191.16259765625,5.621209144592285,256,1.74144620988518,9.414524148702622,eid,2.803582673929204,25
rl_b,1,rand_ana_poly_10,4,0.06855365633964539,0.21649185501134327,0.021094921976327896,0.36690837144851685,2689.191650390625,5.6167097091674805,256,1.74144620988518,9.414524148702622,mass,0.4491011679172515,25
rl_b,1,rand_ana_poly_20,4,0.04465971514582634,0.187939476478177,0.028077449649572372,0.2164924144744873,2311.18310546875,5.603613376617432,256,1.74144620988518,9.414524148702622,eid,2.039705202474806,25
rl_b,1,rand_ana_poly_30,4,0.04931579530239105,0.17703765225006896,0.04609145596623421,0.25820595026016235,2972.002197265625,5.613907814025879,256,1.74144620988518,9.414524148702622,niveau,0.8408750629425049,0
rl_b,1,rand_gmm_complex_0,4,0.16905449330806732,0.5454719460979208,0.27282121777534485,0.18016527593135834,1848.650634765625,5.615790367126465,256,1.74144620988518,9.414524148702622,eid,1.3935369738843404,100
rl_b,1,rand_gmm_complex_10,4,0.08137522637844086,0.2376698049009516,0.2051205337047577,0.08234002441167831,1933.766357421875,5.617821216583252,256,1.74144620988518,9.414524148702622,eid,0.5923457589129258,0
rl_b,1,rand_gmm_complex_20,4,0.09009356051683426,0.26431277536968345,0.07731713354587555,0.10540710389614105,2260.047119140625,5.616460800170898,256,1.74144620988518,9.414524148702622,eid,4.280771206880906,25
rl_b,1,rand_gmm_complex_30,4,0.11425170302391052,0.34643968734812514,0.11144913733005524,0.19972746074199677,2215.544677734375,5.609317779541016,256,1.74144620988518,9.414524148702622,eid,3.248146143704538,100
rl_b,1,rand_ana_poly_complex_0,4,0.04937316104769707,0.21501966787683946,0.055288054049015045,0.4269442558288574,2825.177001953125,5.627079963684082,256,1.74144620988518,9.414524148702622,mass,0.3753093600273132,0
rl_b,1,rand_ana_poly_complex_10,4,0.051576968282461166,0.18116755652156707,0.04301010072231293,0.29041507840156555,2407.824462890625,5.626125335693359,256,1.74144620988518,9.414524148702622,eid,1.9257950269803332,100
rl_b,1,rand_ana_poly_complex_20,4,0.08193393796682358,0.3597252660046693,0.15009793639183044,0.2610960602760315,2047.1630859375,5.60653018951416,256,1.74144620988518,9.414524148702622,eid,0.7906947257259377,0
rl_b,1,rand_ana_poly_complex_30,4,0.04335739463567734,0.19403663539405702,0.0469522550702095,0.3818899095058441,2357.955322265625,5.591005802154541,256,1.74144620988518,9.414524148702622,eid,2.0157757558129354,100
rl_b,1,organic_0,4,0.08744221925735474,0.27422764432805175,0.07236970961093903,0.354060560464859,2360.307373046875,5.625384330749512,256,1.74144620988518,9.414524148702622,eid,0.6168494688599236,25
rl_b,1,organic_10,4,0.06094614788889885,0.21748684638584423,0.02542230114340782,0.37865641713142395,2169.5009765625,5.609906196594238,256,1.74144620988518,9.414524148702622,eid,1.7800263306469397,25
rl_b,1,organic_20,4,0.06365034729242325,0.25223065897147584,0.1578490138053894,0.14518260955810547,2519.857177734375,5.597984313964844,256,1.74144620988518,9.414524148702622,eid,1.5979017196268275,100
rl_b,1,organic_30,4,0.02487526461482048,0.1472793887028065,0.0699995756149292,0.188564732670784,2346.1259765625,5.618091583251953,256,1.74144620988518,9.414524148702622,eid,0.26803560676694427,0
rl_b,1,cjk_0,4,0.06123978644609451,0.1996220486071983,0.06508220732212067,0.2858556807041168,2542.4638671875,5.60207462310791,256,1.74144620988518,9.414524148702622,eid,1.324105149461552,100
rl_b,1,cjk_10,4,0.11786091327667236,0.37396678799824457,0.12518325448036194,0.2341773360967636,1916.412109375,5.621912956237793,256,1.74144620988518,9.414524148702622,mass,0.6334948837757111,25
rl_b,1,cjk_20,4,0.05847597122192383,0.19656935715694698,0.032223429530858994,0.16328731179237366,2489.35595703125,5.601325988769531,256,1.74144620988518,9.414524148702622,ucb,0.48338458968482934,100
rl_b,1,A,5,0.03288469463586807,0.1318970351153736,0.028997160494327545,0.13186641037464142,2917.95166015625,7.038956165313721,320,1.74144620988518,9.414524148702622,ucb,0.4265209341093262,0
rl_b,1,greek_upper_0,5,0.06003771722316742,0.24080493933471936,0.08391933143138885,0.1465044617652893,3080.939697265625,7.028130054473877,320,1.74144620988518,9.414524148702622,ucb,1.02682163730838,0
rl_b,1,korean_5,5,0.04503430426120758,0.1473560083317406,0.06734473258256912,0.14678332209587097,2736.365478515625,7.0504655838012695,320,1.74144620988518,9.414524148702622,eid,2.4711380657935513,100
rl_b,1,digit_5,5,0.06263910979032516,0.229591578138342,0.043606504797935486,0.15193307399749756,2545.283203125,7.023123264312744,320,1.74144620988518,9.414524148702622,niveau,0.6000796461105347,100
rl_b,1,a_lc,5,0.033020321279764175,0.15376274439721144,0.04691172391176224,0.19369326531887054,2499.865966796875,7.019505977630615,320,1.74144620988518,9.414524148702622,mass,0.1323041871190071,25
rl_b,1,rand_gmm_10,5,0.09554845839738846,0.28414117306109826,0.054310716688632965,0.17253799736499786,2290.84033203125,7.028542995452881,320,1.74144620988518,9.414524148702622,eid,3.8692674598920114,25
rl_b,1,rand_gmm_20,5,0.14286719262599945,0.4681377534653352,0.23574064671993256,0.1989544779062271,2368.495361328125,7.016510009765625,320,1.74144620988518,9.414524148702622,eid,0.6702188916465072,100
rl_b,1,rand_ana_poly_10,5,0.047177352011203766,0.14898567044806968,0.01075783185660839,0.2234521359205246,3102.38916015625,7.015162467956543,320,1.74144620988518,9.414524148702622,mass,0.34281219840049737,25
rl_b,1,rand_ana_poly_20,5,0.02962629683315754,0.12467501636832658,0.029648490250110626,0.1959008127450943,2986.646240234375,7.006108283996582,320,1.74144620988518,9.414524148702622,niveau,0.5348204898834229,100
rl_b,1,rand_ana_poly_30,5,0.04695764183998108,0.1685721707533082,0.06769067794084549,0.23706910014152527,3099.150634765625,7.0260162353515625,320,1.74144620988518,9.414524148702622,eid,1.2896068713973785,0
rl_b,1,rand_gmm_complex_0,5,0.14170381426811218,0.45722212894673125,0.22759900987148285,0.14413318037986755,2205.897705078125,7.026491641998291,320,1.74144620988518,9.414524148702622,eid,1.3422779764388217,0
rl_b,1,rand_gmm_complex_10,5,0.06453703343868256,0.18849107804536416,0.05192222446203232,0.07904241234064102,2368.966064453125,7.0249738693237305,320,1.74144620988518,9.414524148702622,niveau,0.4749451208114624,100
rl_b,1,rand_gmm_complex_20,5,0.07367787510156631,0.21615311393756176,0.2594617009162903,0.08124473690986633,2539.8720703125,7.010416030883789,320,1.74144620988518,9.414524148702622,eid,1.2691782394936557,25
rl_b,1,rand_gmm_complex_30,5,0.11258668452501297,0.3413909355753293,0.1431393325328827,0.19925326108932495,2252.90966796875,7.017838478088379,320,1.74144620988518,9.414524148702622,eid,2.5341002853500685,100
rl_b,1,rand_ana_poly_complex_0,5,0.04441341012716293,0.19341999767029025,0.01846710965037346,0.3295249342918396,3104.939453125,7.040796279907227,320,1.74144620988518,9.414524148702622,niveau,0.4882964849472046,0
rl_b,1,rand_ana_poly_complex_10,5,0.04070506617426872,0.1429792719970446,0.050017405301332474,0.30197542905807495,2528.970947265625,7.033264636993408,320,1.74144620988518,9.414524148702622,eid,1.2292919090256669,100
rl_b,1,rand_ana_poly_complex_20,5,0.07489567250013351,0.32882425013696204,0.13078424334526062,0.25896576046943665,2552.516357421875,7.019462585449219,320,1.74144620988518,9.414524148702622,ucb,1.2959269211680973,0
rl_b,1,rand_ana_poly_complex_30,5,0.042149461805820465,0.18863079345966682,0.03273819014430046,0.3197464942932129,2724.644775390625,7.000384330749512,320,1.74144620988518,9.414524148702622,eid,2.550141307186733,0
rl_b,1,organic_0,5,0.0668928325176239,0.20978268895200763,0.053718239068984985,0.2717665135860443,2713.12744140625,7.025641441345215,320,1.74144620988518,9.414524148702622,eid,2.1675401767723264,25
rl_b,1,organic_10,5,0.048355214297771454,0.1725559929251832,0.01979498751461506,0.35223376750946045,2752.92919921875,7.023184776306152,320,1.74144620988518,9.414524148702622,niveau,0.5831487941741944,0
rl_b,1,organic_20,5,0.060222186148166656,0.2386457001887108,0.11371386051177979,0.13706611096858978,2923.36083984375,7.010924339294434,320,1.74144620988518,9.414524148702622,niveau,0.8149432754516602,0
rl_b,1,organic_30,5,0.024785147979855537,0.14674583365866506,0.017435919493436813,0.12245301902294159,3016.537353515625,7.029703140258789,320,1.74144620988518,9.414524148702622,ucb,2.1131675772174057,0
rl_b,1,cjk_0,5,0.057219892740249634,0.18651848533056453,0.050387609750032425,0.26039326190948486,2839.835205078125,7.014376163482666,320,1.74144620988518,9.414524148702622,niveau,0.5464310216903687,25
rl_b,1,cjk_10,5,0.11334045976400375,0.3596236149018364,0.1463138610124588,0.2275991588830948,2209.16796875,7.0258588790893555,320,1.74144620988518,9.414524148702622,eid,2.6368856444844972,100
rl_b,1,cjk_20,5,0.05229051038622856,0.17577667881770745,0.04840188845992088,0.14354349672794342,2746.0849609375,7.012141704559326,320,1.74144620988518,9.414524148702622,ucb,0.2887523475793802,100
rl_b,1,A,6,0.028591491281986237,0.11467745014447472,0.03161470592021942,0.1382695734500885,3065.38720703125,8.447858810424805,384,1.74144620988518,9.414524148702622,mass,0.5111856698989868,100
rl_b,1,greek_upper_0,6,0.04258660227060318,0.17081036139540604,0.08910267055034637,0.09682906419038773,3293.6865234375,8.434111595153809,384,1.74144620988518,9.414524148702622,eid,2.4713434429035828,100
rl_b,1,korean_5,6,0.03727881982922554,0.12197941492536149,0.09062522649765015,0.128664031624794,2870.967041015625,8.46322250366211,384,1.74144620988518,9.414524148702622,eid,1.2846032573243105,0
rl_b,1,digit_5,6,0.033341821283102036,0.12220801655735372,0.02241654135286808,0.10888749361038208,3020.39697265625,8.433483123779297,384,1.74144620988518,9.414524148702622,mass,0.3833712220191955,0
rl_b,1,a_lc,6,0.0320422388613224,0.14920819643772704,0.03812175989151001,0.14360326528549194,2912.656494140625,8.432198524475098,384,1.74144620988518,9.414524148702622,niveau,0.7349062681198121,100
rl_b,1,rand_gmm_10,6,0.09034673869609833,0.26867234433638487,0.0988851860165596,0.17115150392055511,2505.439697265625,8.437012672424316,384,1.74144620988518,9.414524148702622,eid,1.402327263513704,25
rl_b,1,rand_gmm_20,6,0.1066102534532547,0.3493334167951878,0.21075403690338135,0.15149667859077454,2491.822021484375,8.426283836364746,384,1.74144620988518,9.414524148702622,eid,2.510010968780309,25
rl_b,1,rand_ana_poly_10,6,0.03558575361967087,0.11237950277852417,0.07874161750078201,0.1487647444009781,3252.584716796875,8.41578483581543,384,1.74144620988518,9.414524148702622,niveau,0.7155023527145385,25
rl_b,1,rand_ana_poly_20,6,0.029614733532071114,0.12462635504692211,0.04546045511960983,0.18034975230693817,3370.37890625,8.419008255004883,384,1.74144620988518,9.414524148702622,ucb,1.0919219747314468,0
rl_b,1,rand_ana_poly_30,6,0.03182109072804451,0.11423381008024215,0.14611609280109406,0.25501549243927,3152.40673828125,8.422431945800781,384,1.74144620988518,9.414524148702622,niveau,0.5466506910324097,25
rl_b,1,rand_gmm_complex_0,6,0.07239636778831482,0.23359442777986444,0.1509454995393753,0.09055410325527191,2617.26708984375,8.436767578125,384,1.74144620988518,9.414524148702622,eid,3.34392173066143,25
rl_b,1,rand_gmm_complex_10,6,0.06128035858273506,0.17897942060260297,0.045244138687849045,0.0813080444931984,2448.97607421875,8.41173267364502,384,1.74144620988518,9.414524148702622,ucb,0.8541699178027226,100
rl_b,1,rand_gmm_complex_20,6,0.056404028087854385,0.16547581337008777,0.06186667084693909,0.05515794828534126,2821.347900390625,8.402050971984863,384,1.74144620988518,9.414524148702622,mass,0.38950124979019163,100
rl_b,1,rand_gmm_complex_30,6,0.10636191815137863,0.3225158898716719,0.13568314909934998,0.19531266391277313,2484.439697265625,8.424068450927734,384,1.74144620988518,9.414524148702622,eid,0.8450893791324839,100
rl_b,1,rand_ana_poly_complex_0,6,0.04071776568889618,0.17732549971138206,0.06691492348909378,0.26078343391418457,3333.88525390625,8.446649551391602,384,1.74144620988518,9.414524148702622,niveau,0.8662941312789917,0
rl_b,1,rand_ana_poly_complex_10,6,0.034748341888189316,0.12205587886793247,0.03999285772442818,0.27808982133865356,2870.028564453125,8.440442085266113,384,1.74144620988518,9.414524148702622,niveau,0.7873782873153686,100
rl_b,1,rand_ana_poly_complex_20,6,0.0592338852584362,0.26006226064355603,0.12182443588972092,0.30676671862602234,2756.716552734375,8.432323455810547,384,1.74144620988518,9.414524148702622,mass,0.5534301400184631,0
rl_b,1,rand_ana_poly_complex_30,6,0.042148709297180176,0.18862742577012057,0.09745724499225616,0.31067878007888794,2990.591796875,8.412019729614258,384,1.74144620988518,9.414524148702622,ucb,1.1180323543801003,0
rl_b,1,organic_0,6,0.05847610905766487,0.1833869928341843,0.018131013959646225,0.25342994928359985,3018.82470703125,8.427462577819824,384,1.74144620988518,9.414524148702622,eid,1.2074314915547146,25
rl_b,1,organic_10,6,0.03974168375134468,0.14181853601149175,0.013270268216729164,0.2848145067691803,2917.3515625,8.433902740478516,384,1.74144620988518,9.414524148702622,mass,0.2666504174470901,0
rl_b,1,organic_20,6,0.05645765736699104,0.22372779925675407,0.034748222678899765,0.1305873990058899,3052.35693359375,8.409380912780762,384,1.74144620988518,9.414524148702622,niveau,0.566906533241272,25
rl_b,1,organic_30,6,0.022796249017119408,0.13497012682863996,0.0781073272228241,0.09940445423126221,3166.351806640625,8.43099594116211,384,1.74144620988518,9.414524148702622,ucb,0.39239341500197883,100
rl_b,1,cjk_0,6,0.055226802825927734,0.18002165190176908,0.06599478423595428,0.25170281529426575,2933.465576171875,8.422646522521973,384,1.74144620988518,9.414524148702622,eid,0.9177330699550638,25
rl_b,1,cjk_10,6,0.09881281107664108,0.3135281116027352,0.1315211057662964,0.20624929666519165,2579.314453125,8.430800437927246,384,1.74144620988518,9.414524148702622,niveau,0.6317663717269898,100
rl_b,1,cjk_20,6,0.04583444446325302,0.1540743504643072,0.0473712794482708,0.1088753342628479,3131.206787109375,8.42420482635498,384,1.74144620988518,9.414524148702622,ucb,2.1537036318106555,0
rl_b,1,A,7,0.026729241013526917,0.10720816110979159,0.0329868420958519,0.14775024354457855,3139.22509765625,9.859728813171387,448,1.74144620988518,9.414524148702622,mass,0.4027374684810638,0
rl_b,1,greek_upper_0,7,0.029553761705756187,0.11853701512690383,0.050124190747737885,0.0913756862282753,3645.58447265625,9.831050872802734,448,1.74144620988518,9.414524148702622,mass,0.6709091246128082,100
rl_b,1,korean_5,7,0.03659707307815552,0.11974868256302439,0.05734926089644432,0.12734955549240112,2916.54541015625,9.876582145690918,448,1.74144620988518,9.414524148702622,eid,1.8539717914860856,0
rl_b,1,digit_5,7,0.028874311596155167,0.10583322127677192,0.014112725853919983,0.09237006306648254,3071.920166015625,9.835227966308594,448,1.74144620988518,9.414524148702622,mass,0.49331314563751216,100
rl_b,1,a_lc,7,0.02907266654074192,0.135380057522002,0.0579424686729908,0.14277830719947815,2952.416015625,9.841461181640625,448,1.74144620988518,9.414524148702622,niveau,0.29804615497589115,0
rl_b,1,rand_gmm_10,7,0.049214690923690796,0.14635421905749027,0.08267024159431458,0.05315177142620087,2914.43310546875,9.84892463684082,448,1.74144620988518,9.414524148702622,eid,1.3606974934796199,0
rl_b,1,rand_gmm_20,7,0.10384617000818253,0.34027625125156163,0.20470161736011505,0.1391102522611618,2523.393798828125,9.838556289672852,448,1.74144620988518,9.414524148702622,mass,0.32357134521007536,0
rl_b,1,rand_ana_poly_10,7,0.033318761736154556,0.10522036197753558,0.06733419001102448,0.13147571682929993,3300.8583984375,9.82662582397461,448,1.74144620988518,9.414524148702622,eid,1.4468197289327513,0
rl_b,1,rand_ana_poly_20,7,0.02291560359299183,0.09643470694753864,0.06623993068933487,0.169907346367836,3410.800537109375,9.828394889831543,448,1.74144620988518,9.414524148702622,niveau,0.5530155944824219,25
rl_b,1,rand_ana_poly_30,7,0.029350848868489265,0.10536594499515244,0.052127350121736526,0.26193103194236755,3279.806884765625,9.83326530456543,448,1.74144620988518,9.414524148702622,eid,0.7240795568757172,25
rl_b,1,rand_gmm_complex_0,7,0.04436226189136505,0.1431394626293188,0.08242983371019363,0.05493518337607384,3132.35009765625,9.845903396606445,448,1.74144620988518,9.414524148702622,niveau,0.5563684892654419,100
rl_b,1,rand_gmm_complex_10,7,0.041371557861566544,0.12083247596361828,0.12390708923339844,0.054895251989364624,3152.35546875,9.810562133789062,448,1.74144620988518,9.414524148702622,niveau,0.7134298133850098,100
rl_b,1,rand_gmm_complex_20,7,0.048728037625551224,0.1429563088554064,0.10872985422611237,0.04625753313302994,3011.3046875,9.800304412841797,448,1.74144620988518,9.414524148702622,ucb,0.19142862660452967,0
rl_b,1,rand_gmm_complex_30,7,0.10190839320421219,0.3090116903765403,0.1592443883419037,0.19852633774280548,2642.683837890625,9.827759742736816,448,1.74144620988518,9.414524148702622,eid,2.402990096045183,25
rl_b,1,rand_ana_poly_complex_0,7,0.02892576903104782,0.12597146138019402,0.01193160004913807,0.23608778417110443,3661.818603515625,9.836356163024902,448,1.74144620988518,9.414524148702622,niveau,0.45280291795730593,25
rl_b,1,rand_ana_poly_complex_10,7,0.033660851418972015,0.11823599573774106,0.05027855932712555,0.2754289507865906,2912.742919921875,9.852190017700195,448,1.74144620988518,9.414524148702622,niveau,0.7795996952056885,0
rl_b,1,rand_ana_poly_complex_20,7,0.05245637893676758,0.23030608969766816,0.1526363492012024,0.2970459461212158,2876.885498046875,9.845941543579102,448,1.74144620988518,9.414524148702622,mass,0.5535391986370086,0
rl_b,1,rand_ana_poly_complex_30,7,0.03630603477358818,0.16247980053141475,0.032132454216480255,0.29553836584091187,3197.228515625,9.821191787719727,448,1.74144620988518,9.414524148702622,niveau,0.334149923324585,100
rl_b,1,organic_0,7,0.053177155554294586,0.16676893866110373,0.027876585721969604,0.22250308096408844,3256.244384765625,9.83908462524414,448,1.74144620988518,9.414524148702622,niveau,0.6948463010787964,100
rl_b,1,organic_10,7,0.036034371703863144,0.12858896148210838,0.016587819904088974,0.2760537564754486,2945.567626953125,9.843196868896484,448,1.74144620988518,9.414524148702622,eid,0.748604164916554,0
rl_b,1,organic_20,7,0.04852762445807457,0.1923030307933212,0.04113177955150604,0.10908367484807968,3264.63818359375,9.822304725646973,448,1.74144620988518,9.414524148702622,niveau,0.16250147700309753,0
rl_b,1,organic_30,7,0.021194789558649063,0.1254883394495696,0.022307932376861572,0.10313770920038223,3309.2216796875,9.82889461517334,448,1.74144620988518,9.414524148702622,eid,1.7167042572536706,25
rl_b,1,cjk_0,7,0.03758843615651131,0.12252623767897208,0.018227308988571167,0.19261319935321808,3407.693603515625,9.821390151977539,448,1.74144620988518,9.414524148702622,ucb,4.044999084280585,0
rl_b,1,cjk_10,7,0.08033386617898941,0.25489534288534643,0.1619582176208496,0.18552656471729279,2692.768798828125,9.843116760253906,448,1.74144620988518,9.414524148702622,ucb,1.2792152014090605,0
rl_b,1,cjk_20,7,0.035927992314100266,0.1207734083854704,0.04732928425073624,0.11072517186403275,3534.655517578125,9.828347206115723,448,1.74144620988518,9.414524148702622,niveau,0.6062788009643555,25
rl_b,1,A,8,0.026384791359305382,0.10582660994620613,0.013672783970832825,0.112351194024086,3546.844970703125,11.265604019165039,512,1.74144620988518,9.414524148702622,ucb,1.569903432232838,100
rl_b,1,greek_upper_0,8,0.026955172419548035,0.10811434810418533,0.03599272295832634,0.08177366107702255,3764.55224609375,11.238554000854492,512,1.74144620988518,9.414524148702622,ucb,2.3037116277137373,25
rl_b,1,korean_5,8,0.032589495182037354,0.10663555266042306,0.056244831532239914,0.13592351973056793,3223.59521484375,11.284051895141602,512,1.74144620988518,9.414524148702622,niveau,0.4701029539108277,25
rl_b,1,digit_5,8,0.027445273473858833,0.10059535760316422,0.015700578689575195,0.09151699393987656,3275.1181640625,11.24327564239502,512,1.74144620988518,9.414524148702622,ucb,1.820585917445876,0
rl_b,1,a_lc,8,0.023038454353809357,0.10728108724619019,0.042223818600177765,0.10933231562376022,3147.0439453125,11.25112533569336,512,1.74144620988518,9.414524148702622,niveau,0.49464261054992675,25
rl_b,1,rand_gmm_10,8,0.04143986105918884,0.12323349774912404,0.053604960441589355,0.05297073349356651,3180.909912109375,11.255409240722656,512,1.74144620988518,9.414524148702622,eid,3.2315222704176185,25
rl_b,1,rand_gmm_20,8,0.10166537761688232,0.333130375196517,0.1938922107219696,0.1390068531036377,2823.560302734375,11.248978614807129,512,1.74144620988518,9.414524148702622,niveau,0.476023588180542,100
rl_b,1,rand_ana_poly_10,8,0.022758018225431442,0.07186962512393832,0.0885850340127945,0.11902418732643127,3437.748046875,11.232540130615234,512,1.74144620988518,9.414524148702622,eid,0.4486432005591163,100
rl_b,1,rand_ana_poly_20,8,0.02239926904439926,0.09426183942177808,0.052503861486911774,0.11769255250692368,3751.282470703125,11.232254028320312,512,1.74144620988518,9.414524148702622,niveau,0.6627649784088135,25
rl_b,1,rand_ana_poly_30,8,0.02468270994722843,0.08860789922239942,0.029613731428980827,0.2584359645843506,3464.1748046875,11.233501434326172,512,1.74144620988518,9.414524148702622,niveau,0.49949972629547124,25
rl_b,1,rand_gmm_complex_0,8,0.03412790596485138,0.11011724633057103,0.0569014698266983,0.04635225236415863,3477.9189453125,11.249889373779297,512,1.74144620988518,9.414524148702622,niveau,0.45682497024536134,25
rl_b,1,rand_gmm_complex_10,8,0.031342923641204834,0.09154219138128442,0.006106116343289614,0.035097166895866394,3422.1474609375,11.222437858581543,512,1.74144620988518,9.414524148702622,niveau,0.3566847562789917,100
rl_b,1,rand_gmm_complex_20,8,0.043389126658439636,0.127293231859962,0.032692015171051025,0.04271702095866203,3142.8291015625,11.20506477355957,512,1.74144620988518,9.414524148702622,eid,2.2766871857970368,25
rl_b,1,rand_gmm_complex_30,8,0.05517973005771637,0.16731871756124742,0.09269315749406815,0.07867659628391266,3162.8837890625,11.238165855407715,512,1.74144620988518,9.414524148702622,niveau,0.7044143486022949,100
rl_b,1,rand_ana_poly_complex_0,8,0.025631191208958626,0.11162360489161172,0.035324934870004654,0.1871533840894699,3758.3603515625,11.23326301574707,512,1.74144620988518,9.414524148702622,niveau,0.6807499599456788,25
rl_b,1,rand_ana_poly_complex_10,8,0.029864879325032234,0.10490238944438739,0.030895445495843887,0.19405774772167206,3467.316162109375,11.264357566833496,512,1.74144620988518,9.414524148702622,niveau,0.5890747261047363,0
rl_b,1,rand_ana_poly_complex_20,8,0.02665819227695465,0.11704094232495127,0.12147578597068787,0.22713764011859894,3316.93212890625,11.2532377243042,512,1.74144620988518,9.414524148702622,mass,0.6415243446826935,25
rl_b,1,rand_ana_poly_complex_30,8,0.03288080915808678,0.14715094464692074,0.05493214726448059,0.17174936830997467,3615.572998046875,11.221692085266113,512,1.74144620988518,9.414524148702622,niveau,0.6301369476318359,25
rl_b,1,organic_0,8,0.03560364991426468,0.11165664742261489,0.08870451152324677,0.15485446155071259,3617.573486328125,11.250168800354004,512,1.74144620988518,9.414524148702622,niveau,0.19982823133468627,0
rl_b,1,organic_10,8,0.03416518494486809,0.12191875265675195,0.13038063049316406,0.21346153318881989,3133.33203125,11.245591163635254,512,1.74144620988518,9.414524148702622,niveau,0.5638719701766968,100
rl_b,1,organic_20,8,0.044587790966033936,0.17669044044295257,0.10016809403896332,0.1235424354672432,3283.4775390625,11.218143463134766,512,1.74144620988518,9.414524148702622,niveau,0.6203949689865113,100
rl_b,1,organic_30,8,0.018343031406402588,0.10860388801177988,0.04231138527393341,0.10033291578292847,3352.933837890625,11.238203048706055,512,1.74144620988518,9.414524148702622,niveau,0.2918229508399964,0
rl_b,1,cjk_0,8,0.032266292721033096,0.10517775824711302,0.08375686407089233,0.20493993163108826,3527.8486328125,11.234543800354004,512,1.74144620988518,9.414524148702622,eid,1.310878418653217,100
rl_b,1,cjk_10,8,0.060481034219264984,0.1919032991768535,0.06433549523353577,0.1506502777338028,3557.116943359375,11.253166198730469,512,1.74144620988518,9.414524148702622,ucb,4.845363463651786,0
rl_b,1,cjk_20,8,0.03257078304886818,0.10948801280642959,0.034388549625873566,0.10125921666622162,3591.984375,11.234299659729004,512,1.74144620988518,9.414524148702622,ucb,1.0102900760418316,100
rl_b,2,A,1,0.1459456980228424,0.5853727720512375,0.07593011856079102,0.24437575042247772,1088.120849609375,1.4085575342178345,64,1.7405892031267285,9.570013025812806,ucb,0.1549119385270038,0
rl_b,2,greek_upper_0,1,0.14489233493804932,0.5811478440316034,0.1375790685415268,0.3213111162185669,1101.17822265625,1.4113820791244507,64,1.7405892031267285,9.570013025812806,ucb,0.1549119385270038,0
rl_b,2,korean_5,1,0.17954963445663452,0.587501413977509,0.2619668245315552,0.23775504529476166,1167.55029296875,1.4118945598602295,64,1.7405892031267285,9.570013025812806,ucb,0.1549119385270038,0
rl_b,2,digit_5,1,0.1593431830406189,0.5840417110386983,0.18382394313812256,0.2886248528957367,1226.416259765625,1.412224292755127,64,1.7405892031267285,9.570013025812806,ucb,0.1549119385270038,0
rl_b,2,a_lc,1,0.1884213089942932,0.8774044724886582,0.4249063730239868,0.2139047086238861,1077.947509765625,1.4127235412597656,64,1.7405892031267285,9.570013025812806,ucb,0.1549119385270038,0
rl_b,2,rand_gmm_10,1,0.20433945953845978,0.6076629043500688,0.17843438684940338,0.22398827970027924,1149.829345703125,1.4109058380126953,64,1.7405892031267285,9.570013025812806,ucb,0.1549119385270038,0
rl_b,2,rand_gmm_20,1,0.2642046809196472,0.8657283978732071,0.35902270674705505,0.28705522418022156,1150.60302734375,1.4109066724777222,64,1.7405892031267285,9.570013025812806,ucb,0.1549119385270038,0
rl_b,2,rand_ana_poly_10,1,0.12618117034435272,0.3984790468360965,0.20448456704616547,0.3116540312767029,1091.52197265625,1.4097988605499268,64,1.7405892031267285,9.570013025812806,ucb,0.1549119385270038,0
rl_b,2,rand_ana_poly_20,1,0.10468277335166931,0.4405318205849555,0.13973738253116608,0.3577747344970703,1229.4453125,1.4122575521469116,64,1.7405892031267285,9.570013025812806,ucb,0.1549119385270038,0
rl_b,2,rand_ana_poly_30,1,0.1994222104549408,0.7159012589978472,0.24004794657230377,0.34935078024864197,1013.125732421875,1.4071213006973267,64,1.7405892031267285,9.570013025812806,ucb,0.1549119385270038,0
rl_b,2,rand_gmm_complex_0,1,0.16555213928222656,0.5341712357233207,0.08167825639247894,0.14981092512607574,1121.6240234375,1.411055088043213,64,1.7405892031267285,9.570013025812806,ucb,0.1549119385270038,0
rl_b,2,rand_gmm_complex_10,1,0.25648733973503113,0.7491136886168981,0.3812454044818878,0.2287561148405075,1057.5830078125,1.398578405380249,64,1.7405892031267285,9.570013025812806,ucb,0.1549119385270038,0
rl_b,2,rand_gmm_complex_20,1,0.17408935725688934,0.5107361826408771,0.1568356454372406,0.2012663632631302,1149.631103515625,1.4112693071365356,64,1.7405892031267285,9.570013025812806,ucb,0.1549119385270038,0
rl_b,2,rand_gmm_complex_30,1,0.13831035792827606,0.4193915354386566,0.05538417026400566,0.16801756620407104,1198.533447265625,1.4086575508117676,64,1.7405892031267285,9.570013025812806,ucb,0.1549119385270038,0
rl_b,2,rand_ana_poly_complex_0,1,0.19211794435977936,0.8366719025649195,0.1682097464799881,0.5664945840835571,1055.57177734375,1.406900405883789,64,1.7405892031267285,9.570013025812806,ucb,0.1549119385270038,0
rl_b,2,rand_ana_poly_complex_10,1,0.1979253888130188,0.6952261883339347,0.2692826986312866,0.3988513946533203,1206.4140625,1.4121816158294678,64,1.7405892031267285,9.570013025812806,ucb,0.1549119385270038,0
rl_b,2,rand_ana_poly_complex_20,1,0.20133252441883087,0.8839364700288344,0.3218644857406616,0.300576776266098,1092.21142578125,1.40268075466156,64,1.7405892031267285,9.570013025812806,ucb,0.1549119385270038,0
rl_b,2,rand_ana_poly_complex_30,1,0.1330222636461258,0.5953123495376329,0.08597948402166367,0.3658669590950012,1057.627685546875,1.4085049629211426,64,1.7405892031267285,9.570013025812806,ucb,0.1549119385270038,0
rl_b,2,organic_0,1,0.18238987028598785,0.5719930818615232,0.11348792910575867,0.4198877811431885,1170.6806640625,1.4111549854278564,64,1.7405892031267285,9.570013025812806,ucb,0.1549119385270038,0
rl_b,2,organic_10,1,0.15066704154014587,0.537656617422082,0.1815788745880127,0.36783626675605774,1217.9677734375,1.4127545356750488,64,1.7405892031267285,9.570013025812806,ucb,0.1549119385270038,0
rl_b,2,organic_20,1,0.1364600658416748,0.5407576516810899,0.25920119881629944,0.30073413252830505,1083.790283203125,1.411787748336792,64,1.7405892031267285,9.570013025812806,ucb,0.1549119385270038,0
rl_b,2,organic_30,1,0.165024071931839,0.9770607393212897,0.34850072860717773,0.2648499608039856,1083.19970703125,1.4085147380828857,64,1.7405892031267285,9.570013025812806,ucb,0.1549119385270038,0
rl_b,2,cjk_0,1,0.15150462090969086,0.4938564380212369,0.06290789693593979,0.27017587423324585,1064.916015625,1.4111328125,64,1.7405892031267285,9.570013025812806,ucb,0.1549119385270038,0
rl_b,2,cjk_10,1,0.18402652442455292,0.58390696569591,0.2028062343597412,0.2260623723268509,1038.9091796875,1.4108723402023315,64,1.7405892031267285,9.570013025812806,ucb,0.1549119385270038,0
rl_b,2,cjk_20,1,0.16392163932323456,0.5510292619783025,0.23619584739208221,0.1887873262166977,1043.259765625,1.4053170680999756,64,1.7405892031267285,9.570013025812806,ucb,0.1549119385270038,0
rl_b,2,A,2,0.11757415533065796,0.4715775124575311,0.07683651149272919,0.20681500434875488,1556.3125,2.8042211532592773,128,1.7405892031267285,9.570013025812806,eid,0.8742529747567979,100
rl_b,2,greek_upper_0,2,0.13222667574882507,0.5303472234590667,0.21986593306064606,0.3423745036125183,1434.7900390625,2.817234992980957,128,1.7405892031267285,9.570013025812806,eid,0.5810947673148812,100
rl_b,2,korean_5,2,0.12964503467082977,0.424209391541099,0.10609237104654312,0.2173425704240799,1770.89404296875,2.823108196258545,128,1.7405892031267285,9.570013025812806,mass,0.26395346969366074,100
rl_b,2,digit_5,2,0.09730365872383118,0.35664779783459755,0.1441204845905304,0.15315639972686768,1856.84716796875,2.810241222381592,128,1.7405892031267285,9.570013025812806,mass,0.27807606458663936,25
rl_b,2,a_lc,2,0.10251075029373169,0.47735254184340886,0.16675375401973724,0.26652491092681885,1739.9423828125,2.8183517456054688,128,1.7405892031267285,9.570013025812806,mass,0.4516929864883422,25
rl_b,2,rand_gmm_10,2,0.1252484917640686,0.37246287350826013,0.12223848700523376,0.1692281812429428,1957.159912109375,2.8238205909729004,128,1.7405892031267285,9.570013025812806,eid,1.6454939097963652,0
rl_b,2,rand_gmm_20,2,0.2541768252849579,0.832869784761187,0.3997933566570282,0.2844102382659912,1312.2490234375,2.8109774589538574,128,1.7405892031267285,9.570013025812806,mass,0.27101527005434034,100
rl_b,2,rand_ana_poly_10,2,0.06020395830273628,0.19012358067978669,0.049422238022089005,0.2309170365333557,1631.32421875,2.821364402770996,128,1.7405892031267285,9.570013025812806,mass,0.35684935152530667,0
rl_b,2,rand_ana_poly_20,2,0.06351585686206818,0.2672909320568181,0.09757785499095917,0.4154229462146759,1714.63037109375,2.820305824279785,128,1.7405892031267285,9.570013025812806,eid,0.5783398911086367,100
rl_b,2,rand_ana_poly_30,2,0.15075327455997467,0.5411857526266834,0.2149316817522049,0.4535394310951233,1586.5654296875,2.8174819946289062,128,1.7405892031267285,9.570013025812806,eid,0.5993875237217439,0
rl_b,2,rand_gmm_complex_0,2,0.12284305691719055,0.3963659291748619,0.059103257954120636,0.11278615146875381,1528.076171875,2.8210744857788086,128,1.7405892031267285,9.570013025812806,mass,0.38940010368824,25
rl_b,2,rand_gmm_complex_10,2,0.13292528688907623,0.38823028097528806,0.18869471549987793,0.16334880888462067,1726.80419921875,2.791477918624878,128,1.7405892031267285,9.570013025812806,eid,1.7825679473140021,100
rl_b,2,rand_gmm_complex_20,2,0.14690575003623962,0.4309860359285961,0.1629285365343094,0.1899046152830124,1706.891845703125,2.8236420154571533,128,1.7405892031267285,9.570013025812806,ucb,0.30272255240594,25
rl_b,2,rand_gmm_complex_30,2,0.10253581404685974,0.3109141870116848,0.07055031508207321,0.1343367099761963,1729.1748046875,2.806325674057007,128,1.7405892031267285,9.570013025812806,eid,1.5198922946621136,25
rl_b,2,rand_ana_poly_complex_0,2,0.09233915060758591,0.4021361621244357,0.10775963962078094,0.5718263983726501,2092.096435546875,2.8191256523132324,128,1.7405892031267285,9.570013025812806,ucb,1.0392504327615932,25
rl_b,2,rand_ana_poly_complex_10,2,0.12658360600471497,0.44463339663493423,0.17059727013111115,0.4633963704109192,1607.164306640625,2.8100290298461914,128,1.7405892031267285,9.570013025812806,mass,0.30240474641323084,0
rl_b,2,rand_ana_poly_complex_20,2,0.18676640093326569,0.8199849161852552,0.40312492847442627,0.3161868751049042,1373.77392578125,2.7914528846740723,128,1.7405892031267285,9.570013025812806,eid,1.2843968295890718,100
rl_b,2,rand_ana_poly_complex_30,2,0.09779884666204453,0.43767757060077717,0.0900198221206665,0.32461321353912354,1559.941162109375,2.814312696456909,128,1.7405892031267285,9.570013025812806,eid,1.4560700408222955,100
rl_b,2,organic_0,2,0.137803316116333,0.43216513807770707,0.11314704269170761,0.4556320905685425,1641.808837890625,2.8222832679748535,128,1.7405892031267285,9.570013025812806,mass,0.21654511690139772,100
rl_b,2,organic_10,2,0.10882022231817245,0.3883258876037456,0.11368279904127121,0.34126564860343933,1786.60400390625,2.821775436401367,128,1.7405892031267285,9.570013025812806,niveau,0.5152221345901489,25
rl_b,2,organic_20,2,0.09595787525177002,0.380257439870053,0.19727188348770142,0.2563326060771942,1654.76904296875,2.8016037940979004,128,1.7405892031267285,9.570013025812806,eid,0.4235819202902288,0
rl_b,2,organic_30,2,0.11034087836742401,0.6532970549870154,0.3860552906990051,0.22263123095035553,1495.53369140625,2.804905414581299,128,1.7405892031267285,9.570013025812806,eid,0.5473216874338052,100
rl_b,2,cjk_0,2,0.11084695160388947,0.3613254853608741,0.049902863800525665,0.27736636996269226,1575.10986328125,2.8208816051483154,128,1.7405892031267285,9.570013025812806,eid,0.5623327579163011,100
rl_b,2,cjk_10,2,0.16613909602165222,0.5271510492566869,0.1984301060438156,0.21209551393985748,1417.928955078125,2.819309711456299,128,1.7405892031267285,9.570013025812806,eid,0.6427222926974507,100
rl_b,2,cjk_20,2,0.14024381339550018,0.4714352864661209,0.25266033411026,0.1613440364599228,1316.533203125,2.7964260578155518,128,1.7405892031267285,9.570013025812806,eid,0.6097254093255553,100
rl_b,2,A,3,0.08587626367807388,0.34444061869346265,0.08118639886379242,0.27233797311782837,1947.691650390625,4.206814289093018,192,1.7405892031267285,9.570013025812806,eid,0.2767973984931949,0
rl_b,2,greek_upper_0,3,0.10107636451721191,0.4054066168983016,0.16426636278629303,0.324953556060791,1660.031982421875,4.217864990234375,192,1.7405892031267285,9.570013025812806,eid,0.8512547984474754,100
rl_b,2,korean_5,3,0.05770913511514664,0.18882911447951975,0.02519202046096325,0.1951131969690323,2412.935546875,4.2357940673828125,192,1.7405892031267285,9.570013025812806,eid,0.44057346169520784,0
rl_b,2,digit_5,3,0.07244323939085007,0.2655267246433297,0.11615115404129028,0.24915599822998047,2231.48388671875,4.200519561767578,192,1.7405892031267285,9.570013025812806,eid,2.1559210918094025,100
rl_b,2,a_lc,3,0.05680165812373161,0.26450314536368763,0.10646199434995651,0.15709123015403748,2219.384521484375,4.22443151473999,192,1.7405892031267285,9.570013025812806,eid,0.7041955489078423,100
rl_b,2,rand_gmm_10,3,0.07863368093967438,0.23384015523710305,0.034345127642154694,0.08197023719549179,2588.548583984375,4.219892978668213,192,1.7405892031267285,9.570013025812806,eid,3.7376775910712507,100
rl_b,2,rand_gmm_20,3,0.2515656054019928,0.8243135124123956,0.425432026386261,0.27791628241539,1419.628662109375,4.213275909423828,192,1.7405892031267285,9.570013025812806,mass,0.1298201598227024,100
rl_b,2,rand_ana_poly_10,3,0.04999595135450363,0.15788678284594848,0.05933379381895065,0.20789434015750885,2156.229736328125,4.232914447784424,192,1.7405892031267285,9.570013025812806,mass,0.5363035917282104,0
rl_b,2,rand_ana_poly_20,3,0.042026787996292114,0.17685944722870953,0.023183349519968033,0.3389246463775635,2117.641357421875,4.226536750793457,192,1.7405892031267285,9.570013025812806,eid,2.1498109391542903,100
rl_b,2,rand_ana_poly_30,3,0.13760951161384583,0.49400125687951096,0.17234456539154053,0.27555567026138306,1687.09912109375,4.2241668701171875,192,1.7405892031267285,9.570013025812806,eid,1.5686487517442036,100
rl_b,2,rand_gmm_complex_0,3,0.08843328058719635,0.2853391987269915,0.026606451719999313,0.09618071466684341,2110.711669921875,4.229754447937012,192,1.7405892031267285,9.570013025812806,eid,3.6065920273304637,25
rl_b,2,rand_gmm_complex_10,3,0.11937928199768066,0.3486669337133962,0.09938351809978485,0.1619577705860138,2079.4794921875,4.1982316970825195,192,1.7405892031267285,9.570013025812806,mass,0.31946381032466886,100
rl_b,2,rand_gmm_complex_20,3,0.11763457953929901,0.3451114820983039,0.06747302412986755,0.1551312655210495,2130.22412109375,4.232064247131348,192,1.7405892031267285,9.570013025812806,eid,6.113165170783579,25
rl_b,2,rand_gmm_complex_30,3,0.07388754189014435,0.2240454735802587,0.020389944314956665,0.08959764987230301,2121.209228515625,4.208943843841553,192,1.7405892031267285,9.570013025812806,eid,0.935379373168704,25
rl_b,2,rand_ana_poly_complex_0,3,0.07419367879629135,0.3231127972123952,0.10505274683237076,0.4567037522792816,2768.75439453125,4.2297868728637695,192,1.7405892031267285,9.570013025812806,niveau,0.6705191278457642,25
rl_b,2,rand_ana_poly_complex_10,3,0.06551700830459595,0.23013288102052187,0.03563195466995239,0.41041091084480286,2554.84619140625,4.222933769226074,192,1.7405892031267285,9.570013025812806,niveau,0.8712294530868531,0
rl_b,2,rand_ana_poly_complex_20,3,0.15280844271183014,0.6708948583007235,0.3689892292022705,0.3587951958179474,1686.44140625,4.181002140045166,192,1.7405892031267285,9.570013025812806,eid,0.5411460768449335,0
rl_b,2,rand_ana_poly_complex_30,3,0.06525229662656784,0.2920225303098728,0.044820547103881836,0.36677953600883484,1938.046630859375,4.215630531311035,192,1.7405892031267285,9.570013025812806,eid,3.272899960796859,100
rl_b,2,organic_0,3,0.12093697488307953,0.3792705859481971,0.07908689230680466,0.44627293944358826,2030.52490234375,4.2336602210998535,192,1.7405892031267285,9.570013025812806,eid,2.414445614612616,25
rl_b,2,organic_10,3,0.08085876703262329,0.28854519692746805,0.05877867341041565,0.3825017213821411,2050.6630859375,4.218739032745361,192,1.7405892031267285,9.570013025812806,eid,2.1734112639331906,25
rl_b,2,organic_20,3,0.06584789603948593,0.2609390037358341,0.041161179542541504,0.1824127733707428,1981.8154296875,4.210046768188477,192,1.7405892031267285,9.570013025812806,eid,0.43409070553338075,0
rl_b,2,organic_30,3,0.09255927801132202,0.5480172410370561,0.15531188249588013,0.2042332887649536,1949.200927734375,4.192336082458496,192,1.7405892031267285,9.570013025812806,eid,2.752670569406731,100
rl_b,2,cjk_0,3,0.09623674303293228,0.31370089463699646,0.06339693069458008,0.25021854043006897,2009.836669921875,4.225367069244385,192,1.7405892031267285,9.570013025812806,eid,0.3374964313264865,0
rl_b,2,cjk_10,3,0.1222890317440033,0.38801698661002826,0.1400318294763565,0.19459168612957,1783.5390625,4.2306647300720215,192,1.7405892031267285,9.570013025812806,eid,0.8979430646050087,100
rl_b,2,cjk_20,3,0.12083464860916138,0.4061905891095859,0.1770256757736206,0.1699068695306778,1600.5859375,4.190094470977783,192,1.7405892031267285,9.570013025812806,eid,1.1418776334580576,100
rl_b,2,A,4,0.05431187525391579,0.21783919227074253,0.036538414657115936,0.23925018310546875,2350.363525390625,5.597292900085449,256,1.7405892031267285,9.570013025812806,eid,3.2748250122206706,25
rl_b,2,greek_upper_0,4,0.09857355803251266,0.39536812457064896,0.1552799940109253,0.3215681314468384,1865.841796875,5.625271797180176,256,1.7405892031267285,9.570013025812806,mass,0.29819480478763577,0
rl_b,2,korean_5,4,0.04298403486609459,0.14064735547199544,0.00966107752174139,0.18677563965320587,2724.36181640625,5.648174285888672,256,1.7405892031267285,9.570013025812806,eid,0.6824116369268913,0
rl_b,2,digit_5,4,0.06555348634719849,0.24027366342374432,0.08980733156204224,0.2098168283700943,2595.182861328125,5.608530044555664,256,1.7405892031267285,9.570013025812806,eid,1.4852473430695219,25
rl_b,2,a_lc,4,0.04838840290904045,0.22532590053421814,0.032750725746154785,0.10674658417701721,2707.7822265625,5.631643772125244,256,1.7405892031267285,9.570013025812806,eid,2.351134031761066,25
rl_b,2,rand_gmm_10,4,0.06152568757534027,0.18296455363350625,0.03497963398694992,0.0730665773153305,2933.3388671875,5.630973815917969,256,1.7405892031267285,9.570013025812806,eid,4.209918199968214,100
rl_b,2,rand_gmm_20,4,0.17494931817054749,0.5732623373726723,0.13978925347328186,0.23838695883750916,1673.530517578125,5.60697078704834,256,1.7405892031267285,9.570013025812806,eid,1.5954943960161236,100
rl_b,2,rand_ana_poly_10,4,0.03850220888853073,0.12158964334469465,0.06916981935501099,0.18184533715248108,2193.169189453125,5.641416072845459,256,1.7405892031267285,9.570013025812806,eid,0.7308842124258017,25
rl_b,2,rand_ana_poly_20,4,0.03660394996404648,0.1540387611253984,0.03432551026344299,0.25424376130104065,2737.80908203125,5.626808166503906,256,1.7405892031267285,9.570013025812806,eid,1.4370507085191535,25
rl_b,2,rand_ana_poly_30,4,0.08286890387535095,0.2974891938104354,0.05784720182418823,0.2909916043281555,1896.0146484375,5.602704048156738,256,1.7405892031267285,9.570013025812806,eid,4.185798885537677,100
rl_b,2,rand_gmm_complex_0,4,0.07557158917188644,0.24383961058155634,0.032909877598285675,0.08743829280138016,2381.384521484375,5.640000820159912,256,1.7405892031267285,9.570013025812806,eid,4.851236246442537,25
rl_b,2,rand_gmm_complex_10,4,0.10821357369422913,0.31605563624405564,0.15087772905826569,0.15626749396324158,2391.156005859375,5.6002607345581055,256,1.7405892031267285,9.570013025812806,eid,2.6420980841386656,0
rl_b,2,rand_gmm_complex_20,4,0.10800760239362717,0.3168682532460311,0.16505339741706848,0.15572048723697662,2243.949462890625,5.641276836395264,256,1.7405892031267285,9.570013025812806,eid,3.2019171218257294,100
rl_b,2,rand_gmm_complex_30,4,0.06054481118917465,0.1835869829838709,0.01758532039821148,0.07981705665588379,2476.777587890625,5.615940093994141,256,1.7405892031267285,9.570013025812806,eid,2.959041152093137,25
rl_b,2,rand_ana_poly_complex_0,4,0.06546969711780548,0.2851199362477202,0.05855078995227814,0.40632304549217224,2981.20263671875,5.63582706451416,256,1.7405892031267285,9.570013025812806,eid,1.7909922667479994,25
rl_b,2,rand_ana_poly_complex_10,4,0.05516601353883743,0.19377431843479334,0.03527908772230148,0.35881489515304565,2960.99755859375,5.6281890869140625,256,1.7405892031267285,9.570013025812806,niveau,0.8754356384277344,0
rl_b,2,rand_ana_poly_complex_20,4,0.14302140474319458,0.627925547609337,0.2753838002681732,0.32187753915786743,1961.091552734375,5.576185703277588,256,1.7405892031267285,9.570013025812806,eid,1.2403608535204966,100
rl_b,2,rand_ana_poly_complex_30,4,0.060992781072854996,0.27295999038107843,0.09451156854629517,0.3724346160888672,2220.10107421875,5.621172904968262,256,1.7405892031267285,9.570013025812806,eid,2.3949881799346255,100
rl_b,2,organic_0,4,0.07622673362493515,0.23905474694399037,0.03136328235268593,0.3709421455860138,2789.095458984375,5.636651992797852,256,1.7405892031267285,9.570013025812806,niveau,0.8554926204681397,0
rl_b,2,organic_10,4,0.039746832102537155,0.14183690794644946,0.011930989101529121,0.4726436138153076,2523.212890625,5.624063491821289,256,1.7405892031267285,9.570013025812806,niveau,0.7957467555999757,100
rl_b,2,organic_20,4,0.05651497468352318,0.2239549336736797,0.12404977530241013,0.15162409842014313,2175.11669921875,5.614259719848633,256,1.7405892031267285,9.570013025812806,eid,2.5116413362353742,25
rl_b,2,organic_30,4,0.045547839254140854,0.26967584168277886,0.21463052928447723,0.21832981705665588,2360.19921875,5.590266704559326,256,1.7405892031267285,9.570013025812806,eid,0.8491630397811373,100
rl_b,2,cjk_0,4,0.06583632528781891,0.21460528994974054,0.032096076756715775,0.1996697336435318,2345.4453125,5.627957820892334,256,1.7405892031267285,9.570013025812806,eid,0.8932260105117583,0
rl_b,2,cjk_10,4,0.08086790889501572,0.25658983373573885,0.11765061318874359,0.19879885017871857,2220.556640625,5.639603614807129,256,1.7405892031267285,9.570013025812806,eid,6.345674675462493,25
rl_b,2,cjk_20,4,0.07680141925811768,0.25817109655203574,0.09247486293315887,0.16589683294296265,2296.200439453125,5.595492362976074,256,1.7405892031267285,9.570013025812806,mass,0.17461901158094406,100
rl_b,2,A,5,0.05315004661679268,0.2131792203827406,0.05224365368485451,0.22293362021446228,2658.1123046875,6.992069244384766,320,1.7405892031267285,9.570013025812806,eid,1.9576523682556692,25
rl_b,2,greek_upper_0,5,0.06982176750898361,0.2800477311078659,0.09555290639400482,0.2748104929924011,2151.288330078125,7.020885467529297,320,1.7405892031267285,9.570013025812806,eid,3.93749972206805,100
rl_b,2,korean_5,5,0.04100782051682472,0.13418101691312131,0.021107744425535202,0.15601545572280884,3007.0693359375,7.057541847229004,320,1.7405892031267285,9.570013025812806,eid,2.047066252286044,100
rl_b,2,digit_5,5,0.039037078619003296,0.143082884096667,0.03338693454861641,0.18837572634220123,2916.957275390625,7.001047134399414,320,1.7405892031267285,9.570013025812806,eid,5.113540598272777,25
rl_b,2,a_lc,5,0.040196191519498825,0.18717797049848076,0.03203972429037094,0.10569518804550171,3231.469970703125,7.033555030822754,320,1.7405892031267285,9.570013025812806,mass,0.6288299322128296,100
rl_b,2,rand_gmm_10,5,0.05561545118689537,0.16538874415789234,0.03320405259728432,0.0723472386598587,3110.884765625,7.042616844177246,320,1.7405892031267285,9.570013025812806,eid,1.291443715085473,25
rl_b,2,rand_gmm_20,5,0.08495133370161057,0.2783629032108433,0.07480616122484207,0.10516853630542755,2335.189697265625,7.012271881103516,320,1.7405892031267285,9.570013025812806,eid,4.373931973826302,100
rl_b,2,rand_ana_poly_10,5,0.029531920328736305,0.09326154949838804,0.08309181034564972,0.3032090663909912,2832.486572265625,7.049193859100342,320,1.7405892031267285,9.570013025812806,niveau,0.535605959892273,0
rl_b,2,rand_ana_poly_20,5,0.03327972814440727,0.14004958751691624,0.029375271871685982,0.23773477971553802,2967.939697265625,7.023826599121094,320,1.7405892031267285,9.570013025812806,eid,2.3970436098353867,0
rl_b,2,rand_ana_poly_30,5,0.061412036418914795,0.22046167319891669,0.11658354103565216,0.2926265001296997,2573.886962890625,7.013542175292969,320,1.7405892031267285,9.570013025812806,eid,1.1845141906460095,100
rl_b,2,rand_gmm_complex_0,5,0.06336981803178787,0.2044693239988607,0.04724394530057907,0.07966890931129456,2518.204345703125,7.050766944885254,320,1.7405892031267285,9.570013025812806,eid,1.244287295843187,100
rl_b,2,rand_gmm_complex_10,5,0.10719047486782074,0.313067506941213,0.17606370151042938,0.15556472539901733,2643.06201171875,7.01107120513916,320,1.7405892031267285,9.570013025812806,eid,1.5502336229825349,0
rl_b,2,rand_gmm_complex_20,5,0.09580826759338379,0.28107834750561145,0.13221322000026703,0.12451166659593582,2446.9404296875,7.047919750213623,320,1.7405892031267285,9.570013025812806,eid,3.871746805335481,100
rl_b,2,rand_gmm_complex_30,5,0.057189568877220154,0.1734130506330555,0.03522251173853874,0.08550958335399628,2615.67333984375,7.019436836242676,320,1.7405892031267285,9.570013025812806,eid,1.8531625955270017,25
rl_b,2,rand_ana_poly_complex_0,5,0.0642181783914566,0.27966958356276217,0.1513298898935318,0.416412353515625,3050.8447265625,7.0473432540893555,320,1.7405892031267285,9.570013025812806,eid,1.705780647424013,0
rl_b,2,rand_ana_poly_complex_10,5,0.04778328537940979,0.16784199116457463,0.04770483821630478,0.34309232234954834,3139.226806640625,7.040647506713867,320,1.7405892031267285,9.570013025812806,niveau,0.8239101696014405,0
rl_b,2,rand_ana_poly_complex_20,5,0.0767567977309227,0.33699539124560407,0.18439000844955444,0.2014206051826477,2480.13427734375,6.973391532897949,320,1.7405892031267285,9.570013025812806,mass,0.6013859450817108,25
rl_b,2,rand_ana_poly_complex_30,5,0.05506495386362076,0.246431282728274,0.05547807365655899,0.32778164744377136,2551.172119140625,7.0286865234375,320,1.7405892031267285,9.570013025812806,eid,3.353012785708303,100
rl_b,2,organic_0,5,0.054467760026454926,0.17081640482979904,0.014938984997570515,0.3146435618400574,3116.3056640625,7.0482330322265625,320,1.7405892031267285,9.570013025812806,eid,0.6302960501445304,100
rl_b,2,organic_10,5,0.03504146635532379,0.12504577031263345,0.00795702449977398,0.44489163160324097,2930.714599609375,7.035181999206543,320,1.7405892031267285,9.570013025812806,eid,1.5358956466851565,25
rl_b,2,organic_20,5,0.02758217789232731,0.10930138171419435,0.07746827602386475,0.16007575392723083,2464.256103515625,7.01459264755249,320,1.7405892031267285,9.570013025812806,eid,3.1684435240398585,25
rl_b,2,organic_30,5,0.04197613149881363,0.2485287727781829,0.06460640579462051,0.2363472282886505,2656.59765625,6.98978328704834,320,1.7405892031267285,9.570013025812806,eid,1.9528553406306635,100
rl_b,2,cjk_0,5,0.04884570837020874,0.15922133201940122,0.01954381912946701,0.23357319831848145,2605.735595703125,7.039397239685059,320,1.7405892031267285,9.570013025812806,eid,3.401247920277681,25
rl_b,2,cjk_10,5,0.07909051328897476,0.250950246299037,0.09314002841711044,0.18480196595191956,2583.749755859375,7.051395416259766,320,1.7405892031267285,9.570013025812806,niveau,0.1229743379354477,0
rl_b,2,cjk_20,5,0.07281012088060379,0.24475418461547402,0.067263662815094,0.1426628977060318,2802.661376953125,6.99262809753418,320,1.7405892031267285,9.570013025812806,eid,3.194169495903009,100
rl_b,2,A,6,0.04166661202907562,0.16712037775601993,0.04929439350962639,0.28595662117004395,2899.0244140625,8.403669357299805,384,1.7405892031267285,9.570013025812806,eid,2.5356364900480712,25
rl_b,2,greek_upper_0,6,0.04396672546863556,0.17634588969907683,0.15320757031440735,0.2203475385904312,2886.1865234375,8.428749084472656,384,1.7405892031267285,9.570013025812806,niveau,0.5254195547103883,100
rl_b,2,korean_5,6,0.04006703570485115,0.131102690360379,0.03904348611831665,0.14978645741939545,3379.45556640625,8.46520709991455,384,1.7405892031267285,9.570013025812806,niveau,0.7408662939071655,100
rl_b,2,digit_5,6,0.03373704478144646,0.12365663207896618,0.02607429400086403,0.146330326795578,3300.806884765625,8.395904541015625,384,1.7405892031267285,9.570013025812806,mass,0.40525627732276914,100
rl_b,2,a_lc,6,0.0381038524210453,0.17743476420857218,0.04072593152523041,0.10155847668647766,3411.8369140625,8.443351745605469,384,1.7405892031267285,9.570013025812806,niveau,0.39374325752258305,100
rl_b,2,rand_gmm_10,6,0.0483056865632534,0.14365102981064637,0.03022152930498123,0.05953381583094597,3170.387451171875,8.454436302185059,384,1.7405892031267285,9.570013025812806,ucb,0.18252238228864892,0
rl_b,2,rand_gmm_20,6,0.0772133395075798,0.2530075563902175,0.05940503254532814,0.11215786635875702,2519.990234375,8.424482345581055,384,1.7405892031267285,9.570013025812806,eid,1.4097504844828346,0
rl_b,2,rand_ana_poly_10,6,0.02943861484527588,0.09296689158697047,0.03473307564854622,0.29434624314308167,3055.838134765625,8.461315155029297,384,1.7405892031267285,9.570013025812806,eid,1.8532530557458633,0
rl_b,2,rand_ana_poly_20,6,0.029459543526172638,0.12397327590461303,0.03686632961034775,0.1664830893278122,3297.02099609375,8.429692268371582,384,1.7405892031267285,9.570013025812806,niveau,0.343112280368805,25
rl_b,2,rand_ana_poly_30,6,0.06059844791889191,0.21754099034145655,0.10412100702524185,0.2507021129131317,2668.65771484375,8.42320442199707,384,1.7405892031267285,9.570013025812806,mass,0.4301655769348144,0
rl_b,2,rand_gmm_complex_0,6,0.04679214954376221,0.15097974844850165,0.06459638476371765,0.06294713169336319,2971.367431640625,8.461202621459961,384,1.7405892031267285,9.570013025812806,niveau,0.4870900869369507,100
rl_b,2,rand_gmm_complex_10,6,0.10553889721632004,0.30824380130400275,0.0400310643017292,0.15660543739795685,2667.54638671875,8.420166015625,384,1.7405892031267285,9.570013025812806,eid,1.543106693840538,25
rl_b,2,rand_gmm_complex_20,6,0.0756780132651329,0.22202103686237865,0.04776230826973915,0.11172540485858917,2746.0712890625,8.458488464355469,384,1.7405892031267285,9.570013025812806,eid,2.2570366797555077,100
rl_b,2,rand_gmm_complex_30,6,0.053507279604673386,0.1622474302480405,0.05041634291410446,0.07218267023563385,2677.22021484375,8.429080963134766,384,1.7405892031267285,9.570013025812806,eid,0.45084065040897575,25
rl_b,2,rand_ana_poly_complex_0,6,0.057796165347099304,0.25170177508956243,0.14561082422733307,0.3812873661518097,3089.68701171875,8.448006629943848,384,1.7405892031267285,9.570013025812806,niveau,0.618916974067688,25
rl_b,2,rand_ana_poly_complex_10,6,0.03294479846954346,0.1157208117804834,0.023020543158054352,0.15717940032482147,3561.093994140625,8.451142311096191,384,1.7405892031267285,9.570013025812806,niveau,0.8658193874359131,0
rl_b,2,rand_ana_poly_complex_20,6,0.07441869378089905,0.3267301081865939,0.07962457090616226,0.20807966589927673,2813.60888671875,8.386552810668945,384,1.7405892031267285,9.570013025812806,ucb,1.1184012812808173,0
rl_b,2,rand_ana_poly_complex_30,6,0.05105801671743393,0.22849910279415533,0.13921503722667694,0.30062904953956604,2803.250244140625,8.424882888793945,384,1.7405892031267285,9.570013025812806,mass,0.546981143951416,25
rl_b,2,organic_0,6,0.05113048106431961,0.1603503604404355,0.019501036033034325,0.2963414788246155,3278.16455078125,8.450654983520508,384,1.7405892031267285,9.570013025812806,niveau,0.40326365232467654,25
rl_b,2,organic_10,6,0.03054325096309185,0.10899385047999405,0.0300828255712986,0.3168870806694031,3143.59521484375,8.445977210998535,384,1.7405892031267285,9.570013025812806,niveau,0.6365782737731934,0
rl_b,2,organic_20,6,0.024947000667452812,0.0988588230132485,0.15232791006565094,0.13728973269462585,2965.78369140625,8.42011833190918,384,1.7405892031267285,9.570013025812806,niveau,0.40197813034057617,0
rl_b,2,organic_30,6,0.041898734867572784,0.24807052926948803,0.07997331023216248,0.22493745386600494,2958.20556640625,8.396869659423828,384,1.7405892031267285,9.570013025812806,ucb,1.226385561869921,0
rl_b,2,cjk_0,6,0.04076164960861206,0.13286989507454208,0.022011028602719307,0.17239277064800262,2947.060546875,8.449729919433594,384,1.7405892031267285,9.570013025812806,niveau,0.37904885768890384,25
rl_b,2,cjk_10,6,0.06203886866569519,0.19684623002617552,0.06770118325948715,0.1403489112854004,2861.295166015625,8.463884353637695,384,1.7405892031267285,9.570013025812806,eid,1.8748434252518584,25
rl_b,2,cjk_20,6,0.07049926370382309,0.23698614416690436,0.19219587743282318,0.13050371408462524,2916.173828125,8.404091835021973,384,1.7405892031267285,9.570013025812806,ucb,0.450163970505774,0
rl_b,2,A,7,0.03260142728686333,0.13076087971261166,0.04122186824679375,0.2565350830554962,3090.105712890625,9.816786766052246,448,1.7405892031267285,9.570013025812806,mass,0.2181213304400444,0
rl_b,2,greek_upper_0,7,0.043309859931468964,0.17371127144334753,0.03937281668186188,0.20456865429878235,3405.161376953125,9.83834171295166,448,1.7405892031267285,9.570013025812806,ucb,1.2271081249400422,100
rl_b,2,korean_5,7,0.03416574373841286,0.1117931697085061,0.050585515797138214,0.13443754613399506,3517.2197265625,9.866965293884277,448,1.7405892031267285,9.570013025812806,ucb,1.6771003272879146,100
rl_b,2,digit_5,7,0.033736467361450195,0.12365451565731468,0.045610927045345306,0.13541185855865479,3464.57666015625,9.802091598510742,448,1.7405892031267285,9.570013025812806,niveau,0.3790722250938416,100
rl_b,2,a_lc,7,0.02724173478782177,0.12685412318151668,0.029910437762737274,0.11631162464618683,3463.38720703125,9.848676681518555,448,1.7405892031267285,9.570013025812806,ucb,1.1268988422877382,100
rl_b,2,rand_gmm_10,7,0.036445531994104385,0.10838140549134856,0.015463446266949177,0.046217404305934906,3447.22265625,9.864786148071289,448,1.7405892031267285,9.570013025812806,eid,2.4091328479061334,25
rl_b,2,rand_gmm_20,7,0.06934858858585358,0.22723686152047512,0.1863890290260315,0.08905061334371567,2572.74658203125,9.831202507019043,448,1.7405892031267285,9.570013025812806,niveau,0.4754475069046021,100
rl_b,2,rand_ana_poly_10,7,0.025331515818834305,0.07999670831119658,0.08931051939725876,0.28427404165267944,3072.254150390625,9.852130889892578,448,1.7405892031267285,9.570013025812806,eid,0.9794179685706269,100
rl_b,2,rand_ana_poly_20,7,0.025794310495257378,0.10854904010840438,0.055747997015714645,0.15832649171352386,3352.060302734375,9.834070205688477,448,1.7405892031267285,9.570013025812806,niveau,0.5910857915878296,25
rl_b,2,rand_ana_poly_30,7,0.060234878212213516,0.2162358197180302,0.07350960373878479,0.26127874851226807,2731.57666015625,9.83398723602295,448,1.7405892031267285,9.570013025812806,ucb,3.3437710638067797,0
rl_b,2,rand_gmm_complex_0,7,0.04206491634249687,0.1357268377243011,0.06074012815952301,0.06198946014046669,3290.859619140625,9.858709335327148,448,1.7405892031267285,9.570013025812806,niveau,0.5943262815475464,25
rl_b,2,rand_gmm_complex_10,7,0.04672987759113312,0.13648233478920804,0.11881017684936523,0.044852253049612045,3246.943359375,9.830391883850098,448,1.7405892031267285,9.570013025812806,niveau,0.5268784046173096,100
rl_b,2,rand_gmm_complex_20,7,0.07009278237819672,0.2056353166362284,0.16124804317951202,0.10686854273080826,3087.007568359375,9.85824966430664,448,1.7405892031267285,9.570013025812806,niveau,0.20073443293571472,0
rl_b,2,rand_gmm_complex_30,7,0.049434587359428406,0.14989801058282534,0.20652909576892853,0.06218573823571205,2854.888427734375,9.842185974121094,448,1.7405892031267285,9.570013025812806,eid,0.5746318619138325,25
rl_b,2,rand_ana_poly_complex_0,7,0.05620088800787926,0.24475435676811502,0.19022908806800842,0.3784574568271637,3097.335693359375,9.845209121704102,448,1.7405892031267285,9.570013025812806,eid,1.9254219419295373,100
rl_b,2,rand_ana_poly_complex_10,7,0.029266510158777237,0.10280057765982137,0.0863218754529953,0.12252973020076752,3581.596923828125,9.848099708557129,448,1.7405892031267285,9.570013025812806,niveau,0.6967085075378419,25
rl_b,2,rand_ana_poly_complex_20,7,0.05819468945264816,0.25549974360916905,0.10450354963541031,0.2039041370153427,2916.12646484375,9.799752235412598,448,1.7405892031267285,9.570013025812806,niveau,0.34851534366607667,0
rl_b,2,rand_ana_poly_complex_30,7,0.043862100690603256,0.1962953381040268,0.051817793399095535,0.21275144815444946,3150.54248046875,9.834176063537598,448,1.7405892031267285,9.570013025812806,eid,0.44319471214459555,0
rl_b,2,organic_0,7,0.04269083961844444,0.1338827912006363,0.021229775622487068,0.24652928113937378,3377.631591796875,9.862154006958008,448,1.7405892031267285,9.570013025812806,niveau,0.2871382975578308,0
rl_b,2,organic_10,7,0.029491808265447617,0.10524176828305308,0.021602129563689232,0.24016962945461273,3393.74169921875,9.848867416381836,448,1.7405892031267285,9.570013025812806,niveau,0.46236364841461186,25
rl_b,2,organic_20,7,0.022983605042099953,0.09107836943411436,0.031058480963110924,0.08934083580970764,3349.45556640625,9.833169937133789,448,1.7405892031267285,9.570013025812806,niveau,0.27173068046569826,0
rl_b,2,organic_30,7,0.034041114151477814,0.2015477849431629,0.10426877439022064,0.08566351234912872,3212.83642578125,9.807692527770996,448,1.7405892031267285,9.570013025812806,ucb,3.113185842824235,0
rl_b,2,cjk_0,7,0.038217902183532715,0.12457809489688146,0.02003752440214157,0.1450643390417099,3290.131591796875,9.862238883972168,448,1.7405892031267285,9.570013025812806,eid,2.795795827765026,25
rl_b,2,cjk_10,7,0.06115609407424927,0.19404523036215174,0.08695431053638458,0.1372210681438446,2900.153076171875,9.862299919128418,448,1.7405892031267285,9.570013025812806,eid,0.7140257595784331,100
rl_b,2,cjk_20,7,0.06595820933580399,0.22172120509391985,0.19302469491958618,0.134098619222641,2953.869873046875,9.815896987915039,448,1.7405892031267285,9.570013025812806,eid,2.59071544998656,0
rl_b,2,A,8,0.023070476949214935,0.09253324508539088,0.031805865466594696,0.19239938259124756,3281.9033203125,11.217039108276367,512,1.7405892031267285,9.570013025812806,niveau,0.36803402423858644,100
rl_b,2,greek_upper_0,8,0.03124125301837921,0.1253053644572686,0.013374269008636475,0.11058506369590759,3666.06103515625,11.227457046508789,512,1.7405892031267285,9.570013025812806,mass,0.7351462066173553,25
rl_b,2,korean_5,8,0.03191215917468071,0.1044192526202466,0.051720067858695984,0.11240371316671371,3682.79736328125,11.261938095092773,512,1.7405892031267285,9.570013025812806,niveau,0.5510575580596924,100
rl_b,2,digit_5,8,0.030423594638705254,0.11151181951855257,0.04655257612466812,0.11490973085165024,3554.896484375,11.186578750610352,512,1.7405892031267285,9.570013025812806,eid,2.1047704737775486,100
rl_b,2,a_lc,8,0.02541717328131199,0.11835785259149116,0.027843812480568886,0.09651638567447662,3581.3857421875,11.25067138671875,512,1.7405892031267285,9.570013025812806,niveau,0.44937992095947266,100
rl_b,2,rand_gmm_10,8,0.034374844282865524,0.10222361241772748,0.02989276684820652,0.033670198172330856,3631.229248046875,11.277223587036133,512,1.7405892031267285,9.570013025812806,eid,0.7698481956447475,100
rl_b,2,rand_gmm_20,8,0.06493218243122101,0.21276547436980522,0.1698993295431137,0.08884977549314499,2597.71240234375,11.23514175415039,512,1.7405892031267285,9.570013025812806,niveau,0.3588936972618103,100
rl_b,2,rand_ana_poly_10,8,0.02149277552962303,0.06787399961130308,0.1127801463007927,0.27205324172973633,3079.656005859375,11.240619659423828,512,1.7405892031267285,9.570013025812806,niveau,0.47796541690826416,25
rl_b,2,rand_ana_poly_20,8,0.024056585505604744,0.10123624996292396,0.027195192873477936,0.15650057792663574,3384.8623046875,11.241378784179688,512,1.7405892031267285,9.570013025812806,mass,0.42987273335456844,0
rl_b,2,rand_ana_poly_30,8,0.039609286934137344,0.1421924785582646,0.12849198281764984,0.267721563577652,2896.106201171875,11.24538803100586,512,1.7405892031267285,9.570013025812806,eid,1.1327452685030583,100
rl_b,2,rand_gmm_complex_0,8,0.03995427489280701,0.12891663305864182,0.09509457647800446,0.06088084354996681,3327.325439453125,11.266530990600586,512,1.7405892031267285,9.570013025812806,eid,2.684383251335207,25
rl_b,2,rand_gmm_complex_10,8,0.041016850620508194,0.11979649481147701,0.11426299065351486,0.03882706165313721,3324.911376953125,11.224506378173828,512,1.7405892031267285,9.570013025812806,mass,0.7896272897720337,100
rl_b,2,rand_gmm_complex_20,8,0.056132521480321884,0.1646792784728493,0.0903225839138031,0.08007308095693588,3254.059814453125,11.267030715942383,512,1.7405892031267285,9.570013025812806,ucb,5.119247600262402,100
rl_b,2,rand_gmm_complex_30,8,0.044021010398864746,0.1334826936990132,0.08907385915517807,0.06188522279262543,2998.4775390625,11.25556755065918,512,1.7405892031267285,9.570013025812806,ucb,0.24787043036315304,0
rl_b,2,rand_ana_poly_complex_0,8,0.04744355380535126,0.20661624586419738,0.11175084859132767,0.36968204379081726,3169.464111328125,11.245309829711914,512,1.7405892031267285,9.570013025812806,niveau,0.4994679403305054,25
rl_b,2,rand_ana_poly_complex_10,8,0.02774321287870407,0.09744989390936429,0.016618695110082626,0.10573358833789825,3690.76220703125,11.261635780334473,512,1.7405892031267285,9.570013025812806,mass,0.6382327377796173,0
rl_b,2,rand_ana_poly_complex_20,8,0.038498569279909134,0.16902529548405398,0.09022829681634903,0.12409766018390656,3047.489501953125,11.212246894836426,512,1.7405892031267285,9.570013025812806,ucb,5.081317919828612,0
rl_b,2,rand_ana_poly_complex_30,8,0.037971969693899155,0.1699353316914124,0.07634111493825912,0.2022387981414795,3476.005859375,11.231318473815918,512,1.7405892031267285,9.570013025812806,niveau,0.585495867729187,100
rl_b,2,organic_0,8,0.03056851588189602,0.09586595779580369,0.011317066848278046,0.19321924448013306,3748.131103515625,11.269220352172852,512,1.7405892031267285,9.570013025812806,niveau,0.4838944959640503,0
rl_b,2,organic_10,8,0.02670689858496189,0.09530379443469157,0.026139002293348312,0.24671687185764313,3516.1689453125,11.252544403076172,512,1.7405892031267285,9.570013025812806,ucb,0.47595600395897963,100
rl_b,2,organic_20,8,0.021472185850143433,0.0850889872078416,0.00537105044350028,0.07607275992631912,3570.16259765625,11.244819641113281,512,1.7405892031267285,9.570013025812806,mass,0.369302150607109,0
rl_b,2,organic_30,8,0.03404110670089722,0.2015477408303877,0.10927315801382065,0.07363562285900116,3585.644775390625,11.210474014282227,512,1.7405892031267285,9.570013025812806,niveau,0.5402101516723633,25
rl_b,2,cjk_0,8,0.03752359002828598,0.12231486011363751,0.031690146774053574,0.139951691031456,3388.28076171875,11.271608352661133,512,1.7405892031267285,9.570013025812806,niveau,0.4971702241897583,25
rl_b,2,cjk_10,8,0.03149217739701271,0.09992310513143403,0.032470136880874634,0.1795368790626526,3603.72705078125,11.271036148071289,512,1.7405892031267285,9.570013025812806,niveau,0.4903532886505127,25
rl_b,2,cjk_20,8,0.041375041007995605,0.13908388425765497,0.05195688456296921,0.1316554844379425,3280.14208984375,11.224967956542969,512,1.7405892031267285,9.570013025812806,ucb,3.111287271081202,0
rl_b,3,A,1,0.1472831815481186,0.5907372771334034,0.09465106576681137,0.24222202599048615,1052.2685546875,1.4079606533050537,64,1.7403415025398135,8.904472157955169,ucb,0.1549119385270038,0
rl_b,3,greek_upper_0,1,0.14006465673446655,0.5617845369188423,0.06375234574079514,0.21950829029083252,1054.1123046875,1.4021543264389038,64,1.7403415025398135,8.904472157955169,ucb,0.1549119385270038,0
rl_b,3,korean_5,1,0.2152862697839737,0.7044346722887712,0.2544872760772705,0.23764006793498993,1095.2001953125,1.4113502502441406,64,1.7403415025398135,8.904472157955169,ucb,0.1549119385270038,0
rl_b,3,digit_5,1,0.19331473112106323,0.7085578697405011,0.2922201454639435,0.229407399892807,1165.45263671875,1.4122653007507324,64,1.7403415025398135,8.904472157955169,ucb,0.1549119385270038,0
rl_b,3,a_lc,1,0.15882113575935364,0.7395680222410821,0.14591142535209656,0.22812095284461975,1094.98876953125,1.4120001792907715,64,1.7403415025398135,8.904472157955169,ucb,0.1549119385270038,0
rl_b,3,rand_gmm_10,1,0.206384539604187,0.6137445456305887,0.1493162214756012,0.2081160545349121,1027.49658203125,1.4031703472137451,64,1.7403415025398135,8.904472157955169,ucb,0.1549119385270038,0
rl_b,3,rand_gmm_20,1,0.25166136026382446,0.8246272756009717,0.3660300076007843,0.2817337214946747,1146.858642578125,1.4122705459594727,64,1.7403415025398135,8.904472157955169,ucb,0.1549119385270038,0
rl_b,3,rand_ana_poly_10,1,0.15476806461811066,0.48875621220969495,0.16222497820854187,0.2693156599998474,908.82275390625,1.41282057762146,64,1.7403415025398135,8.904472157955169,ucb,0.1549119385270038,0
rl_b,3,rand_ana_poly_20,1,0.14450299739837646,0.6081054836982378,0.27367958426475525,0.2695358693599701,1069.953125,1.4117411375045776,64,1.7403415025398135,8.904472157955169,ucb,0.1549119385270038,0
rl_b,3,rand_ana_poly_30,1,0.2376691848039627,0.8532032025820593,0.4037225842475891,0.3407139182090759,1155.505859375,1.4116038084030151,64,1.7403415025398135,8.904472157955169,ucb,0.1549119385270038,0
rl_b,3,rand_gmm_complex_0,1,0.24457097053527832,0.7891337322447218,0.40865787863731384,0.23046362400054932,965.556640625,1.4106032848358154,64,1.7403415025398135,8.904472157955169,ucb,0.1549119385270038,0
rl_b,3,rand_gmm_complex_10,1,0.29319265484809875,0.8563176310204544,0.44675469398498535,0.23832109570503235,1186.55126953125,1.4127492904663086,64,1.7403415025398135,8.904472157955169,ucb,0.1549119385270038,0
rl_b,3,rand_gmm_complex_20,1,0.19840742647647858,0.5820795320455294,0.11479473859071732,0.2184857279062271,1045.22607421875,1.4110417366027832,64,1.7403415025398135,8.904472157955169,ucb,0.1549119385270038,0
rl_b,3,rand_gmm_complex_30,1,0.2553984224796295,0.7744317790565464,0.33336788415908813,0.2767227292060852,999.640380859375,1.3975212574005127,64,1.7403415025398135,8.904472157955169,ucb,0.1549119385270038,0
rl_b,3,rand_ana_poly_complex_0,1,0.20738376677036285,0.9031544204944371,0.46292954683303833,0.40928003191947937,1061.141845703125,1.399928331375122,64,1.7403415025398135,8.904472157955169,ucb,0.1549119385270038,0
rl_b,3,rand_ana_poly_complex_10,1,0.19697165489196777,0.6918761340402763,0.12857723236083984,0.4009835124015808,1039.49365234375,1.4082860946655273,64,1.7403415025398135,8.904472157955169,ucb,0.1549119385270038,0
rl_b,3,rand_ana_poly_complex_20,1,0.18905507028102875,0.8300331600552637,0.2528805434703827,0.28610408306121826,1100.51123046875,1.410768747329712,64,1.7403415025398135,8.904472157955169,ucb,0.1549119385270038,0
rl_b,3,rand_ana_poly_complex_30,1,0.14482355117797852,0.6481264576093912,0.19577820599079132,0.3153882920742035,1175.044921875,1.4117779731750488,64,1.7403415025398135,8.904472157955169,ucb,0.1549119385270038,0
rl_b,3,organic_0,1,0.1792987734079361,0.562299089389041,0.05000489205121994,0.4186690151691437,1107.782470703125,1.4100403785705566,64,1.7403415025398135,8.904472157955169,ucb,0.1549119385270038,0
rl_b,3,organic_10,1,0.15261363983154297,0.5446030699583077,0.16447889804840088,0.4530826210975647,1102.2626953125,1.412808895111084,64,1.7403415025398135,8.904472157955169,ucb,0.1549119385270038,0
rl_b,3,organic_20,1,0.16550274193286896,0.6558466282599974,0.15440793335437775,0.288265585899353,1149.6953125,1.4108003377914429,64,1.7403415025398135,8.904472157955169,ucb,0.1549119385270038,0
rl_b,3,organic_30,1,0.16937454044818878,1.00281862988367,0.5216034650802612,0.25999847054481506,994.58935546875,1.4062541723251343,64,1.7403415025398135,8.904472157955169,ucb,0.1549119385270038,0
rl_b,3,cjk_0,1,0.19022630155086517,0.6200766889998858,0.12350425124168396,0.24438227713108063,1065.419921875,1.4119994640350342,64,1.7403415025398135,8.904472157955169,ucb,0.1549119385270038,0
rl_b,3,cjk_10,1,0.13284574449062347,0.4215129086075634,0.06364387273788452,0.2235908806324005,1125.751220703125,1.4034007787704468,64,1.7403415025398135,8.904472157955169,ucb,0.1549119385270038,0
rl_b,3,cjk_20,1,0.15160374343395233,0.5096221536244594,0.11637813597917557,0.23732121288776398,1074.177001953125,1.4108785390853882,64,1.7403415025398135,8.904472157955169,ucb,0.1549119385270038,0
rl_b,3,A,2,0.11433278024196625,0.45857669950702995,0.06839529424905777,0.3042885661125183,1497.745361328125,2.8136401176452637,128,1.7403415025398135,8.904472157955169,eid,0.9038774257886926,100
rl_b,3,greek_upper_0,2,0.09062368422746658,0.3634820208364437,0.02781600132584572,0.18486660718917847,1710.92041015625,2.8145506381988525,128,1.7403415025398135,8.904472157955169,eid,1.5202758491207164,0
rl_b,3,korean_5,2,0.14436529576778412,0.47237531643841496,0.17578156292438507,0.22958625853061676,1478.109619140625,2.8051016330718994,128,1.7403415025398135,8.904472157955169,mass,0.25028714537620544,100
rl_b,3,digit_5,2,0.0881870687007904,0.3232326950715394,0.1391189992427826,0.20972968637943268,1944.825439453125,2.8117246627807617,128,1.7403415025398135,8.904472157955169,eid,0.5975563147255689,100
rl_b,3,a_lc,2,0.0955202654004097,0.4448005829221868,0.16268759965896606,0.22617706656455994,1645.606689453125,2.82293963432312,128,1.7403415025398135,8.904472157955169,niveau,0.49041859149932865,25
rl_b,3,rand_gmm_10,2,0.18404756486415863,0.5473190447724685,0.2140803039073944,0.20267826318740845,1307.721435546875,2.799717664718628,128,1.7403415025398135,8.904472157955169,eid,1.0348188060274248,0
rl_b,3,rand_gmm_20,2,0.22664771974086761,0.7426642352054016,0.38701513409614563,0.27709102630615234,1600.55517578125,2.82419490814209,128,1.7403415025398135,8.904472157955169,mass,0.373119443655014,0
rl_b,3,rand_ana_poly_10,2,0.049546338617801666,0.15646690970419977,0.047559428960084915,0.3792583644390106,1505.10498046875,2.8061628341674805,128,1.7403415025398135,8.904472157955169,eid,0.5160056423040384,0
rl_b,3,rand_ana_poly_20,2,0.10605468600988388,0.4463051791009407,0.13753393292427063,0.3034869134426117,1300.544921875,2.8159611225128174,128,1.7403415025398135,8.904472157955169,eid,0.4808987904642575,0
rl_b,3,rand_ana_poly_30,2,0.1982298195362091,0.7116207219503928,0.08761971443891525,0.35955101251602173,1580.57421875,2.801405429840088,128,1.7403415025398135,8.904472157955169,eid,0.564355297285013,100
rl_b,3,rand_gmm_complex_0,2,0.1900080144405365,0.6130806663754933,0.3298947811126709,0.24428673088550568,1315.2314453125,2.8070738315582275,128,1.7403415025398135,8.904472157955169,eid,0.5047096098289982,100
rl_b,3,rand_gmm_complex_10,2,0.2810480296611786,0.820847244918583,0.501757800579071,0.2392270416021347,1603.76806640625,2.8142788410186768,128,1.7403415025398135,8.904472157955169,eid,4.2920471705072325,0
rl_b,3,rand_gmm_complex_20,2,0.13428394496440887,0.3939567043140755,0.10626477003097534,0.16623851656913757,1560.082763671875,2.818056106567383,128,1.7403415025398135,8.904472157955169,eid,1.9079558146514792,0
rl_b,3,rand_gmm_complex_30,2,0.19989636540412903,0.6061356855060621,0.04944884777069092,0.23845814168453217,1407.18359375,2.798898696899414,128,1.7403415025398135,8.904472157955169,eid,1.6391681454060985,0
rl_b,3,rand_ana_poly_complex_0,2,0.14212697744369507,0.6189616957431531,0.23927916586399078,0.5230597853660583,1895.26806640625,2.8097476959228516,128,1.7403415025398135,8.904472157955169,mass,0.2722071900963783,25
rl_b,3,rand_ana_poly_complex_10,2,0.08604162931442261,0.3022269873766328,0.03597179055213928,0.36999472975730896,2048.721923828125,2.8199729919433594,128,1.7403415025398135,8.904472157955169,ucb,0.9357593521624709,25
rl_b,3,rand_ana_poly_complex_20,2,0.17490121722221375,0.7678916508965697,0.1932995319366455,0.28396886587142944,1737.5419921875,2.82002592086792,128,1.7403415025398135,8.904472157955169,mass,0.23175153881311417,100
rl_b,3,rand_ana_poly_complex_30,2,0.11989883333444595,0.5365812776200558,0.13709262013435364,0.27561989426612854,1934.056396484375,2.82399320602417,128,1.7403415025398135,8.904472157955169,niveau,0.4806142473220825,25
rl_b,3,organic_0,2,0.12673968076705933,0.3974684585411719,0.09208674728870392,0.3871152698993683,1739.07080078125,2.8192265033721924,128,1.7403415025398135,8.904472157955169,eid,0.3302450867168476,0
rl_b,3,organic_10,2,0.09525085985660553,0.33990350240866435,0.046142615377902985,0.4223175346851349,1851.25537109375,2.8032970428466797,128,1.7403415025398135,8.904472157955169,niveau,0.4702427387237549,25
rl_b,3,organic_20,2,0.14766015112400055,0.5851408327864354,0.1705949753522873,0.3061504364013672,1509.039794921875,2.8097071647644043,128,1.7403415025398135,8.904472157955169,eid,0.5108106311927899,100
rl_b,3,organic_30,2,0.09503573179244995,0.5626796217064851,0.31442707777023315,0.20093902945518494,1808.140869140625,2.817187786102295,128,1.7403415025398135,8.904472157955169,mass,0.4567708641290664,25
rl_b,3,cjk_0,2,0.16199561953544617,0.5280537264042067,0.2122030258178711,0.2565237879753113,1433.17578125,2.809957981109619,128,1.7403415025398135,8.904472157955169,eid,0.9782039053182552,100
rl_b,3,cjk_10,2,0.09177611023187637,0.2912010114652715,0.19457143545150757,0.30899667739868164,1562.390625,2.811128854751587,128,1.7403415025398135,8.904472157955169,eid,0.8434331307624081,0
rl_b,3,cjk_20,2,0.09482438117265701,0.318756016538399,0.2701684236526489,0.18272054195404053,1775.31982421875,2.8078999519348145,128,1.7403415025398135,8.904472157955169,eid,0.6164438103306129,100
rl_b,3,A,3,0.0988694280385971,0.3965548278991798,0.09529203176498413,0.2986241579055786,1715.705078125,4.223199844360352,192,1.7403415025398135,8.904472157955169,eid,1.8373731875126678,25
rl_b,3,greek_upper_0,3,0.08533325046300888,0.34226265007041146,0.053496893495321274,0.1974489688873291,1993.668701171875,4.210469722747803,192,1.7403415025398135,8.904472157955169,eid,0.9213060861853348,100
rl_b,3,korean_5,3,0.14199204742908478,0.4646098494747805,0.207243412733078,0.20254625380039215,1729.64013671875,4.2030181884765625,192,1.7403415025398135,8.904472157955169,eid,2.6767304768310862,25
rl_b,3,digit_5,3,0.06968425959348679,0.25541421621450977,0.09591493010520935,0.26604175567626953,2298.65576171875,4.220909595489502,192,1.7403415025398135,8.904472157955169,eid,3.1855497819608884,25
rl_b,3,a_lc,3,0.07639028877019882,0.35571975048587834,0.09631824493408203,0.2678653597831726,1853.64794921875,4.215071678161621,192,1.7403415025398135,8.904472157955169,eid,1.9313733948580551,100
rl_b,3,rand_gmm_10,3,0.15161697566509247,0.4508772411824998,0.14341887831687927,0.19222544133663177,1623.35400390625,4.205540657043457,192,1.7403415025398135,8.904472157955169,eid,2.281215587136805,25
rl_b,3,rand_gmm_20,3,0.21231521666049957,0.6957004384774643,0.1895976960659027,0.27308106422424316,1712.19970703125,4.213296890258789,192,1.7403415025398135,8.904472157955169,mass,0.21520055234432217,100
rl_b,3,rand_ana_poly_10,3,0.03350827470421791,0.10581884229493062,0.25907501578330994,0.2677574157714844,1823.18212890625,4.200168132781982,192,1.7403415025398135,8.904472157955169,eid,2.3487745808800584,25
rl_b,3,rand_ana_poly_20,3,0.07573672384023666,0.31871945851487526,0.28235623240470886,0.3910466730594635,1506.639892578125,4.223903179168701,192,1.7403415025398135,8.904472157955169,eid,1.8327015995112388,100
rl_b,3,rand_ana_poly_30,3,0.13940143585205078,0.5004340449587984,0.2368205487728119,0.33130547404289246,1946.340087890625,4.191323280334473,192,1.7403415025398135,8.904472157955169,eid,1.9766453718302592,100
rl_b,3,rand_gmm_complex_0,3,0.15660129487514496,0.5052904031443649,0.20440751314163208,0.1693575233221054,1572.9765625,4.2100114822387695,192,1.7403415025398135,8.904472157955169,eid,1.9090120875601613,100
rl_b,3,rand_gmm_complex_10,3,0.2553021311759949,0.7456520910333403,0.11239705234766006,0.22820313274860382,1977.666015625,4.214888572692871,192,1.7403415025398135,8.904472157955169,eid,2.7450986546745337,0
rl_b,3,rand_gmm_complex_20,3,0.10151297599077225,0.297814585928631,0.053290098905563354,0.1190284937620163,2220.718017578125,4.226314067840576,192,1.7403415025398135,8.904472157955169,eid,3.2231268889131868,100
rl_b,3,rand_gmm_complex_30,3,0.10039223730564117,0.3044143271725797,0.08844213932752609,0.16348248720169067,2192.007080078125,4.194397926330566,192,1.7403415025398135,8.904472157955169,eid,2.2257625023447942,25
rl_b,3,rand_ana_poly_complex_0,3,0.06349233537912369,0.2765085438373175,0.08754138648509979,0.5907160639762878,2818.71923828125,4.217488765716553,192,1.7403415025398135,8.904472157955169,niveau,0.7202197360992432,25
rl_b,3,rand_ana_poly_complex_10,3,0.0785430371761322,0.275887680118283,0.054556313902139664,0.3975831866264343,2258.83935546875,4.227211952209473,192,1.7403415025398135,8.904472157955169,eid,2.5107587699915754,25
rl_b,3,rand_ana_poly_complex_20,3,0.14355696737766266,0.6302768981720819,0.2577451765537262,0.2651662230491638,1947.44580078125,4.213092803955078,192,1.7403415025398135,8.904472157955169,eid,2.011611117522191,100
rl_b,3,rand_ana_poly_complex_30,3,0.05978567153215408,0.26755783289911256,0.07468927651643753,0.4002736508846283,2341.33447265625,4.222777366638184,192,1.7403415025398135,8.904472157955169,mass,0.2373109400272369,25
rl_b,3,organic_0,3,0.09628334641456604,0.30195431336868106,0.045193567872047424,0.4036710560321808,2131.264404296875,4.221604824066162,192,1.7403415025398135,8.904472157955169,eid,2.247847299492627,25
rl_b,3,organic_10,3,0.07564205676317215,0.2699293220229569,0.04494786635041237,0.38054996728897095,2158.31396484375,4.215045928955078,192,1.7403415025398135,8.904472157955169,eid,0.22955407954393522,0
rl_b,3,organic_20,3,0.0904044583439827,0.3582506156219586,0.13981612026691437,0.2361847311258316,1946.921875,4.218914985656738,192,1.7403415025398135,8.904472157955169,eid,1.2682035829719207,25
rl_b,3,organic_30,3,0.07715388387441635,0.4568062703663169,0.23500089347362518,0.14207172393798828,2107.547119140625,4.2241411209106445,192,1.7403415025398135,8.904472157955169,eid,0.8465826137274884,100
rl_b,3,cjk_0,3,0.15818625688552856,0.5156364267989303,0.2844689190387726,0.21262721717357635,1568.652099609375,4.206746578216553,192,1.7403415025398135,8.904472157955169,eid,2.7769156529654584,100
rl_b,3,cjk_10,3,0.05185636132955551,0.1645376430960384,0.041825324296951294,0.25855761766433716,2361.414306640625,4.220870494842529,192,1.7403415025398135,8.904472157955169,ucb,2.035978802176127,25
rl_b,3,cjk_20,3,0.0765174925327301,0.25721666530920434,0.035989392548799515,0.1822638213634491,2198.765380859375,4.215725421905518,192,1.7403415025398135,8.904472157955169,eid,0.5443748955321184,0
rl_b,3,A,4,0.07483942806720734,0.3001730373688279,0.10715746879577637,0.23589752614498138,2005.93603515625,5.6295623779296875,256,1.7403415025398135,8.904472157955169,mass,0.15646470785140992,100
rl_b,3,greek_upper_0,4,0.0793154165148735,0.3181257540351977,0.08543097227811813,0.20565229654312134,2098.38916015625,5.623138427734375,256,1.7403415025398135,8.904472157955169,eid,0.886666820325173,0
rl_b,3,korean_5,4,0.13946351408958435,0.45633627700697044,0.24560409784317017,0.20175865292549133,1806.69189453125,5.614823341369629,256,1.7403415025398135,8.904472157955169,eid,1.328996125106351,0
rl_b,3,digit_5,4,0.06227314472198486,0.22825020374996055,0.07256139069795609,0.25175589323043823,2442.792724609375,5.621164321899414,256,1.7403415025398135,8.904472157955169,mass,0.15315217301249504,100
rl_b,3,a_lc,4,0.05657060816884041,0.2634272359303444,0.09147214889526367,0.24351514875888824,2198.175537109375,5.610638618469238,256,1.7403415025398135,8.904472157955169,eid,4.754100727938946,100
rl_b,3,rand_gmm_10,4,0.11181707680225372,0.3325206487237651,0.09369237720966339,0.16692234575748444,2011.77294921875,5.6086530685424805,256,1.7403415025398135,8.904472157955169,eid,3.473510266780662,25
rl_b,3,rand_gmm_20,4,0.210044726729393,0.6882606474654273,0.40009406208992004,0.2727799415588379,1857.6513671875,5.619907379150391,256,1.7403415025398135,8.904472157955169,eid,6.315439091718469,25
rl_b,3,rand_ana_poly_10,4,0.028616074472665787,0.0903693161898855,0.05717301368713379,0.2516831159591675,2607.56640625,5.609663009643555,256,1.7403415025398135,8.904472157955169,mass,0.1864122822880745,0
rl_b,3,rand_ana_poly_20,4,0.04141621291637421,0.1742899915011999,0.03568829596042633,0.31299707293510437,2315.0478515625,5.635630130767822,256,1.7403415025398135,8.904472157955169,eid,0.4560621121547409,0
rl_b,3,rand_ana_poly_30,4,0.08380770683288574,0.3008593812018841,0.17107360064983368,0.42801809310913086,2400.7529296875,5.594973564147949,256,1.7403415025398135,8.904472157955169,eid,0.8095594061694641,0
rl_b,3,rand_gmm_complex_0,4,0.09035526216030121,0.2915406726336056,0.09783439338207245,0.1015661284327507,2177.118896484375,5.620065689086914,256,1.7403415025398135,8.904472157955169,ucb,0.2791417547172452,0
rl_b,3,rand_gmm_complex_10,4,0.23541967570781708,0.6875820920621839,0.3764176368713379,0.22741547226905823,2155.27880859375,5.625077247619629,256,1.7403415025398135,8.904472157955169,eid,2.3170979633102458,0
rl_b,3,rand_gmm_complex_20,4,0.06869695335626602,0.20154029096944817,0.14331118762493134,0.09204965829849243,2675.06396484375,5.615732669830322,256,1.7403415025398135,8.904472157955169,eid,6.0201245369657395,25
rl_b,3,rand_gmm_complex_30,4,0.08992570638656616,0.2726771923793681,0.11332737654447556,0.1548612415790558,2448.3701171875,5.595569610595703,256,1.7403415025398135,8.904472157955169,eid,1.4344238800177285,25
rl_b,3,rand_ana_poly_complex_0,4,0.05583510547876358,0.24316137717643724,0.02528049238026142,0.5037916898727417,3167.113525390625,5.619785308837891,256,1.7403415025398135,8.904472157955169,niveau,0.7060230541229249,25
rl_b,3,rand_ana_poly_complex_10,4,0.06534293293952942,0.2295214296384439,0.03366881608963013,0.3270336091518402,2992.125,5.637632369995117,256,1.7403415025398135,8.904472157955169,niveau,0.8360910129547119,0
rl_b,3,rand_ana_poly_complex_20,4,0.10451776534318924,0.45887799211501695,0.21580226719379425,0.26759102940559387,2048.948974609375,5.610908508300781,256,1.7403415025398135,8.904472157955169,eid,1.2366198294376438,100
rl_b,3,rand_ana_poly_complex_30,4,0.047937940806150436,0.2145358783641218,0.0884316936135292,0.35880133509635925,2499.56005859375,5.624696731567383,256,1.7403415025398135,8.904472157955169,mass,0.12103978097438811,25
rl_b,3,organic_0,4,0.06511051952838898,0.2041931751376945,0.013797661289572716,0.3426356613636017,2485.7099609375,5.62812614440918,256,1.7403415025398135,8.904472157955169,eid,2.831506413191645,25
rl_b,3,organic_10,4,0.06751864403486252,0.24094085470601767,0.06113399937748909,0.38179460167884827,2448.68359375,5.6270060539245605,256,1.7403415025398135,8.904472157955169,eid,0.5255083967428555,0
rl_b,3,organic_20,4,0.06025141850113869,0.23876154080808007,0.08218062669038773,0.1751544326543808,2364.160888671875,5.618708610534668,256,1.7403415025398135,8.904472157955169,eid,1.3958184622318082,100
rl_b,3,organic_30,4,0.030473077669739723,0.18042245260854278,0.1373492181301117,0.20046254992485046,2522.38134765625,5.630581855773926,256,1.7403415025398135,8.904472157955169,eid,2.1029361845990064,100
rl_b,3,cjk_0,4,0.14311856031417847,0.4665205720267688,0.24534939229488373,0.21495439112186432,1735.2109375,5.608205795288086,256,1.7403415025398135,8.904472157955169,eid,2.088222595812479,100
rl_b,3,cjk_10,4,0.04785606265068054,0.15184489529371348,0.06892801076173782,0.23749543726444244,2673.90185546875,5.632908821105957,256,1.7403415025398135,8.904472157955169,eid,0.3778604595339839,0
rl_b,3,cjk_20,4,0.052874889224767685,0.17774109206690014,0.03471483662724495,0.14874932169914246,2683.2080078125,5.626744270324707,256,1.7403415025398135,8.904472157955169,eid,1.496960429425689,25
rl_b,3,A,5,0.04828008636832237,0.19364632445606367,0.05727224424481392,0.17018350958824158,2399.936767578125,7.03964900970459,320,1.7403415025398135,8.904472157955169,eid,2.9169479726226006,100
rl_b,3,greek_upper_0,5,0.07822953909635544,0.3137704144589241,0.1080285906791687,0.19503813982009888,2288.243896484375,7.034990310668945,320,1.7403415025398135,8.904472157955169,eid,1.6169106173852814,100
rl_b,3,korean_5,5,0.08334416151046753,0.2727090638883796,0.1484147608280182,0.1560656726360321,2291.79541015625,7.006979465484619,320,1.7403415025398135,8.904472157955169,eid,1.8178567597225836,100
rl_b,3,digit_5,5,0.061717260628938675,0.226212717798904,0.08029769361019135,0.2113136351108551,2680.032958984375,7.015073776245117,320,1.7403415025398135,8.904472157955169,eid,2.027970153379105,100
rl_b,3,a_lc,5,0.05203751474618912,0.24231838967260172,0.04240696132183075,0.22918950021266937,2280.126220703125,7.009868621826172,320,1.7403415025398135,8.904472157955169,eid,0.6861457488450856,100
rl_b,3,rand_gmm_10,5,0.07434007525444031,0.22107186806087004,0.0575844831764698,0.08875922858715057,2401.88671875,7.013891220092773,320,1.7403415025398135,8.904472157955169,eid,2.437815471566462,25
rl_b,3,rand_gmm_20,5,0.14224089682102203,0.4660855488565807,0.2966075837612152,0.20240329205989838,2323.035400390625,7.024218559265137,320,1.7403415025398135,8.904472157955169,eid,1.1047761378015262,100
rl_b,3,rand_ana_poly_10,5,0.02537248097360134,0.0801260759163671,0.04613411799073219,0.2256222814321518,2963.2099609375,7.01546573638916,320,1.7403415025398135,8.904472157955169,niveau,0.8349796581268311,0
rl_b,3,rand_ana_poly_20,5,0.037807852029800415,0.15910508819958566,0.030516400933265686,0.2688409388065338,2606.025390625,7.044838905334473,320,1.7403415025398135,8.904472157955169,eid,1.5540354194999138,0
rl_b,3,rand_ana_poly_30,5,0.08321047574281693,0.2987153948910437,0.19899551570415497,0.4140176475048065,2472.171142578125,6.999781131744385,320,1.7403415025398135,8.904472157955169,mass,0.3030650794506073,25
rl_b,3,rand_gmm_complex_0,5,0.06026088446378708,0.19443802574442015,0.04302431643009186,0.0833374559879303,3010.6689453125,7.021768569946289,320,1.7403415025398135,8.904472157955169,niveau,0.6971855068206787,100
rl_b,3,rand_gmm_complex_10,5,0.1533551812171936,0.44789916566175975,0.3142002820968628,0.204421266913414,2494.89306640625,7.028940200805664,320,1.7403415025398135,8.904472157955169,eid,4.168818242300701,25
rl_b,3,rand_gmm_complex_20,5,0.04901975020766258,0.1438121232082391,0.06113588064908981,0.06665908545255661,3147.051025390625,7.027154922485352,320,1.7403415025398135,8.904472157955169,ucb,0.20724409030629282,0
rl_b,3,rand_gmm_complex_30,5,0.05788148194551468,0.17551110379732102,0.19990883767604828,0.06766120344400406,3004.853759765625,7.007198333740234,320,1.7403415025398135,8.904472157955169,eid,2.9177877959477585,25
rl_b,3,rand_ana_poly_complex_0,5,0.05090657249093056,0.22169766078323025,0.05508062615990639,0.3985481560230255,3312.078125,7.031904697418213,320,1.7403415025398135,8.904472157955169,eid,0.22087886088344366,0
rl_b,3,rand_ana_poly_complex_10,5,0.042070675641298294,0.14777606673979796,0.024116244167089462,0.20682981610298157,3371.392333984375,7.046627044677734,320,1.7403415025398135,8.904472157955169,eid,0.9745132876001676,25
rl_b,3,rand_ana_poly_complex_20,5,0.06543993949890137,0.2873095109025965,0.3982091248035431,0.20973773300647736,2744.7294921875,7.023708343505859,320,1.7403415025398135,8.904472157955169,ucb,1.7614805678920127,0
rl_b,3,rand_ana_poly_complex_30,5,0.038910578936338425,0.1741358742028579,0.10628460347652435,0.24317729473114014,2761.921875,7.016861915588379,320,1.7403415025398135,8.904472157955169,eid,0.6208609276534064,0
rl_b,3,organic_0,5,0.06168367341160774,0.19344623909168823,0.023242905735969543,0.29599466919898987,2863.978759765625,7.038754463195801,320,1.7403415025398135,8.904472157955169,niveau,0.5353619003295899,0
rl_b,3,organic_10,5,0.06397181749343872,0.22828397406808026,0.06782742589712143,0.38035038113594055,2961.632080078125,7.03849983215332,320,1.7403415025398135,8.904472157955169,niveau,0.5382817506790162,100
rl_b,3,organic_20,5,0.032935731112957,0.13051619536595008,0.04084815829992294,0.14755602180957794,2667.791259765625,7.020017623901367,320,1.7403415025398135,8.904472157955169,eid,1.30398332869411,25
rl_b,3,organic_30,5,0.030392814427614212,0.1799472367095928,0.09911047667264938,0.12431539595127106,3114.737060546875,7.043081283569336,320,1.7403415025398135,8.904472157955169,ucb,0.9622031037819012,0
rl_b,3,cjk_0,5,0.09640440344810486,0.31424741377903403,0.15634767711162567,0.2132752388715744,2135.173095703125,7.013970375061035,320,1.7403415025398135,8.904472157955169,eid,2.192597683010425,100
rl_b,3,cjk_10,5,0.03585651516914368,0.11377093078464208,0.06157063692808151,0.2285158485174179,2992.63818359375,7.044730186462402,320,1.7403415025398135,8.904472157955169,eid,0.3354939238246299,0
rl_b,3,cjk_20,5,0.049892857670784,0.16771687163345592,0.04216897115111351,0.13183225691318512,2814.41259765625,7.039856910705566,320,1.7403415025398135,8.904472157955169,eid,0.7124072627155855,0
rl_b,3,A,6,0.04785583168268204,0.1919446837448031,0.06292504072189331,0.15544824302196503,2633.34814453125,8.435627937316895,384,1.7403415025398135,8.904472157955169,niveau,0.4113919687271118,100
rl_b,3,greek_upper_0,6,0.07742878794670105,0.31055868621652644,0.13093462586402893,0.18316452205181122,2455.288818359375,8.44797134399414,384,1.7403415025398135,8.904472157955169,eid,3.8144151112378,25
rl_b,3,korean_5,6,0.042580895125865936,0.1393282485401901,0.08964569866657257,0.1362796574831009,2682.89794921875,8.405771255493164,384,1.7403415025398135,8.904472157955169,eid,3.8767451988568737,25
rl_b,3,digit_5,6,0.05043788626790047,0.18487034609802303,0.040877290070056915,0.24232256412506104,2806.666015625,8.424102783203125,384,1.7403415025398135,8.904472157955169,eid,0.43338491984245575,0
rl_b,3,a_lc,6,0.05059032514691353,0.23557939272092504,0.0817519873380661,0.23753045499324799,2454.160888671875,8.415464401245117,384,1.7403415025398135,8.904472157955169,eid,1.216490083629893,100
rl_b,3,rand_gmm_10,6,0.06939917802810669,0.2063786709396161,0.07245440036058426,0.0884343832731247,2494.364013671875,8.4154052734375,384,1.7403415025398135,8.904472157955169,eid,2.1071949451489638,25
rl_b,3,rand_gmm_20,6,0.07243675738573074,0.2373559684877464,0.18931610882282257,0.09886123239994049,2989.2939453125,8.426477432250977,384,1.7403415025398135,8.904472157955169,niveau,0.6286273241043091,100
rl_b,3,rand_ana_poly_10,6,0.02359263226389885,0.07450532905358888,0.06902800500392914,0.1823696792125702,3329.159912109375,8.428583145141602,384,1.7403415025398135,8.904472157955169,niveau,0.2782192397117615,0
rl_b,3,rand_ana_poly_20,6,0.03489825129508972,0.14686074590907847,0.040623024106025696,0.2087007313966751,2647.67919921875,8.45432186126709,384,1.7403415025398135,8.904472157955169,niveau,0.08418094456195832,0
rl_b,3,rand_ana_poly_30,6,0.08302418142557144,0.29804662115738617,0.09063558280467987,0.40784311294555664,2579.7802734375,8.400601387023926,384,1.7403415025398135,8.904472157955169,eid,0.9987182502539859,100
rl_b,3,rand_gmm_complex_0,6,0.05286146327853203,0.17056302192204822,0.028889862820506096,0.0765039250254631,3309.19384765625,8.431968688964844,384,1.7403415025398135,8.904472157955169,ucb,1.0646467088304703,100
rl_b,3,rand_gmm_complex_10,6,0.09482147544622421,0.27694179878429326,0.21637344360351562,0.11054231226444244,2860.199951171875,8.438858032226562,384,1.7403415025398135,8.904472157955169,eid,3.5257745531511064,25
rl_b,3,rand_gmm_complex_20,6,0.038421545177698135,0.11271954601030029,0.004487509373575449,0.043154556304216385,3492.51220703125,8.440008163452148,384,1.7403415025398135,8.904472157955169,ucb,3.2185586908837305,25
rl_b,3,rand_gmm_complex_30,6,0.05455553159117699,0.16542599197495286,0.06959312409162521,0.07652322202920914,3091.22802734375,8.416461944580078,384,1.7403415025398135,8.904472157955169,eid,2.725339407388862,25
rl_b,3,rand_ana_poly_complex_0,6,0.028632815927267075,0.12469565327429671,0.031538791954517365,0.26853618025779724,3459.96630859375,8.430851936340332,384,1.7403415025398135,8.904472157955169,niveau,0.7233123636245727,25
rl_b,3,rand_ana_poly_complex_10,6,0.03825234994292259,0.13436394191327022,0.024099618196487427,0.18400831520557404,3532.455810546875,8.449487686157227,384,1.7403415025398135,8.904472157955169,ucb,3.2157537449522176,100
rl_b,3,rand_ana_poly_complex_20,6,0.041566506028175354,0.18249485877176558,0.06937102228403091,0.17024590075016022,2896.12109375,8.436809539794922,384,1.7403415025398135,8.904472157955169,ucb,1.0842437319436231,0
rl_b,3,rand_ana_poly_complex_30,6,0.03790492191910744,0.16963527388718866,0.0431663915514946,0.2399788647890091,3135.2666015625,8.42905044555664,384,1.7403415025398135,8.904472157955169,niveau,0.190690815448761,0
rl_b,3,organic_0,6,0.05513818562030792,0.1729189273053374,0.02148003689944744,0.2602337896823883,2974.5810546875,8.452009201049805,384,1.7403415025398135,8.904472157955169,eid,0.5896872765896997,0
rl_b,3,organic_10,6,0.03965100646018982,0.1414949533278407,0.01854272000491619,0.35909348726272583,3208.94091796875,8.44962215423584,384,1.7403415025398135,8.904472157955169,niveau,0.8298373603820801,0
rl_b,3,organic_20,6,0.03161942958831787,0.12530001642760816,0.022877253592014313,0.14291562139987946,2892.90234375,8.431707382202148,384,1.7403415025398135,8.904472157955169,niveau,0.45216557264328006,0
rl_b,3,organic_30,6,0.024221017956733704,0.1434057797440312,0.037568870931863785,0.1311045140028,3162.518310546875,8.44549560546875,384,1.7403415025398135,8.904472157955169,mass,0.1749702602624893,100
rl_b,3,cjk_0,6,0.056182581931352615,0.18313718502350546,0.08425433188676834,0.2535965144634247,2503.229248046875,8.408215522766113,384,1.7403415025398135,8.904472157955169,eid,1.8316614148834387,100
rl_b,3,cjk_10,6,0.028105081990361214,0.08917602066844801,0.05628648400306702,0.22093147039413452,3230.70654296875,8.456756591796875,384,1.7403415025398135,8.904472157955169,eid,0.2755968329140268,0
rl_b,3,cjk_20,6,0.044216230511665344,0.14863465840688425,0.042223162949085236,0.13168609142303467,3011.73876953125,8.450736999511719,384,1.7403415025398135,8.904472157955169,eid,3.1846576018106076,0
rl_b,3,A,7,0.04659823328256607,0.18690058945784532,0.05884025990962982,0.14353244006633759,2780.74072265625,9.846516609191895,448,1.7403415025398135,8.904472157955169,mass,0.5186628103256226,0
rl_b,3,greek_upper_0,7,0.06933451443910599,0.27809341053474357,0.11809980869293213,0.16552238166332245,2522.025634765625,9.851258277893066,448,1.7403415025398135,8.904472157955169,eid,0.9518778139090062,100
rl_b,3,korean_5,7,0.034295953810214996,0.11221922794877696,0.06632130593061447,0.11718110740184784,3414.659912109375,9.813436508178711,448,1.7403415025398135,8.904472157955169,niveau,0.305211923122406,25
rl_b,3,digit_5,7,0.030568549409508705,0.1120431232790761,0.054909780621528625,0.1877383589744568,3013.07666015625,9.814911842346191,448,1.7403415025398135,8.904472157955169,niveau,0.4870674800872803,100
rl_b,3,a_lc,7,0.048037607222795486,0.22369238198112082,0.06337003409862518,0.1924767941236496,3028.284423828125,9.823362350463867,448,1.7403415025398135,8.904472157955169,ucb,2.5006640713257138,0
rl_b,3,rand_gmm_10,7,0.04736446216702461,0.14085202490210164,0.11426837742328644,0.06056655943393707,2848.98388671875,9.82602310180664,448,1.7403415025398135,8.904472157955169,mass,0.46640415191650386,25
rl_b,3,rand_gmm_20,7,0.04710627347230911,0.15435471665758319,0.07966499775648117,0.05530077591538429,3257.735595703125,9.823405265808105,448,1.7403415025398135,8.904472157955169,niveau,0.6216955184936523,100
rl_b,3,rand_ana_poly_10,7,0.02238955907523632,0.07070603430791478,0.10159610956907272,0.1754533052444458,3407.90234375,9.83043098449707,448,1.7403415025398135,8.904472157955169,eid,1.4177267851349569,100
rl_b,3,rand_ana_poly_20,7,0.026659933850169182,0.11219180405390194,0.04599305987358093,0.187057763338089,2808.74462890625,9.860967636108398,448,1.7403415025398135,8.904472157955169,ucb,4.774817000354964,0
rl_b,3,rand_ana_poly_30,7,0.07095926254987717,0.25473504320871027,0.1798112392425537,0.4489193558692932,2816.78857421875,9.805170059204102,448,1.7403415025398135,8.904472157955169,eid,0.6342455379507205,100
rl_b,3,rand_gmm_complex_0,7,0.04820948466658592,0.15555292797535836,0.08130459487438202,0.07595716416835785,3333.26953125,9.822967529296875,448,1.7403415025398135,8.904472157955169,niveau,0.44083070278167724,100
rl_b,3,rand_gmm_complex_10,7,0.05754873901605606,0.16808060859497037,0.14428158104419708,0.051968563348054886,3186.760009765625,9.845264434814453,448,1.7403415025398135,8.904472157955169,niveau,0.4215025281906128,100
rl_b,3,rand_gmm_complex_20,7,0.03617895767092705,0.10614033519297124,0.04492386430501938,0.044271666556596756,3555.5615234375,9.850122451782227,448,1.7403415025398135,8.904472157955169,eid,1.1705784222701832,25
rl_b,3,rand_gmm_complex_30,7,0.047939665615558624,0.1453650346371821,0.057960569858551025,0.07463385164737701,3259.65234375,9.827909469604492,448,1.7403415025398135,8.904472157955169,eid,2.808998763032287,25
rl_b,3,rand_ana_poly_complex_0,7,0.02693380042910576,0.1172964562129757,0.028876710683107376,0.21774163842201233,3570.927734375,9.841642379760742,448,1.7403415025398135,8.904472157955169,ucb,0.8326996613657295,25
rl_b,3,rand_ana_poly_complex_10,7,0.03499135002493858,0.12290946122873778,0.03834883123636246,0.16010938584804535,3614.11181640625,9.858192443847656,448,1.7403415025398135,8.904472157955169,niveau,0.7026023387908936,25
rl_b,3,rand_ana_poly_complex_20,7,0.04038449004292488,0.17730529965539346,0.10017403960227966,0.17189352214336395,3059.496337890625,9.847033500671387,448,1.7403415025398135,8.904472157955169,niveau,0.16090216040611266,0
rl_b,3,rand_ana_poly_complex_30,7,0.034592319279909134,0.15481043775696138,0.06022796034812927,0.22581106424331665,3206.44921875,9.835184097290039,448,1.7403415025398135,8.904472157955169,niveau,0.5747894525527955,100
rl_b,3,organic_0,7,0.046308498829603195,0.14522813641126006,0.012108366005122662,0.18588678538799286,3143.37060546875,9.862274169921875,448,1.7403415025398135,8.904472157955169,eid,1.8430483307402927,25
rl_b,3,organic_10,7,0.03557128831744194,0.12693644448447924,0.007507849484682083,0.2736634314060211,3532.8544921875,9.862655639648438,448,1.7403415025398135,8.904472157955169,ucb,2.0635152580333544,25
rl_b,3,organic_20,7,0.0239313542842865,0.0948340663951722,0.04127386957406998,0.11972992867231369,3090.48974609375,9.842480659484863,448,1.7403415025398135,8.904472157955169,niveau,0.3591668152809143,0
rl_b,3,organic_30,7,0.021496355533599854,0.12727382608185478,0.024662429466843605,0.09856963157653809,3261.9443359375,9.834683418273926,448,1.7403415025398135,8.904472157955169,niveau,0.568296618461609,25
rl_b,3,cjk_0,7,0.05010537430644035,0.1633274386756124,0.15499208867549896,0.20140518248081207,2735.78076171875,9.803120613098145,448,1.7403415025398135,8.904472157955169,niveau,0.5134626817703247,25
rl_b,3,cjk_10,7,0.027723101899027824,0.08796401692722554,0.03442633897066116,0.13280966877937317,3543.20556640625,9.857597351074219,448,1.7403415025398135,8.904472157955169,niveau,0.6702268123626709,25
rl_b,3,cjk_20,7,0.03919833526015282,0.13176679929724527,0.1499815583229065,0.11811375617980957,3432.0126953125,9.860132217407227,448,1.7403415025398135,8.904472157955169,niveau,0.3454582524299622,25
rl_b,3,A,8,0.044860389083623886,0.17993028002146352,0.058710142970085144,0.12797392904758453,2830.763671875,11.257678985595703,512,1.7403415025398135,8.904472157955169,ucb,2.5859034192619115,0
rl_b,3,greek_upper_0,8,0.04757603630423546,0.1908224540490517,0.08553357422351837,0.14160241186618805,3055.18896484375,11.252832412719727,512,1.7403415025398135,8.904472157955169,niveau,0.4102832102775574,100
rl_b,3,korean_5,8,0.02815481275320053,0.09212490102157438,0.03727655112743378,0.0910458192229271,3627.691162109375,11.18411636352539,512,1.7403415025398135,8.904472157955169,niveau,0.6123146200180054,100
rl_b,3,digit_5,8,0.02966730296611786,0.10873977822959663,0.05223226174712181,0.16939279437065125,3232.514892578125,11.223857879638672,512,1.7403415025398135,8.904472157955169,niveau,0.36760869026184084,100
rl_b,3,a_lc,8,0.04761410877108574,0.22172031503388712,0.048130616545677185,0.16983866691589355,3575.01123046875,11.225561141967773,512,1.7403415025398135,8.904472157955169,ucb,0.9361904550352057,100
rl_b,3,rand_gmm_10,8,0.03882349655032158,0.11545297576923946,0.0764259323477745,0.04665793478488922,3224.057861328125,11.231782913208008,512,1.7403415025398135,8.904472157955169,niveau,0.7492272615432739,100
rl_b,3,rand_gmm_20,8,0.03460168093442917,0.1133804961169242,0.06964977085590363,0.03714221715927124,3574.440673828125,11.227964401245117,512,1.7403415025398135,8.904472157955169,niveau,0.742528133392334,100
rl_b,3,rand_ana_poly_10,8,0.022178351879119873,0.07003904380557813,0.10195807367563248,0.17543111741542816,3425.763671875,11.236109733581543,512,1.7403415025398135,8.904472157955169,ucb,3.39127132026306,25
rl_b,3,rand_ana_poly_20,8,0.024340752512216568,0.10243209723334677,0.1921158879995346,0.19005613029003143,2820.942138671875,11.256196022033691,512,1.7403415025398135,8.904472157955169,niveau,0.4486418151855469,100
rl_b,3,rand_ana_poly_30,8,0.032766107469797134,0.11762630419436998,0.11451112478971481,0.30710577964782715,3386.4921875,11.216673851013184,512,1.7403415025398135,8.904472157955169,ucb,6.141377661602007,0
rl_b,3,rand_gmm_complex_0,8,0.04124750196933746,0.1330893650362303,0.056976351886987686,0.06957955658435822,3433.9443359375,11.235219955444336,512,1.7403415025398135,8.904472157955169,ucb,0.5800810637094925,0
rl_b,3,rand_gmm_complex_10,8,0.0486174114048481,0.14199518941603634,0.09267137944698334,0.044130321592092514,3308.338134765625,11.231730461120605,512,1.7403415025398135,8.904472157955169,eid,2.2572609902542338,25
rl_b,3,rand_gmm_complex_20,8,0.0314718633890152,0.09233085595337102,0.012839406728744507,0.028411243110895157,3765.8701171875,11.261133193969727,512,1.7403415025398135,8.904472157955169,ucb,0.5298292049076964,100
rl_b,3,rand_gmm_complex_30,8,0.044663332402706146,0.13543037437508212,0.044316042214632034,0.07396618276834488,3353.57275390625,11.24061107635498,512,1.7403415025398135,8.904472157955169,ucb,0.22154917828011336,0
rl_b,3,rand_ana_poly_complex_0,8,0.02440430223941803,0.10628051457382698,0.008935417048633099,0.19514665007591248,3601.528076171875,11.244684219360352,512,1.7403415025398135,8.904472157955169,eid,3.621624343567993,100
rl_b,3,rand_ana_poly_complex_10,8,0.029972227290272713,0.10527945636413484,0.019523771479725838,0.14455066621303558,3705.52197265625,11.270845413208008,512,1.7403415025398135,8.904472157955169,niveau,0.64168936252594,25
rl_b,3,rand_ana_poly_complex_20,8,0.025877172127366066,0.11361192758408134,0.06652490794658661,0.1208835244178772,3681.65576171875,11.249432563781738,512,1.7403415025398135,8.904472157955169,mass,0.40715219676494596,0
rl_b,3,rand_ana_poly_complex_30,8,0.03290710598230362,0.14726863039200438,0.057947639375925064,0.22574210166931152,3271.429443359375,11.240418434143066,512,1.7403415025398135,8.904472157955169,niveau,0.41334281921386723,25
rl_b,3,organic_0,8,0.038354646414518356,0.12028405070933818,0.014087405987083912,0.17012402415275574,3475.689697265625,11.265979766845703,512,1.7403415025398135,8.904472157955169,mass,0.6693546772003174,100
rl_b,3,organic_10,8,0.03112177550792694,0.11105832023191922,0.011655027978122234,0.28440847992897034,3621.685791015625,11.273802757263184,512,1.7403415025398135,8.904472157955169,eid,0.5229611455414231,100
rl_b,3,organic_20,8,0.023192837834358215,0.09190750748778884,0.029812710359692574,0.13096195459365845,3338.369140625,11.249008178710938,512,1.7403415025398135,8.904472157955169,niveau,0.5844343948364258,100
rl_b,3,organic_30,8,0.020301131531596184,0.1201972436573549,0.08438809216022491,0.09543104469776154,3298.601806640625,11.247753143310547,512,1.7403415025398135,8.904472157955169,eid,2.346831622964218,0
rl_b,3,cjk_0,8,0.03593122586607933,0.11712426402186019,0.10773928463459015,0.15822990238666534,3306.22607421875,11.204401016235352,512,1.7403415025398135,8.904472157955169,niveau,0.40039284467697145,100
rl_b,3,cjk_10,8,0.02763393335044384,0.08768108957856213,0.032527513802051544,0.1273159384727478,3702.51123046875,11.266303062438965,512,1.7403415025398135,8.904472157955169,mass,0.40078516900539396,100
rl_b,3,cjk_20,8,0.035000354051589966,0.11765511461239542,0.03416406735777855,0.11185606569051743,3575.7529296875,11.270431518554688,512,1.7403415025398135,8.904472157955169,niveau,0.5925278043746949,25
