phi_model,param,svgd_iters,seed,n_exec,J,q,cov,cov_norm,erg_truth,belief_rmse,info_gain,path_len,time_s
niveau,0.6067,25,0,6,0.258123386020104,0.13126049127325654,0.03652681715786457,0.13126049127325654,0.04938305247575045,0.1460848133265972,3470.705419921875,8.437445487976074,1.7157236867118624
niveau,0.8413,25,0,6,0.25829313015706445,0.13134825365215147,0.03621400348842144,0.13134825365215147,0.06735081639140844,0.12694252125918865,3521.6209375,8.430911636352539,1.7362191262282431
niveau,0.4893,50,0,6,0.2594367618450925,0.13206981628239453,0.036524414122104644,0.13206981628239453,0.05124150762334466,0.13685764722526073,3407.559736328125,8.43810432434082,1.8417363906744868
niveau,0.6067,50,0,6,0.259777360937775,0.1324221482469075,0.036717105358839035,0.1324221482469075,0.04632903557270765,0.13140575602650642,3473.016337890625,8.435872383117676,1.838803172716871
niveau,0.548,100,1,6,0.2606049039906394,0.13166046178966206,0.03636129036545754,0.13166046178966206,0.04637267991900444,0.14895681746304035,3460.60205078125,8.429517784118651,2.236110550244339
niveau,0.4307,25,0,7,0.2608811329306571,0.1129526795018187,0.03108527310192585,0.1129526795018187,0.03150408649817109,0.1252192524075508,3563.68994140625,9.846767234802247,1.9821133572096006
niveau,0.4893,100,1,7,0.2613903976206373,0.11094109040582088,0.030836890861392022,0.11094109040582088,0.04797566909343004,0.12555987812578678,3566.10638671875,9.822946243286133,2.6123268037041028
niveau,0.724,25,0,5,0.26210955785419005,0.15634863427448228,0.04306603044271469,0.15634863427448228,0.05622708782553673,0.146634951159358,3269.686962890625,7.033182277679443,1.4402308949269356
niveau,0.548,25,0,6,0.2623550936697573,0.13553348092361917,0.03745679900050163,0.13553348092361917,0.06319367449730634,0.13978060111403465,3410.225751953125,8.448710975646973,1.7054031865345314
niveau,0.4893,100,0,6,0.2631445751749993,0.13419345491866477,0.03728224851191044,0.13419345491866477,0.046052069179713724,0.14709574595093727,3398.028330078125,8.429866790771484,2.237780064083636
niveau,0.724,50,0,6,0.26320275251050707,0.1358588152830232,0.03720509178936481,0.1358588152830232,0.05024444187059998,0.1325641964375973,3507.154404296875,8.426717681884766,1.83598430687096
niveau,0.548,100,0,6,0.26337143423671405,0.13443330989532673,0.037138621658086776,0.13443330989532673,0.06049345115199685,0.13733377672731875,3459.047041015625,8.42736026763916,2.234531085346825
niveau,0.724,100,0,5,0.26368160189551776,0.15625009361370634,0.042987345829606054,0.15625009361370634,0.06871259804815054,0.15944925747811795,3276.52646484375,7.025832042694092,1.8578770704528629
niveau,0.6067,200,0,6,0.2636985330444083,0.13158667068020186,0.036628402173519134,0.13158667068020186,0.049928691722452644,0.14383620426058769,3389.901044921875,8.421680793762206,3.0279655910516157
niveau,0.4893,50,1,6,0.2637162346562607,0.13632279054053628,0.03760237328708172,0.13632279054053628,0.054481772147119044,0.14103839762508869,3491.719599609375,8.427396087646484,1.8483610289311037
niveau,0.6653,50,1,6,0.26384962886620617,0.13645500024617024,0.037640440165996554,0.13645500024617024,0.060588574074208736,0.14338418304920197,3420.300771484375,8.4329386138916,1.848657155008987
niveau,0.372,50,0,6,0.26407194586982685,0.1366940366946507,0.03769788645207882,0.1366940366946507,0.05657994182780385,0.16598433122038841,3356.570390625,8.43454216003418,1.8444772937940435
niveau,0.8413,50,0,6,0.2651713096386843,0.1378269332525224,0.03789438471198082,0.1378269332525224,0.06471232337877154,0.137914474606514,3531.092109375,8.426468353271485,1.8360940965404735
niveau,0.724,25,1,6,0.2657994806884321,0.13870412435472934,0.03815785117447376,0.13870412435472934,0.05370221201330423,0.13833720110356806,3495.693486328125,8.431575241088867,1.7738390834257007
niveau,0.6067,50,1,7,0.26601384073853973,0.11737320788157339,0.0323661282658577,0.11737320788157339,0.04489612851291895,0.12159889109432698,3590.793251953125,9.832096405029297,2.160158214241577
niveau,0.6653,50,0,6,0.2661153132877031,0.13877696038075707,0.038282760232686994,0.13877696038075707,0.05402258936315775,0.136284044906497,3476.49828125,8.428749198913573,1.8345882267365232
niveau,0.6653,25,0,6,0.2665850545596916,0.13969615745567043,0.03876651085913181,0.13969615745567043,0.05979424402117729,0.1408807599544525,3478.818857421875,8.436436309814454,1.7222242760052904
niveau,0.4893,25,0,7,0.2668190262416467,0.1188656684154579,0.0326386671513319,0.1188656684154579,0.04265847571194172,0.12768783412873744,3517.406572265625,9.846165390014649,1.9883394565472066
niveau,0.6653,100,0,5,0.26691979160678636,0.15948595464993642,0.044351199120283125,0.15948595464993642,0.05212083943188191,0.17944307684898375,3180.76345703125,7.027950954437256,1.858459239212486
niveau,0.9,25,0,6,0.2671542674001338,0.1401775099669429,0.038613309562206266,0.1401775099669429,0.05073792695999146,0.12646310202777386,3526.662158203125,8.433509941101073,1.7441893582977357
niveau,0.6067,25,1,6,0.26729795624493763,0.14021168526970923,0.038518733754754064,0.14021168526970923,0.053953195735812184,0.13894470937550069,3487.43541015625,8.435879859924317,1.7715677438070998
niveau,0.372,100,0,7,0.2673887637892608,0.1169320302020007,0.032330802381038665,0.1169320302020007,0.04386263646185398,0.12842958211898803,3554.835048828125,9.834698181152344,2.614183396815012
niveau,0.4307,50,0,6,0.26741990006320043,0.14005145273916283,0.03823795154690743,0.14005145273916283,0.0495743340998888,0.15997052535414696,3309.094384765625,8.4424755859375,1.842111831009388
mass,0.53,25,0,6,0.267455376362723,0.14029622866976701,0.03905972920358181,0.14029622866976701,0.041755423936992886,0.15662822417914868,3279.484140625,8.444005661010742,1.7897869232390076
niveau,0.6067,100,1,6,0.26776020791287186,0.13882888731971962,0.038413190767169,0.13882888731971962,0.04309510674327612,0.14227300018072128,3453.6840625,8.424987106323242,2.2328301482880493
niveau,0.7827,25,0,6,0.26782579452207067,0.1409016592277376,0.03868388347327709,0.1409016592277376,0.06910950697958469,0.13751384407281875,3545.10044921875,8.425135612487793,1.7310338235832752
ucb,0.4597,0,0,6,0.267828691596307,0.14147191537273318,0.0388705350458622,0.14147191537273318,0.05992135480046272,0.16635576002299785,3293.79048828125,8.462896919250488,1.5891940558934585
niveau,0.4307,0,0,6,0.2678728008102375,0.14118564811935008,0.039146342501044276,0.14118564811935008,0.06077066410332918,0.1556983221322298,3471.617451171875,8.457682456970215,1.6717881727218624
mass,0.59,25,0,7,0.2681172589035051,0.11980274299024585,0.033150094226002694,0.11980274299024585,0.047947511225938794,0.12735602036118507,3503.381064453125,9.847160034179687,2.0786289783148097
ucb,0.4597,25,0,6,0.2681775677693224,0.1410502067615798,0.03909672975540161,0.1410502067615798,0.05684635266661644,0.16568267449736596,3190.764765625,8.443536529541015,1.781840251935646
niveau,0.6653,25,1,6,0.2683966558666635,0.14130215007157212,0.03916630432009697,0.14130215007157212,0.05776008937507868,0.1508661302924156,3409.75638671875,8.44247631072998,1.7736264487728475
niveau,0.548,25,1,6,0.2684333020183685,0.1413758360702413,0.039010577723383906,0.1413758360702413,0.05157308984547854,0.1481531083583832,3410.97775390625,8.43848575592041,1.7643664870318025
niveau,0.6653,0,1,6,0.268437456369889,0.14174071026996246,0.039358906149864196,0.14174071026996246,0.06233053430914879,0.1521475148200989,3520.186025390625,8.448098220825194,1.6741865249816328
niveau,0.7827,100,0,6,0.26846002727704726,0.1395530933433645,0.03848318055272102,0.1395530933433645,0.052948231734335424,0.1402736959606409,3486.449365234375,8.429338493347167,2.226733483420685
niveau,0.4307,25,1,6,0.2686276902097508,0.14156787720317468,0.039250389784574506,0.14156787720317468,0.06460193902254105,0.1624424559623003,3387.618603515625,8.43827838897705,1.764953251644038
mass,0.65,50,0,6,0.2686627168114637,0.14112751021494763,0.039322664588689805,0.14112751021494763,0.04703651662915945,0.14575160592794417,3340.516494140625,8.442977561950684,1.8838016491290182
mass,0.47,0,1,6,0.2686766839150222,0.14201436678674761,0.03989996306598186,0.14201436678674761,0.04638335198163986,0.15319024369120599,3250.650126953125,8.457634506225586,1.6655792820686475
niveau,0.4307,100,1,6,0.26874640939489364,0.13978309391849097,0.03851634204387665,0.13978309391849097,0.05490926470607519,0.14806418105959893,3419.66244140625,8.427580299377441,2.2408288691006604
niveau,0.7827,50,0,6,0.26894716858810874,0.14160090152434202,0.039128758460283276,0.14160090152434202,0.05381715886294842,0.13508017629384994,3491.513828125,8.432884674072266,1.8365667659416796
niveau,0.6653,200,0,6,0.26897635746527543,0.13687631928730837,0.03769886039197445,0.13687631928730837,0.05032006379216909,0.14257084906101228,3459.527890625,8.42685962677002,3.025009544491768
niveau,0.6067,100,0,6,0.26901847181321925,0.14007744325537108,0.03876281268894673,0.14007744325537108,0.046032191552221775,0.14227374762296677,3406.968720703125,8.434135704040527,2.235257139462046
niveau,0.8413,25,1,6,0.2691506381973242,0.14203671376272944,0.03905961930751801,0.14203671376272944,0.0578060345351696,0.13028042308986187,3556.61748046875,8.43273551940918,1.7784811086487025
ucb,0.15,50,0,6,0.2692369047038756,0.14174468420577566,0.03961777068674564,0.14174468420577566,0.04328843381255865,0.16942331686615944,3075.249541015625,8.431528930664063,1.8730551245249807
niveau,0.724,50,1,6,0.2693732129884578,0.14196745955160556,0.03902570500969887,0.14196745955160556,0.047239141166210176,0.13628015615046024,3526.6588671875,8.430201873779296,1.8514383592130617
niveau,0.548,50,0,7,0.2695605797853693,0.12098161225477226,0.033363789096474646,0.12098161225477226,0.04225144127383828,0.13714703872799874,3537.6155859375,9.831642684936524,2.1447418826492504
niveau,0.7827,0,0,6,0.26957816945934343,0.14285278059603324,0.03955156795680523,0.14285278059603324,0.06697805020958185,0.14030233450233937,3555.072802734375,8.451441802978515,1.6813472158275544
mass,0.59,200,0,6,0.26962769430826306,0.1374566157335497,0.038198865130543706,0.1374566157335497,0.05620364289730787,0.16670794792473317,3179.75904296875,8.42547779083252,3.04276964367833
niveau,0.6067,0,0,6,0.2696815105899707,0.14299064923071345,0.03924776680767536,0.14299064923071345,0.05608593925833702,0.14776706248521804,3537.542841796875,8.45398094177246,1.6727153398143124
niveau,0.548,0,0,6,0.2696877498236106,0.14301562915606364,0.039600816518068314,0.14301562915606364,0.059545040540397165,0.1610884864628315,3440.580146484375,8.456708869934083,1.6680301668867465
niveau,0.8413,50,1,6,0.2699646804462654,0.14255694669525154,0.03917517140507698,0.14255694669525154,0.06751398211345076,0.13402255803346633,3590.9775,8.429897537231446,1.8519334377534689
ucb,0.2626,200,0,6,0.2702766302231515,0.13803958451000997,0.03867460086941719,0.13803958451000997,0.04456228904426098,0.15038392797112465,3078.85244140625,8.422361602783203,3.05926142828539
niveau,0.548,50,1,6,0.2702772454735855,0.14287924106298336,0.039483871534466745,0.14287924106298336,0.06571442797780037,0.1449292455613613,3520.986962890625,8.43335247039795,1.8495011026505381
niveau,0.9,25,1,5,0.27046540903889216,0.16453268484096928,0.045284772887825966,0.16453268484096928,0.05804099954664707,0.1525600552558899,3435.818486328125,7.029076118469238,1.4831810494807238
niveau,0.8413,100,1,6,0.2706071201978048,0.1416914391375502,0.038935518860816955,0.1416914391375502,0.05098353497684002,0.1349636737257242,3551.7786328125,8.428188705444336,2.2289202650636435
niveau,0.7827,200,1,5,0.27061343179078323,0.16056906693869752,0.04405765429139137,0.16056906693869752,0.0453892569988966,0.16363129630684853,3308.60107421875,7.020574531555176,2.5110912130214276
eid,2.4662,25,0,7,0.27079774738680173,0.12265841695647291,0.034596103429794314,0.12265841695647291,0.043763683587312696,0.15724869944155218,3092.7234765625,9.834378280639648,2.034832607582212
niveau,0.7827,200,0,6,0.2708176020386906,0.13877283691975267,0.03843847781419754,0.13877283691975267,0.0457468331977725,0.13249429017305375,3541.535712890625,8.423356399536132,3.0111912797344846
niveau,0.7827,50,1,7,0.27095399559571737,0.12230484427552378,0.03359123565256596,0.12230484427552378,0.04805352628231049,0.12068831473588944,3619.983125,9.83438663482666,2.162287830048396
niveau,0.548,0,1,6,0.27098401880300443,0.14422848818526443,0.0396449514478445,0.14422848818526443,0.05583321321755648,0.1577293772995472,3463.165146484375,8.455175743103027,1.688882654435001
niveau,0.372,25,0,7,0.27104833557181485,0.12311282759591428,0.033808268308639526,0.12311282759591428,0.054405319392681124,0.12570918969810008,3481.99263671875,9.845023765563965,1.983876993975137
niveau,0.9,0,0,6,0.27156145287647354,0.14481373576398446,0.03971802361309528,0.14481373576398446,0.05820596121251583,0.12915779739618302,3569.499287109375,8.438931694030762,1.6869292781222611
niveau,0.3133,50,1,7,0.2716324966106456,0.12302681288560388,0.03405348882079125,0.12302681288560388,0.0647326584905386,0.12357249170541763,3526.08826171875,9.839192352294923,2.1514209312604122
mass,0.71,0,0,6,0.2717570513057152,0.1451884594604934,0.040060702860355374,0.1451884594604934,0.07127706415951252,0.14714087039232254,3439.2257421875,8.458207130432129,1.6421479613054544
niveau,0.7827,25,1,6,0.27184855991275636,0.1447299512551318,0.039776630774140356,0.1447299512551318,0.05631292313337326,0.13159959860146045,3547.48892578125,8.429024658203126,1.7796521644061432
niveau,0.8413,200,0,6,0.27187081115891637,0.13982776902337968,0.038761105090379715,0.13982776902337968,0.06155000168830156,0.13214446127414703,3523.527880859375,8.422097778320312,3.010760533884168
niveau,0.8413,100,0,6,0.2718729941331504,0.14295672324647218,0.039182323589921,0.14295672324647218,0.058211949318647385,0.13002157218754293,3574.424052734375,8.416303253173828,2.229067721669562
niveau,0.4893,0,1,7,0.27188218207666626,0.1240081831580646,0.03426482617855072,0.1240081831580646,0.07171809554100037,0.1363317807763815,3652.365068359375,9.86166675567627,1.9684997296504059
niveau,0.3133,50,0,7,0.27188607789530256,0.12324864592035756,0.03424643635749817,0.12324864592035756,0.04217671722173691,0.13484047390520573,3485.548330078125,9.838859481811523,2.159357993736242
niveau,0.6653,0,0,6,0.27190003500369103,0.1451924289232931,0.03979354575276375,0.1451924289232931,0.08138769686222076,0.13660125158727168,3499.755439453125,8.453014106750489,1.6769015200994908
eid,10.0,25,0,7,0.27191488627021904,0.12363225808960468,0.03471809700131416,0.12363225808960468,0.07331667341291905,0.1463874711096287,3086.713798828125,9.826042785644532,2.070657045153591
niveau,0.724,100,1,6,0.27196224730437096,0.14304418929410573,0.03935479767620564,0.14304418929410573,0.0484744081646204,0.13894339948892592,3509.4296484375,8.418125762939454,2.2295145025663077
niveau,0.9,200,1,6,0.272049465994484,0.14003781682208477,0.03834306478500366,0.14003781682208477,0.05185356870293617,0.12042764194309712,3600.60046875,8.410301818847657,3.0029122930997985
mass,0.65,100,0,5,0.2723378029645562,0.16487209046721937,0.0460756466537714,0.16487209046721937,0.07234688442200422,0.1761321806907654,3082.328798828125,7.027596607208252,1.8664281243341974
mass,0.53,100,0,6,0.2724585959475064,0.14348754383848467,0.040098220705986024,0.14348754383848467,0.05404662612825632,0.16236633121967314,3117.002548828125,8.431386032104491,2.2427630272554233
niveau,0.7827,0,1,6,0.27284690067121126,0.14616891030320267,0.04036221325397491,0.14616891030320267,0.06341141577810049,0.1359049304574728,3507.819716796875,8.449555473327637,1.669497592002153
niveau,0.724,400,0,5,0.27295993131387664,0.1575550044063571,0.043567638099193576,0.1575550044063571,0.06618199855089188,0.16445243999361991,3222.946240234375,7.018588218688965,3.8512317268798753
niveau,0.4893,25,1,6,0.27334698558502374,0.14629834081136167,0.04052064850926399,0.14629834081136167,0.06075684044510126,0.15541785381734372,3348.0087890625,8.438271293640137,1.7621611934155226
niveau,0.724,200,1,6,0.27335728753157373,0.14130726319062,0.039093337506055835,0.14130726319062,0.06392911031842231,0.13733040660619736,3553.385283203125,8.421546440124512,3.0125060852384196
niveau,0.6653,200,1,6,0.27339405293506924,0.14133674714436179,0.03876823507249355,0.14133674714436179,0.056519476994872093,0.13162671647965907,3498.981044921875,8.428249931335449,3.014326447676867
mass,0.59,100,0,6,0.2735420894997378,0.14458355636203638,0.040302609577775005,0.14458355636203638,0.057404633536934854,0.16998764395713806,3132.18951171875,8.424364624023438,2.239633284425363
ucb,0.4597,50,0,6,0.27355640223699507,0.14605428081518856,0.040119865834712984,0.14605428081518856,0.05325079955160618,0.15210381463170053,3258.605390625,8.44270824432373,1.8755303554516285
ucb,0.2626,0,0,6,0.2735705599574286,0.14751318950963277,0.04093243561685085,0.14751318950963277,0.05419083122164011,0.1815984608978033,3218.6060546875,8.457930641174316,1.5143426119489596
ucb,1.864,100,0,6,0.27357834879185094,0.14461540466045056,0.039927620515227316,0.14461540466045056,0.05788282558321953,0.13012055061757566,3507.523671875,8.42881160736084,2.240736032850109
niveau,0.4893,0,0,6,0.27395124145282385,0.14729128242975054,0.04031593501567841,0.14729128242975054,0.05838734351098537,0.14844274438917637,3528.47451171875,8.456414108276368,1.664989755768329
niveau,0.724,0,0,6,0.2739667616341484,0.1472317587930744,0.04041959837079048,0.1472317587930744,0.06572275098413229,0.13792315900325774,3520.702802734375,8.44845458984375,1.683750710268505
niveau,0.6653,100,1,6,0.2743006159705501,0.1453757519507613,0.03949268788099289,0.1453757519507613,0.0548047361522913,0.1447658871859312,3472.8137109375,8.429121589660644,2.2312160049472003
ucb,0.8047,25,1,5,0.27430104401435756,0.16858205742919563,0.046583506017923354,0.16858205742919563,0.06142295882105828,0.16150603249669074,3260.350888671875,7.035930500030518,1.4297466462904895
niveau,0.372,0,0,6,0.27432869397992676,0.14767240119608527,0.040781638845801355,0.14767240119608527,0.06379319451749325,0.15584022492170335,3430.63380859375,8.460393676757812,1.6640731959603727
niveau,0.9,50,1,6,0.27438696322138667,0.14697793148190963,0.0404230073094368,0.14697793148190963,0.06669435501098633,0.1383918436616659,3539.983251953125,8.426481285095214,1.8522579348692672
ucb,0.8047,25,0,5,0.2745498721255696,0.1686566214088436,0.04626268684864044,0.1686566214088436,0.07661415461450816,0.16828113794326782,3131.585546875,7.039254112243652,1.4733126791814963
niveau,0.372,200,0,7,0.27455793020831465,0.12033856402173684,0.03329821951687336,0.12033856402173684,0.05888155426830053,0.13091025337576867,3432.835029296875,9.82402042388916,3.5548415466444574
niveau,0.2547,50,1,7,0.27462534713267245,0.1260138863182616,0.034655515179038046,0.1260138863182616,0.05199696008116007,0.13418757490813732,3509.14931640625,9.833110694885255,2.1528652036027047
eid,0.4597,100,0,7,0.27467345865416254,0.1242056461911422,0.035414446890354154,0.1242056461911422,0.04996343545615673,0.17383796319365502,2858.860869140625,9.81633415222168,2.6169531157550714
niveau,0.7827,100,1,6,0.27467521551205915,0.14576486028011096,0.03977120630443096,0.14576486028011096,0.055160092748701574,0.13228326320648193,3584.324296875,8.422701683044433,2.227588807987049
niveau,0.548,200,0,7,0.2747624193544531,0.12058613432088251,0.03359282851219177,0.12058613432088251,0.05904793970286846,0.13710128664970397,3538.1155078125,9.82016716003418,3.544071258392651
ucb,0.8047,100,0,6,0.27488956338895504,0.1459179663972186,0.040355876088142395,0.1459179663972186,0.06752337098121643,0.15292505234479903,3349.860419921875,8.430229721069336,2.2428992479341106
niveau,0.6067,0,1,6,0.2748946357972676,0.14818645583122395,0.04061190478503704,0.14818645583122395,0.06814296320080757,0.15021054558455943,3487.16412109375,8.447915725708008,1.6770449915109202
ucb,0.1985,25,0,6,0.2749668906715358,0.1478526307611758,0.0415836026519537,0.1478526307611758,0.07136444684118032,0.17280738413333893,3088.905517578125,8.441680412292481,1.7785649775899948
ucb,0.3474,100,0,7,0.27501736585644077,0.12454917330268463,0.03471775740385055,0.12454917330268463,0.048031211234629154,0.13779840841889382,3300.658232421875,9.836384811401366,2.6170481384390345
eid,3.2631,50,0,6,0.27503091965108645,0.1476558005427336,0.041700970754027365,0.1476558005427336,0.06635931029915809,0.16840425238013268,2806.20271484375,8.424053993225098,1.8437797770882025
eid,2.4662,50,1,7,0.2751434171585294,0.12644310567839592,0.03568415768444538,0.12644310567839592,0.06793495995923876,0.16533155456185342,3075.32138671875,9.828282051086425,2.175077870033371
niveau,0.9,100,1,7,0.27515535133781216,0.12477858244287157,0.03436128623783588,0.12477858244287157,0.05777082938700914,0.10667140431702136,3680.9411328125,9.82311107635498,2.594192223735154
ucb,0.6082,50,0,7,0.2755902046501013,0.1268373671326163,0.035062091574072834,0.1268373671326163,0.05135416189208627,0.141875921189785,3435.71083984375,9.849070816040038,2.1882093793712563
mass,0.77,0,0,6,0.2755939400061303,0.14902548043305888,0.041061926037073135,0.14902548043305888,0.04732218869030476,0.13184983253479005,3513.250380859375,8.462819480895996,1.6421148932678624
ucb,0.6082,0,0,6,0.2756465422752587,0.149238225654093,0.04079510003328323,0.149238225654093,0.06990629747509956,0.1659816800057888,3322.4275,8.461914176940917,1.6020791552914304
niveau,0.548,200,1,6,0.2756486782761661,0.1435359047388842,0.039683514311909675,0.1435359047388842,0.05279734902083874,0.14822307199239732,3440.725703125,8.420709228515625,3.0281933843204754
ucb,1.0648,50,1,6,0.2756513785325711,0.14827854641269644,0.04117079213261604,0.14827854641269644,0.06119150761514902,0.14409354850649833,3444.49228515625,8.43742130279541,1.843208029968664
ucb,0.8047,50,0,6,0.27570372583460234,0.1482113970633241,0.04112075001001358,0.1482113970633241,0.05780677199363708,0.1509816586226225,3390.280927734375,8.433925704956055,1.8730821928195656
niveau,0.4307,200,0,6,0.2757114826665514,0.14353240479095583,0.03983214698731899,0.14353240479095583,0.04862979959696531,0.14970500349998475,3301.036162109375,8.421900177001953,3.044769468898885
niveau,0.4307,50,1,6,0.27575132431121935,0.1483650898218939,0.04132778935134411,0.1483650898218939,0.05086418010294438,0.16999648869037629,3398.061748046875,8.43624153137207,1.8465586223313586
ucb,0.6082,25,0,6,0.27582824638511566,0.14871656892643823,0.040675237700343134,0.14871656892643823,0.058131805444136264,0.1579763686656952,3312.614990234375,8.44476390838623,1.7779193646693598
niveau,0.724,200,0,6,0.27596222446945295,0.14387443863258498,0.03954100348055363,0.14387443863258498,0.057628966420888904,0.13364310041069985,3506.922197265625,8.421315879821778,3.021946459216997
ucb,1.4088,100,0,7,0.2759720704330003,0.12551909589324728,0.03465708412230015,0.12551909589324728,0.05494656838476658,0.1281598350405693,3606.059443359375,9.834694862365723,2.6132436349382626
niveau,0.3133,200,0,6,0.2761364921391484,0.14392416783678433,0.04026530712842941,0.14392416783678433,0.06905453894287347,0.1591488914191723,3282.051748046875,8.422480850219726,3.053081075591036
mass,0.71,50,1,6,0.2762177521382813,0.1488519845560734,0.04109008885920048,0.1488519845560734,0.06081580437719822,0.14126377388834954,3368.99501953125,8.436166648864747,1.8414418955519796
niveau,0.8413,0,0,6,0.27622047119873877,0.1494890332148906,0.04101370014250279,0.1494890332148906,0.049405171275138854,0.13287950821220876,3574.879609375,8.438895225524902,1.6828594959620389
niveau,0.3133,0,0,7,0.27629150738014124,0.12855974531271397,0.035268501490354535,0.12855974531271397,0.05496654912829399,0.12762851156294347,3609.08265625,9.868704719543457,1.9329405168568095
mass,0.71,50,0,5,0.2764517863806218,0.17017099651256934,0.04682569608092308,0.17017099651256934,0.06717894788831473,0.17671912550926208,3172.1591015625,7.033305473327637,1.5701974670131067
niveau,0.8413,200,1,6,0.27645861873298777,0.1444015601585609,0.03968092769384384,0.1444015601585609,0.052875964492559435,0.13275582149624823,3552.6433984375,8.409992065429687,3.0142646436067304
mass,0.65,200,0,6,0.2765905844997815,0.1444394212568752,0.04004325173795223,0.1444394212568752,0.0460013747215271,0.15569498613476754,3257.829189453125,8.426357650756836,3.0377908107265825
niveau,0.724,0,1,7,0.2768118181054338,0.12898160585033522,0.035586788728833196,0.12898160585033522,0.05417882613837719,0.11932840764522552,3671.982763671875,9.85145751953125,1.9575530637746366
ucb,0.8047,100,1,6,0.27683485593717844,0.14785869015062525,0.04098406456410885,0.14785869015062525,0.04988717209547758,0.147251595556736,3420.616630859375,8.42987819671631,2.2440414466382936
mass,0.65,50,1,7,0.2770715905866412,0.12848325960801113,0.035587373822927475,0.12848325960801113,0.061461961343884465,0.13644387386739254,3485.5943359375,9.84556613922119,2.147082744657528
niveau,0.724,400,1,6,0.27708787305459653,0.13856488203356315,0.03832049712538719,0.13856488203356315,0.05017348024994135,0.132885335162282,3435.697919921875,8.41652416229248,4.630747755258344
eid,2.4662,25,1,7,0.2772440692560627,0.12893244394651965,0.036566454246640206,0.12893244394651965,0.05536736615002155,0.14659245312213898,3075.526669921875,9.831579475402831,2.077906327385766
eid,10.0,100,0,7,0.27733965496270185,0.1268733227816834,0.03512104660272598,0.1268733227816834,0.05300484497100115,0.16906652897596358,3086.358095703125,9.825027503967284,2.616583045254617
eid,4.3174,25,0,7,0.2773476817193232,0.12914159776664114,0.0365207476913929,0.12914159776664114,0.09519701961427927,0.14964671671390534,3054.511982421875,9.83430763244629,2.051520988170523
ucb,1.0648,25,0,6,0.2773724193706185,0.1503180501043432,0.04135880723595619,0.1503180501043432,0.07011605750769377,0.1541768465191126,3426.254765625,8.444136085510253,1.7635923165688292
niveau,0.9,50,0,6,0.2773901239038119,0.15003984491801353,0.041308377459645274,0.15003984491801353,0.05678115241229534,0.13198495119810105,3532.18421875,8.425019607543945,1.8375697464495897
niveau,0.4893,200,1,7,0.2775288115485042,0.12337275628916279,0.034002168998122216,0.12337275628916279,0.047881130166351794,0.1345781870931387,3457.745400390625,9.822154998779297,3.539013814835344
niveau,0.196,100,0,7,0.2775397494199468,0.12708459692477864,0.03557964988052845,0.12708459692477864,0.04461317919194698,0.15216554246842862,3382.57982421875,9.830232582092286,2.613788123792038
niveau,0.3133,100,0,7,0.2777460640755034,0.12728203233391533,0.0348350740224123,0.12728203233391533,0.06052278131246567,0.15127267956733703,3389.016103515625,9.829258232116699,2.616007935397017
ucb,1.0648,0,0,7,0.2777847429476921,0.1302672577408323,0.035866742730140684,0.1302672577408323,0.0451845321431756,0.12104436621069908,3626.076708984375,9.870835571289062,1.8793713017149523
ucb,0.1985,200,0,6,0.27783952536386164,0.1456002099984764,0.04118924595415592,0.1456002099984764,0.0432957924157381,0.17404595583677293,3016.9034765625,8.427739639282226,3.0598288413463153
niveau,0.8413,0,1,6,0.27792358949262214,0.15128320012284008,0.04164220578968525,0.15128320012284008,0.05103730484843254,0.1358764872699976,3562.135,8.44439380645752,1.660097342445515
niveau,0.4893,200,0,6,0.27795416346773283,0.14579664987066537,0.04018031686544418,0.14579664987066537,0.055906084068119526,0.15891675755381585,3368.983720703125,8.429852867126465,3.0393783992668615
ucb,1.4088,25,0,5,0.27800073537488257,0.17212800449760107,0.04699741080403328,0.17212800449760107,0.06536613509058953,0.16119033545255662,3350.759580078125,7.0345234870910645,1.4681827193203691
mass,0.53,0,1,6,0.2780252622879486,0.15134051781250196,0.04202035404741764,0.15134051781250196,0.0454618564248085,0.16345821999013424,3286.20642578125,8.459855918884278,1.6711861188616604
niveau,0.3133,25,0,7,0.278109064267761,0.13019017889434678,0.03575906656682491,0.13019017889434678,0.057701391950249675,0.13972280010581017,3451.5843359375,9.8478609085083,1.979721343353546
niveau,0.196,25,1,7,0.27814077135182513,0.13000203261900287,0.035756731778383254,0.13000203261900287,0.04343982364982366,0.14555439233779907,3489.729443359375,9.842423439025879,2.03468468320556
mass,0.47,50,1,7,0.2783755827193544,0.1297551187778225,0.036586472764611244,0.1297551187778225,0.05506772443652153,0.13680860646069049,3400.838623046875,9.834320335388183,2.1551159853829693
ucb,0.15,50,1,7,0.27844811997253727,0.12967256302690408,0.03703934982419014,0.12967256302690408,0.05612633720040321,0.1469663780927658,3249.0947265625,9.832908210754395,2.1938892364082854
eid,10.0,50,1,7,0.2784843385797541,0.12979782997865416,0.03600658729672432,0.12979782997865416,0.06921187702566385,0.15231300719082355,3119.53767578125,9.825471305847168,2.1716271502749684
ucb,0.8047,50,1,6,0.27849547300443284,0.15111038253182774,0.04200650207698345,0.15111038253182774,0.047778090238571165,0.15161776244640351,3366.88865234375,8.438861732482911,1.8462726181512696
niveau,0.4307,100,0,7,0.278503800293247,0.1280460431376684,0.035340377390384675,0.1280460431376684,0.04645283345133066,0.14189511746168137,3496.54658203125,9.830731010437011,2.6144392888946464
mass,0.65,25,0,7,0.27851907818237687,0.13022357903495174,0.03614011816680431,0.13022357903495174,0.04841415382921696,0.13835212148725987,3433.56875,9.852737159729005,2.073874786856274
mass,0.59,50,0,5,0.27858909115636543,0.17229994257128617,0.047891782373189924,0.17229994257128617,0.05263077475130558,0.17582386881113052,3086.30818359375,7.036802806854248,1.5722871462698098
ucb,0.8047,0,0,6,0.2786070674814651,0.15218424274595402,0.04195297077298164,0.15218424274595402,0.06333453077822923,0.14961712568998337,3356.8389453125,8.463355293273926,1.6057061838777735
ucb,0.2626,100,1,6,0.278679679922816,0.14969970662644197,0.04235885687172413,0.14969970662644197,0.06041200656443834,0.17345619440078736,3176.788740234375,8.429536361694336,2.244993324093521
eid,3.2631,0,0,7,0.27868758768139784,0.13080863908053128,0.03673380620777607,0.13080863908053128,0.06651440396904945,0.15476461961865426,3004.16802734375,9.84924991607666,1.9697371502166305
ucb,0.3474,25,1,7,0.27870054357431184,0.13065674512928951,0.03663353800773621,0.13065674512928951,0.04946186531335115,0.13794631637632848,3403.38490234375,9.84542781829834,2.010949611255589
niveau,0.7827,400,0,6,0.27870746745741204,0.14022321634644855,0.038748396933078764,0.14022321634644855,0.04600035544484854,0.14245636388659477,3455.207763671875,8.428551330566407,4.62106277774088
niveau,0.9,200,0,6,0.27876377643643485,0.14671762464827462,0.04030561365187168,0.14671762464827462,0.058765497170388696,0.137223462164402,3529.334384765625,8.41869888305664,3.011537947040052
eid,0.8047,25,1,7,0.27876549325707034,0.1304379436855916,0.036852016597986224,0.1304379436855916,0.05379212006926536,0.16176600217819215,2954.42595703125,9.827944259643555,2.0818873928696853
mass,0.53,50,0,6,0.2788771231004458,0.15136296413237718,0.04251603811979294,0.15136296413237718,0.05893222086131573,0.16385376408696176,3146.7250390625,8.431257667541503,1.878539742017165
mass,0.71,0,1,6,0.2788936227967063,0.1521635285778003,0.04164218723773956,0.1521635285778003,0.05870705038309097,0.14752080745995044,3457.89439453125,8.458596458435059,1.6825235547265038
ucb,0.2626,100,0,6,0.2789478577830532,0.14995853500173256,0.04267857059836388,0.14995853500173256,0.05668732959777117,0.15745655164122582,3006.46759765625,8.424688186645508,2.2473306953301653
ucb,1.864,25,0,6,0.27899930979403625,0.1519929307873263,0.04114945381879807,0.1519929307873263,0.06153084598481655,0.14224189646542074,3544.440712890625,8.445648460388183,1.751594751677476
ucb,0.1985,50,0,7,0.2790229654967186,0.13030807316958815,0.03679994754493236,0.13030807316958815,0.05642621248960495,0.16693123191595077,3159.74439453125,9.841245727539063,2.178723081782616
mass,0.77,50,0,6,0.2790697336536159,0.1515024262352174,0.04204273208975792,0.1515024262352174,0.06323659278452397,0.14778864830732347,3454.981318359375,8.444924812316895,1.8918268545996397
ucb,1.864,50,0,6,0.2790956257584418,0.15160172965684038,0.041323805302381514,0.15160172965684038,0.06520272921770812,0.14825054347515107,3519.677255859375,8.439184455871581,1.8734740254003555
eid,2.4662,100,0,7,0.2791366295317078,0.12868098357153887,0.036422019079327586,0.12868098357153887,0.05815927159041166,0.15555809333920478,3041.787490234375,9.827751770019532,2.613911490042228
mass,0.53,200,0,6,0.2792994051695315,0.147114170072831,0.041463671326637266,0.147114170072831,0.059683059975504875,0.1670682379603386,3140.426220703125,8.41987808227539,3.0463087741751225
niveau,0.2547,25,1,7,0.27932697301950066,0.13115049286273067,0.03637303546071052,0.13115049286273067,0.045999843664467334,0.15050609409809113,3479.973330078125,9.842957649230957,2.044120039192494
mass,0.83,0,0,7,0.2793365262699911,0.1316913499886271,0.03627201586961746,0.1316913499886271,0.07013368129730224,0.11367770209908486,3695.720703125,9.873505363464355,1.9112940703410037
ucb,1.4088,25,1,6,0.27936705938659895,0.1524902338805078,0.041442336589097975,0.1524902338805078,0.05837877534329891,0.13656266584992408,3553.49466796875,8.440800971984864,1.7192063765227794
ucb,0.2626,50,1,7,0.27936991432456054,0.1306678985478766,0.036561352908611296,0.1306678985478766,0.050945610962808134,0.15123309820890427,3303.543330078125,9.831048851013184,2.175503944170972
mass,0.89,25,0,6,0.27947474675022477,0.15249521621918716,0.04187083572149277,0.15249521621918716,0.0688828069716692,0.13696543909609318,3570.0063671875,8.440907325744629,1.7448826327593998
mass,0.47,0,0,7,0.27951266107631545,0.13181939045599975,0.036816608905792234,0.13181939045599975,0.054637754037976265,0.14813982285559177,3306.01408203125,9.863833656311035,1.9233176550789113
ucb,1.0648,100,0,6,0.2796184061544691,0.15065168094855963,0.041555241122841834,0.15065168094855963,0.06405927121639252,0.14838414765894414,3352.9823828125,8.427665634155273,2.241681301477365
niveau,0.372,100,1,7,0.2797499324978682,0.12928138945239398,0.03563251420855522,0.12928138945239398,0.035765235237777235,0.12747847147285937,3493.23384765625,9.830333518981934,2.617135761368554
mass,0.59,25,1,6,0.2797826870014202,0.15298767551890208,0.04279382608830929,0.15298767551890208,0.06323710218071937,0.17148003935813905,3272.738994140625,8.442274436950683,1.6987528706295416
eid,7.558,100,0,7,0.27985705399719796,0.12940248504424884,0.03609938345849514,0.12940248504424884,0.05423215217888355,0.16223010331392287,3063.294091796875,9.826173706054687,2.613642238237275
eid,5.7123,25,0,6,0.27993788889674714,0.15287598749591277,0.043469020575284956,0.15287598749591277,0.07920083314180375,0.17789531737565994,2895.848203125,8.429024925231934,1.7654753502085805
ucb,0.4597,200,0,7,0.2799704542991889,0.12573318652848994,0.03543173208832741,0.12573318652848994,0.04721617788076401,0.1493266850709915,3277.2233203125,9.827523765563965,3.559316942674729
eid,1.864,25,1,7,0.2800482615758331,0.13174021801318742,0.037068869695067404,0.13174021801318742,0.05614079251885414,0.15020623445510864,3126.686015625,9.829106254577637,2.077010890661429
ucb,2.4662,50,0,6,0.28011871052651105,0.15259728236908468,0.041389040648937225,0.15259728236908468,0.07523667208850383,0.1357971167564392,3579.969873046875,8.436968078613281,1.8803570393566043
niveau,0.372,25,1,6,0.2801509525313614,0.15306373423842845,0.04234841100871563,0.15306373423842845,0.07448576185852289,0.16869325011968614,3395.87330078125,8.43759464263916,1.7718045732332393
eid,4.3174,0,0,7,0.28016403123977024,0.13227606673966524,0.03742223482578993,0.13227606673966524,0.07978655070066452,0.18256313279271125,2948.801845703125,9.857108459472656,1.9719911250262523
niveau,0.6067,200,1,6,0.2801680549567675,0.1480666761897428,0.040799990221858026,0.1480666761897428,0.062323818281292916,0.1468859960883856,3426.686708984375,8.424573860168458,3.0253446917561813
niveau,0.4307,0,1,6,0.28029620561741975,0.15351759741171012,0.04201229974627495,0.15351759741171012,0.05926544591784477,0.15177438251674175,3469.1896484375,8.453732109069824,1.694652051427402
mass,0.53,25,1,6,0.28030683300453363,0.15349930341630366,0.043251994848251346,0.15349930341630366,0.06400517640635371,0.16325149297714234,3127.60912109375,8.439297752380371,1.7018823970574886
ucb,3.2631,50,0,6,0.28031999964376464,0.15279414334045277,0.04205427728593349,0.15279414334045277,0.07232077918946743,0.13072998836636543,3553.507666015625,8.43877010345459,1.881464075827971
eid,10.0,0,1,7,0.2803705503132124,0.13267185654388966,0.0372580960392952,0.13267185654388966,0.06274140253663063,0.16273800358176232,3088.67115234375,9.85433464050293,1.924673442330677
ucb,0.15,100,0,6,0.2803976649380288,0.15142819204695512,0.042501416131854056,0.15142819204695512,0.07079069830477237,0.17116017073392867,2996.414404296875,8.42237892150879,2.2423682227684187
eid,0.1985,200,0,6,0.28048512555311056,0.14826275740240324,0.042172018736600876,0.14826275740240324,0.07855269202962517,0.19042340248823167,2664.0883203125,8.413780136108398,3.0555920376768335
ucb,0.1985,0,0,7,0.28051424126911256,0.1337728512929563,0.03710503377020359,0.1337728512929563,0.05967186197638512,0.14830151170492173,3185.165234375,9.864047241210937,1.6853474940390638
ucb,0.3474,0,1,6,0.2805154172989727,0.15392589570153517,0.042955959290266035,0.15392589570153517,0.06478634670376777,0.16371369794011115,3235.033173828125,8.456957969665527,1.64738039935939
mass,0.59,0,0,7,0.28052831828953656,0.13285740463109952,0.03644902989268303,0.13285740463109952,0.06285964965820312,0.14803365588188172,3486.636474609375,9.865101203918456,1.917728414609252
ucb,0.3474,50,0,6,0.2807613476516569,0.15326564034403137,0.04323429793119431,0.15326564034403137,0.06560790192335844,0.1488066039979458,3178.473212890625,8.43531150817871,1.8739268269063905
ucb,1.4088,100,1,6,0.28077714445435076,0.15182243892735436,0.04185711115598679,0.15182243892735436,0.05106795404106378,0.13761076152324678,3516.44357421875,8.434979133605957,2.238676381749101
mass,0.05,50,1,7,0.28080800131959244,0.13210928751847725,0.03749331038445234,0.13210928751847725,0.05299456872045994,0.18419147357344628,2862.158017578125,9.81956470489502,2.174678450278783
eid,3.2631,100,0,6,0.2810648665988147,0.1521018585363291,0.042807554677128795,0.1521018585363291,0.062397876530885694,0.1765269458293915,2850.56931640625,8.418153915405274,2.2407520156214016
eid,10.0,200,1,7,0.2811400822465658,0.12692939540001022,0.035632418543100355,0.12692939540001022,0.051035651341080665,0.1535584893077612,3084.83716796875,9.815984649658203,3.5526717116388804
mass,0.11,50,1,6,0.2812705031998052,0.15383735600415308,0.04410800464451313,0.15383735600415308,0.06622162446379662,0.18693245947360992,2902.5322265625,8.422461090087891,1.858286798913032
ucb,0.4597,50,1,6,0.281360637216226,0.1539353221450493,0.042693820372223856,0.1539353221450493,0.059051423221826556,0.16532287552952765,3274.09041015625,8.44123737335205,1.8563287677941844
mass,0.65,0,0,7,0.2814184451348355,0.1337536389988153,0.037370455116033555,0.1337536389988153,0.057998572811484336,0.14268737308681012,3449.543427734375,9.871807403564453,1.9162015340050371
eid,5.7123,0,0,8,0.2814466351025507,0.1124271658374324,0.03156783051788807,0.1124271658374324,0.0650365524739027,0.14360119961202145,3200.633017578125,11.259082412719726,2.2548673162795603
niveau,0.9,100,0,6,0.28148082492475024,0.15257435269313493,0.0415870900452137,0.15257435269313493,0.0508615904673934,0.1319543032348156,3521.52419921875,8.423890800476075,2.226618057903834
ucb,0.6082,100,1,7,0.28151474384916664,0.13105737549505225,0.03605663880705833,0.13105737549505225,0.054626357220113275,0.13396903343498706,3526.719658203125,9.835582656860351,2.6143420885285984
eid,5.7123,50,1,7,0.2815885040726162,0.13289693258472626,0.03672239549458027,0.13289693258472626,0.06028895936906338,0.16638387247920036,3084.06251953125,9.827657737731933,2.172892871972484
mass,0.77,25,1,7,0.2816616472823122,0.13368343696786508,0.03670078419148922,0.13368343696786508,0.06157451640814543,0.11947686932981014,3664.627978515625,9.843927307128906,1.9945525786117657
ucb,2.4662,25,0,6,0.2816727999850605,0.15472143728579021,0.042344186604022976,0.15472143728579021,0.06860578134655952,0.1472524507343769,3517.840263671875,8.440838623046876,1.737840674817562
eid,4.3174,50,1,6,0.2817383703772532,0.15427735594756847,0.043349529504776003,0.15427735594756847,0.06474311854690314,0.17592227205634117,2888.817021484375,8.419859962463379,1.865253607421182
ucb,1.0648,50,0,6,0.2817711276203917,0.1542690343521686,0.0423189902305603,0.1542690343521686,0.05652516409754753,0.16078220300376414,3402.754130859375,8.439565773010253,1.8755233170557768
ucb,0.2626,50,0,6,0.2817732940765056,0.15428151406485172,0.043347494453191755,0.15428151406485172,0.062395654879510404,0.16977187752723694,3049.169033203125,8.440929222106934,1.8729450029134747
mass,0.77,100,0,6,0.2818980842124626,0.15294027225104645,0.042129073962569236,0.15294027225104645,0.0705405118316412,0.15032776467502118,3388.411025390625,8.434226531982421,2.2394529903540388
mass,0.89,50,0,6,0.28190371504882245,0.15435763884566617,0.04181126028299332,0.15435763884566617,0.05879375502467155,0.13824102014303208,3565.394189453125,8.43979907989502,1.886519050789066
ucb,1.864,100,1,7,0.28202246829182376,0.1315944361647575,0.036087136641144754,0.1315944361647575,0.059852945059537886,0.11521375343203545,3656.351748046875,9.828267593383789,2.6070080317665516
mass,0.71,25,0,6,0.28203437810130316,0.15492301142632856,0.04315637141466141,0.15492301142632856,0.06707274653017521,0.1555238248407841,3352.14626953125,8.443039360046386,1.7778416687436402
ucb,0.8047,200,1,6,0.2820442423041066,0.14987625140492744,0.041758685037493706,0.14987625140492744,0.06296223148703575,0.16540139347314833,3193.05544921875,8.43088134765625,3.0419977247947827
ucb,0.15,0,1,7,0.2822796800064532,0.13554351372130097,0.03824748553335667,0.13554351372130097,0.055077580362558366,0.1652490358054638,3262.175361328125,9.860825653076171,1.6840415712880592
ucb,3.2631,25,0,7,0.2822951395644691,0.13421888139240537,0.03652946501970291,0.13421888139240537,0.08199486324563622,0.12308955952525139,3659.79470703125,9.848594970703125,2.019064543015945
ucb,2.4662,200,0,7,0.2823412148787369,0.1281737036801169,0.03548583962023258,0.1281737036801169,0.056045799925923345,0.12319510541856289,3611.95583984375,9.830170440673829,3.5418777996550004
eid,4.3174,200,0,7,0.28241096801848775,0.12816098932600273,0.035852252766489984,0.12816098932600273,0.06910005379468202,0.16526278585195542,3072.97087890625,9.821904983520508,3.5624946731212557
mass,0.29,100,0,6,0.28245343296177167,0.15346736758909602,0.043674243800342086,0.15346736758909602,0.06414517935365438,0.18582332342863084,2910.29158203125,8.419936637878418,2.2465163431689144
niveau,0.2547,25,0,6,0.28246076820487154,0.15570938492503017,0.042559808790683745,0.15570938492503017,0.07165232874453067,0.16871516048908233,3210.869169921875,8.441792335510254,1.6878458199603485
niveau,0.196,50,1,7,0.28253947961605597,0.1339255322958107,0.03716838173568249,0.1339255322958107,0.03861804403364658,0.13212246850132942,3461.944130859375,9.838301887512207,2.153486830061302
mass,0.65,200,1,7,0.282546299832541,0.12836378815921343,0.03582596868276596,0.12836378815921343,0.05853985249996185,0.13325384087860584,3436.756142578125,9.828425331115723,3.5456279183318835
mass,0.41,0,1,7,0.282552195857894,0.13476974351350246,0.0382574512809515,0.13476974351350246,0.049970877692103385,0.13652560114860535,3326.362880859375,9.860842094421386,1.945613086097874
mass,0.71,100,0,5,0.2825624229625212,0.17510729805784023,0.04887802675366402,0.17510729805784023,0.05693154085427523,0.1769616749882698,3143.948818359375,7.021816883087158,1.8637812261702495
niveau,0.7827,400,1,6,0.28262785892214,0.14413811720983424,0.03994793556630612,0.14413811720983424,0.0535238341242075,0.14372762590646743,3430.549970703125,8.415900688171387,4.6224354280764235
mass,0.59,50,1,6,0.2826563728653407,0.1552894541192008,0.04317424863576889,0.1552894541192008,0.0688296340033412,0.1607011640816927,3238.7006640625,8.434782676696777,1.8417296865349635
ucb,7.558,100,0,6,0.28266060883428573,0.1537192519921218,0.04221279665827751,0.1537192519921218,0.05582361500710249,0.14054255075752736,3604.01119140625,8.42701328277588,2.2353392105409875
ucb,1.4088,50,1,6,0.28284138677965304,0.15546885293015664,0.04243821784853935,0.15546885293015664,0.06204841867089272,0.13851650319993497,3511.258955078125,8.43497158050537,1.8431334623740987
ucb,0.3474,50,1,7,0.2828865742320329,0.13418890637743697,0.03781131431460381,0.13418890637743697,0.06346103813499213,0.14556806072592735,3300.21650390625,9.838558654785157,2.1744169636489827
niveau,0.2547,0,0,7,0.28296558064962707,0.13523194593732835,0.03739823065698147,0.13523194593732835,0.07926154371351003,0.15173558108508586,3519.72205078125,9.867578086853028,1.9334086780746778
eid,1.4088,100,0,8,0.28301443216315125,0.11107185121999402,0.031340780705213546,0.11107185121999402,0.051471398547291755,0.1571068896353245,3206.307509765625,11.231155738830566,2.9856452357893186
ucb,0.1985,50,1,8,0.2830150355446838,0.1130514946487549,0.03191492106765509,0.1130514946487549,0.04635932095348835,0.14160738602280618,3363.765263671875,11.237768707275391,2.4908852239822346
niveau,0.196,50,0,7,0.28318344911280335,0.13451925162774755,0.03697942666709423,0.13451925162774755,0.0571481079608202,0.14929484888911249,3423.62140625,9.840365104675293,2.1660493712639437
ucb,1.0648,200,0,5,0.2832432616808463,0.1730948818216577,0.04757738463580608,0.1730948818216577,0.07262696318328381,0.1580379608273506,3102.267451171875,7.0228449249267575,2.5370949647971432
niveau,0.372,50,1,7,0.2832696171967918,0.13465417288407833,0.03720329716801643,0.13465417288407833,0.050933543629944324,0.14790742546319963,3519.527626953125,9.839789199829102,2.153861078178355
mass,0.77,0,1,6,0.28328291249486875,0.156534774154213,0.04325394600629807,0.156534774154213,0.0633567351475358,0.14614201441407204,3502.98869140625,8.463563499450684,1.6870345851639286
ucb,0.6082,100,0,6,0.2833496537835482,0.1543850562776956,0.04360313557088375,0.1543850562776956,0.0678071803227067,0.1750155933201313,3159.40208984375,8.430357856750488,2.241149376463145
niveau,0.196,0,0,7,0.2833772569924411,0.13567411102428137,0.03770737200975418,0.13567411102428137,0.06926776852458716,0.13884245082736016,3563.435888671875,9.869872245788574,1.9257864920399153
eid,1.0648,50,1,6,0.28338906937319036,0.15594702901811516,0.04445500567555428,0.15594702901811516,0.07431566048413515,0.20320509508252144,2816.938955078125,8.421789474487305,1.860510088768788
ucb,1.864,0,0,7,0.2834058510230921,0.1357997496331395,0.03710446193814278,0.1357997496331395,0.06098840955644846,0.11213848151266576,3704.589736328125,9.871608123779296,1.9015253474881562
mass,0.53,0,0,7,0.2834636870001574,0.13580070141468265,0.037740012034773826,0.13580070141468265,0.06588840864598751,0.13042635321617127,3419.972666015625,9.868916625976562,1.91574639636868
niveau,0.6067,400,1,6,0.2835251742806309,0.1448973371708416,0.0401405443251133,0.1448973371708416,0.05772276997566223,0.1439479222148657,3456.908544921875,8.422112121582032,4.656959277447313
ucb,0.6082,200,0,5,0.2836046764219121,0.17344237429581305,0.048001806065440175,0.17344237429581305,0.04987879633903503,0.1875881540775299,3077.33064453125,7.02400541305542,2.540575531524761
niveau,0.2547,0,1,6,0.2836335112780947,0.15684386105798742,0.04384409934282303,0.15684386105798742,0.0829731947183609,0.15633050240576268,3476.511474609375,8.459120788574218,1.6974125550268218
ucb,3.2631,200,1,6,0.2836396626759823,0.15147894592496938,0.041627897545695305,0.15147894592496938,0.05929766893386841,0.13156223088502883,3568.740185546875,8.426438217163087,3.0401791877532376
niveau,0.6653,400,1,7,0.2836801889550569,0.12207834793436106,0.03382250249385834,0.12207834793436106,0.04962387297302485,0.1258709292113781,3598.620341796875,9.819634437561035,5.400460255173966
eid,7.558,0,0,7,0.2837881314076347,0.13585768019852731,0.03823703311383724,0.13585768019852731,0.05621934100985527,0.15361304849386215,3001.83654296875,9.851368713378907,1.982612802276854
mass,0.65,0,1,7,0.28385660107729505,0.1360413252711406,0.03767186321318149,0.1360413252711406,0.06522556345909834,0.13192004531621934,3532.349443359375,9.868119125366212,1.9538189515386093
mass,0.89,50,1,6,0.2839993958758418,0.15664912867969316,0.043299024254083635,0.15664912867969316,0.06971309024840594,0.14079990193247796,3543.84041015625,8.43601303100586,1.8375667990371582
mass,0.47,200,1,7,0.2840814066058459,0.12986571817918985,0.03604478314518929,0.12986571817918985,0.04296600081026554,0.15671901658177376,3295.363076171875,9.827590827941895,3.553922106664008
mass,0.89,25,1,6,0.2840822672044718,0.15721709997686084,0.043006516098976134,0.15721709997686084,0.06746862020343541,0.1286542271822691,3575.268173828125,8.44004722595215,1.7162918069027364
ucb,1.4088,200,1,6,0.2841045007103465,0.1519508050216704,0.04169713012874127,0.1519508050216704,0.07842406474053859,0.15914067566394807,3362.326103515625,8.422793617248535,3.0384239221690224
ucb,0.6082,25,1,6,0.28425435591551773,0.15739847957938274,0.04422444246709347,0.15739847957938274,0.06738898489624262,0.1692537994682789,3258.838330078125,8.447040786743164,1.713969084033743
mass,0.59,0,1,7,0.28430669077338744,0.13648773534199937,0.037714804261922835,0.13648773534199937,0.05653755813837051,0.13043126352131368,3544.328681640625,9.869400711059571,1.9547388578470173
eid,0.8047,100,0,6,0.2843093703834278,0.15535007370251544,0.04411584571003914,0.15535007370251544,0.07550304103642702,0.1860350190103054,2746.1720703125,8.416648826599122,2.2398241702280943
eid,0.8047,50,0,7,0.28430985476328746,0.13569863928274625,0.038181169033050535,0.13569863928274625,0.061706173829734326,0.1687097045779228,2934.498525390625,9.825640907287598,2.152803870135297
eid,2.4662,50,0,8,0.28432775775668406,0.11449295508444196,0.032128867134451865,0.11449295508444196,0.06960990630090237,0.14490449965000152,3177.5267578125,11.231943397521972,2.4587006680605317
ucb,1.4088,50,0,6,0.28445967881895906,0.1569575206286118,0.04310970962047577,0.1569575206286118,0.05422711722552776,0.1470580942928791,3436.663310546875,8.435335540771485,1.8755395475868135
eid,3.2631,50,1,6,0.28452089323224833,0.15705451036652887,0.043922314196825026,0.15705451036652887,0.08739920698106289,0.17652342721819878,2906.041220703125,8.424445381164551,1.8665957164298745
eid,0.3474,0,1,7,0.2845209781684334,0.13656203113104637,0.03903260909020901,0.13656203113104637,0.05949697397649288,0.1783863262832165,2906.97970703125,9.852625617980957,1.9897367593467543
niveau,0.4307,200,1,8,0.2845710844815488,0.10834756839235272,0.030055006444454194,0.10834756839235272,0.03722662776708603,0.10448258921504021,3667.65224609375,11.226950302124024,4.055879022299001
eid,0.4597,25,1,7,0.2846054899185392,0.13625085054771588,0.03874917522072792,0.13625085054771588,0.06792673472315074,0.16545427039265634,2862.704404296875,9.83459903717041,2.08865984270582
niveau,0.3133,100,1,7,0.28467172254405765,0.1342105752459215,0.037438917979598044,0.1342105752459215,0.04294700223952532,0.14261260591447353,3396.055869140625,9.830880813598633,2.6152868245340266
eid,0.8047,50,1,7,0.28468440691755864,0.13602367491419204,0.03853692080825567,0.13602367491419204,0.0536397722363472,0.1783501649647951,3004.149775390625,9.82245018005371,2.165183000841644
mass,0.83,25,1,6,0.28470285766296566,0.15786124338850854,0.043689148128032686,0.15786124338850854,0.07626316949725151,0.14116441138088703,3495.05830078125,8.44515567779541,1.7104035686142742
ucb,4.3174,50,0,7,0.2847379634182632,0.13595872084255128,0.03734943263232708,0.13595872084255128,0.06482098154723644,0.1243058604747057,3679.049814453125,9.845550842285157,2.1948106439279704
ucb,1.0648,200,1,7,0.28477620256972724,0.13055567629626552,0.03657458633184433,0.13055567629626552,0.04919287204742431,0.13087966792285444,3542.578095703125,9.830174293518066,3.5551315683654203
ucb,0.8047,0,1,7,0.28477778107551727,0.1369080087642607,0.03840517684817314,0.1369080087642607,0.06269533351063729,0.12468999795615673,3527.191923828125,9.871845588684081,1.9674430778141445
eid,0.4597,50,1,8,0.284821677964727,0.1149641784246265,0.03267944023013115,0.1149641784246265,0.054184484630823135,0.15465372532606125,3051.719892578125,11.227975234985351,2.4643748850251237
mass,0.89,100,0,6,0.28505491343217265,0.15612935764249708,0.04251941591501236,0.15612935764249708,0.06507559299468994,0.14402545019984245,3517.622373046875,8.430651588439941,2.231388947418891
ucb,0.4597,100,0,6,0.28509109210733674,0.15611277205838242,0.0437995707988739,0.15611277205838242,0.06801334135234356,0.15195527121424676,3118.191513671875,8.432266540527344,2.2445800122385844
ucb,0.6082,50,1,6,0.28509203983877857,0.15768462348493817,0.04430100247263909,0.15768462348493817,0.06815732531249523,0.15234051011502742,3288.87505859375,8.437342796325684,1.851854088460095
ucb,1.4088,200,0,6,0.2851081786436983,0.15294269969396523,0.04163657180964947,0.15294269969396523,0.06383280985057355,0.15550751909613608,3375.12353515625,8.431522216796875,3.0413697374332695
ucb,1.4088,0,0,7,0.2851637461706743,0.13758683214929218,0.037323088720440864,0.13758683214929218,0.07159450499340891,0.1295791732519865,3622.7783203125,9.871495056152344,1.8942285053455272
ucb,1.0648,25,1,6,0.28524086861380726,0.15837435470532044,0.04350446566939354,0.15837435470532044,0.0660068666189909,0.15287765383720398,3445.020380859375,8.445296058654785,1.7166284771217033
mass,0.83,100,0,6,0.28529359491481676,0.15634680774026782,0.042636183351278306,0.15634680774026782,0.08017198458313941,0.15178256824612618,3497.076474609375,8.429147529602051,2.2366967936372384
eid,1.0648,0,0,8,0.28529429653650334,0.11626345912208964,0.032880254946649076,0.11626345912208964,0.060683642067015174,0.1600801604986191,3066.035595703125,11.258226509094237,2.2577093536034223
mass,0.77,50,1,6,0.28530673601819856,0.15794892350080145,0.04304005704820156,0.15794892350080145,0.05283351927995682,0.13892828546464442,3462.68365234375,8.434372940063476,1.8394531293492762
ucb,2.4662,100,0,6,0.28554078658793697,0.15659458759610184,0.042243008017539975,0.15659458759610184,0.06336792971938848,0.13663835309445857,3544.608671875,8.428487396240234,2.2365497479587795
eid,0.6082,200,0,6,0.28561482005154737,0.15336985571848247,0.043372747749090196,0.15336985571848247,0.060952303856611253,0.16474266916513444,2787.81654296875,8.415309524536132,3.061241083266213
mass,0.17,200,0,7,0.2856534163346488,0.1314054103112939,0.03713683299720287,0.1314054103112939,0.054915420860052105,0.17027668178081512,3019.095849609375,9.813477020263672,3.562001505838708
niveau,0.548,400,0,7,0.2856549436386802,0.12389075849250304,0.03440433852374554,0.12389075849250304,0.061565769016742704,0.13565819181501865,3436.451591796875,9.820095100402831,5.441046286544299
mass,0.83,50,0,7,0.285712001157711,0.1368866418246993,0.03722972363233566,0.1368866418246993,0.05841985203325748,0.11996594496071339,3615.9983984375,9.84688606262207,2.2063398332529083
eid,0.2626,100,0,7,0.2857214752854247,0.13524739367871497,0.038848967403173444,0.13524739367871497,0.0633122818171978,0.1668841950595379,2807.525947265625,9.815872955322266,2.6185204016774275
ucb,0.15,0,0,7,0.28581799583989637,0.13942689134048428,0.03923838205635548,0.13942689134048428,0.05246418815106153,0.17838957361876964,3133.8151953125,9.862608222961425,1.5977761248530202
ucb,4.3174,25,0,7,0.2858439253067583,0.13782078258357483,0.037941784486174586,0.13782078258357483,0.055806669183075426,0.12542842678725719,3656.403662109375,9.850063209533692,2.0057856807958645
niveau,0.2547,100,0,7,0.2858664534827325,0.13540613041956007,0.037481282725930216,0.13540613041956007,0.049517176598310474,0.15241866648197175,3361.618486328125,9.82716335296631,2.6150807657931003
ucb,0.15,25,0,7,0.28591724075835817,0.13746981720666082,0.03851138174533844,0.13746981720666082,0.07854511829093098,0.1631739120185375,3194.880830078125,9.845357437133789,2.111855887924321
eid,1.4088,200,1,8,0.28598458744669253,0.10973563084889744,0.030674161538481712,0.10973563084889744,0.03955335509032011,0.14740247905254364,3275.459267578125,11.220463790893554,4.062239149448773
ucb,0.8047,200,0,7,0.28608492547728087,0.13185036868320432,0.03653788603842258,0.13185036868320432,0.06180128004401922,0.13861221060156823,3443.01572265625,9.834332313537598,3.5586391985191352
ucb,0.4597,100,1,7,0.2860978750087705,0.13562627332490051,0.03785398602485657,0.13562627332490051,0.05319995392113924,0.1448829725384712,3407.8530859375,9.83809741973877,2.6179004209674903
mass,0.41,50,0,7,0.28613845435592805,0.13737789647223578,0.03914160512387752,0.13737789647223578,0.055552373193204406,0.1511987765133381,3197.361796875,9.834573974609375,2.1901394709230715
ucb,0.15,200,0,5,0.2862595394361539,0.17605601234686793,0.04952112570405007,0.17605601234686793,0.07096823919564485,0.19359708368778228,2793.555078125,7.023664054870605,2.5508817723214943
mass,0.89,200,0,6,0.2862737348717673,0.15412733915215712,0.041860539466142654,0.15412733915215712,0.06457357179373503,0.13859508760273456,3540.092421875,8.427674446105957,3.0365989299025387
ucb,1.864,25,1,6,0.2863404558104665,0.1594354119574481,0.04353159070014954,0.1594354119574481,0.06399713441729546,0.13550758101046084,3541.135068359375,8.44430736541748,1.7262609632546084
mass,0.35,0,0,7,0.28640493330960204,0.13861896437760174,0.038439409881830214,0.13861896437760174,0.06781151678413153,0.16972819060087205,3142.167431640625,9.86143741607666,1.9464922330000751
mass,0.71,200,0,7,0.2864126138999575,0.13223761938680406,0.03658734045922756,0.13223761938680406,0.06009807273745537,0.14543995648622512,3466.071474609375,9.827756805419922,3.5437486282883532
mass,0.11,100,1,8,0.2864291972343018,0.11445447084870342,0.032018755339086054,0.11445447084870342,0.06248716276139021,0.18381286159157753,3099.51138671875,11.221727333068849,2.9936815963995955
mass,0.71,200,1,6,0.2864581604900898,0.15433252060239558,0.04309841319918632,0.15433252060239558,0.06749854698777198,0.16095105677843094,3252.667255859375,8.431378593444824,3.0314099719235674
mass,0.83,50,1,6,0.2865170461367055,0.15915657328154728,0.043749899193644526,0.15915657328154728,0.0673688854277134,0.14022824548184873,3487.947431640625,8.437556190490723,1.8401182137895375
eid,0.8047,200,0,7,0.28664375817314464,0.13238832183221713,0.03783893205225468,0.13238832183221713,0.05803331714123487,0.15663871362805368,2934.900234375,9.814220428466797,3.5638590852318646
ucb,0.4597,25,1,7,0.2867129308424147,0.13870847246355708,0.03839880473911762,0.13870847246355708,0.06332883358001709,0.15232365019619465,3397.75716796875,9.849219169616699,2.0011145947144056
niveau,0.196,25,0,8,0.28672287097252863,0.11768918556806898,0.03232384234666824,0.11768918556806898,0.07848498664796352,0.12443777054548263,3495.28572265625,11.24652545928955,2.258421351114909
ucb,10.0,50,0,7,0.2867446196466326,0.13800147620452402,0.03734462775290012,0.13800147620452402,0.0754350682348013,0.12077178753912449,3684.54142578125,9.838301200866699,2.185785860527152
eid,1.864,50,1,8,0.28678039373241443,0.11683324515285667,0.03329590745270252,0.11683324515285667,0.048181581683456896,0.14943235598504542,3187.7878515625,11.22564552307129,2.4867871448894343
niveau,0.0787,25,0,6,0.2868489341117953,0.16001111789125477,0.04395859599113464,0.16001111789125477,0.06155427724123001,0.1815074698626995,3350.019248046875,8.438954544067382,1.7094540551351383
ucb,0.3474,0,0,6,0.2869161814401556,0.16067185169460962,0.04491610802710056,0.16067185169460962,0.07371635876595974,0.16771517969667912,3244.979599609375,8.459422874450684,1.5610824363864961
mass,0.35,25,0,7,0.28695160951764676,0.13861448159668327,0.03880234785377979,0.13861448159668327,0.06239568416029215,0.16436057463288306,3116.72197265625,9.84041400909424,2.0842819802408727
ucb,1.0648,0,1,6,0.28696600865343364,0.16019565809493663,0.044370582103729246,0.16019565809493663,0.0681115847826004,0.14169455088675023,3502.20203125,8.46284812927246,1.692587639624253
ucb,2.4662,0,0,7,0.2869799038552129,0.1393501301453737,0.03798291191458702,0.1393501301453737,0.07254975579679013,0.12256239935755729,3689.31888671875,9.869940605163574,1.9074434274598024
eid,7.558,0,1,8,0.2869833715635834,0.11819005483252781,0.033211973160505295,0.11819005483252781,0.07805044153705239,0.15018405698239803,3187.32951171875,11.254606742858886,2.198329182763894
eid,0.6082,50,0,7,0.28711486821146387,0.13851537097254785,0.03958245612680912,0.13851537097254785,0.06656228229403496,0.17495501890778542,2851.568232421875,9.823339767456055,2.1498743097290083
niveau,0.1373,0,0,7,0.2871403661141134,0.13945505687149795,0.03827223092317581,0.13945505687149795,0.06246328935027123,0.1363129096478224,3564.50923828125,9.871088485717774,1.9213273106538689
eid,2.4662,200,0,6,0.287145890932237,0.15493444802318257,0.043053531795740126,0.15493444802318257,0.057157106436789035,0.196195317953825,2811.311826171875,8.422258605957031,3.052860727263615
eid,7.558,50,0,7,0.2872192535124827,0.13859477002869192,0.03855139337480068,0.13859477002869192,0.07006226889789105,0.17166092321276666,3047.78068359375,9.833797302246094,2.156120870947683
ucb,0.3474,25,0,7,0.28725651249625794,0.1389673303400081,0.03945416979491711,0.1389673303400081,0.07096350762993098,0.15921857088804245,3330.821982421875,9.847352409362793,2.0722955390624698
eid,10.0,50,0,7,0.28745794690803167,0.13882981611242678,0.03895875349640846,0.13882981611242678,0.06606820551678538,0.15464750722050666,3023.27287109375,9.834013366699219,2.157032698901215
ucb,0.15,100,1,5,0.2874647170371724,0.1799870970407849,0.05063652642071247,0.1799870970407849,0.058971322625875476,0.20596129938960075,2857.54619140625,7.025715751647949,1.8694049990968784
mass,0.65,25,1,6,0.28750769311321467,0.16070734282344146,0.04506469205021858,0.16070734282344146,0.07227690685540437,0.15669977575540542,3233.054443359375,8.440611190795899,1.7000875724432989
niveau,0.2547,200,0,7,0.28755888051207673,0.133332590701436,0.03723028995096683,0.133332590701436,0.0628807557746768,0.14195261940360068,3426.384384765625,9.828119926452636,3.5565724526601845
eid,3.2631,25,0,8,0.2877895821949791,0.11844887053675458,0.0330088759213686,0.11844887053675458,0.06805637817829847,0.15119013220071792,3183.6601171875,11.244102058410645,2.335177914556116
mass,0.77,200,1,6,0.28794107847338807,0.15579852783968942,0.04262389793992043,0.15579852783968942,0.06752961367368698,0.1477717413008213,3409.806943359375,8.430202598571777,3.0356376584246756
mass,0.95,100,0,6,0.2880057695115394,0.15907854317615172,0.0433171671628952,0.15907854317615172,0.06476936664432287,0.13565979018807411,3610.8490625,8.427338752746582,2.231806583846919
ucb,0.2626,25,0,6,0.28803774835938034,0.16091849753530138,0.04525641277432442,0.16091849753530138,0.05869296785444021,0.17321420177817345,3078.37755859375,8.442487525939942,1.7798127060197293
ucb,10.0,100,0,6,0.2881267389403852,0.15919357775485246,0.04323016509413719,0.15919357775485246,0.060700701661407945,0.133215394243598,3584.673662109375,8.428866310119629,2.2332902963832018
eid,4.3174,25,1,7,0.28814356159194293,0.13984136154864524,0.03941746294498444,0.13984136154864524,0.10244131211191415,0.17313781172037124,3023.723564453125,9.832202377319335,2.0755500108244207
eid,3.2631,25,1,8,0.288154770087277,0.11866920183303466,0.033427122309803964,0.11866920183303466,0.08309687666594982,0.1515948810428381,3208.759814453125,11.236831550598145,2.371392063560585
ucb,1.0648,100,1,6,0.2881684979381199,0.15921187738580353,0.04386962309479713,0.15921187738580353,0.06261015269905329,0.15298189856112004,3404.10302734375,8.432280540466309,2.2391551380790773
eid,0.8047,25,0,7,0.2882154434798569,0.1401913071935876,0.03983889289200306,0.1401913071935876,0.06352756563574076,0.16072071254253387,2877.531005859375,9.828723182678223,2.0060340715673126
ucb,1.864,200,1,6,0.2882477316839222,0.156075384924018,0.043132112100720404,0.156075384924018,0.07706554636359214,0.1374513430148363,3476.48033203125,8.424340629577637,3.0430866899760445
niveau,0.9,0,1,7,0.28828878845155564,0.14060056385544759,0.038436279222369196,0.14060056385544759,0.06642747964709997,0.116249321103096,3677.491875,9.838241386413575,1.9220561490269998
eid,10.0,0,0,8,0.28830847676573745,0.11931487241773357,0.03315798781812191,0.11931487241773357,0.08063964545726776,0.14975146546959878,3163.846552734375,11.263571510314941,2.248401087000966
ucb,5.7123,100,0,7,0.28838354022685153,0.1379388818881508,0.037639116048812864,0.1379388818881508,0.06825475256890058,0.11558657556772232,3721.307353515625,9.83417568206787,2.611164584675183
eid,1.864,0,1,8,0.2884122864385684,0.11956560802350338,0.03380995523184538,0.11956560802350338,0.057656623609364036,0.1610366877168417,3153.427412109375,11.25670051574707,2.2116696037662527
eid,0.15,50,0,6,0.28842473131386726,0.1609659367799589,0.045449250638484956,0.1609659367799589,0.06363738350570201,0.19741382762789728,2602.476044921875,8.422717514038085,1.8646986334770919
eid,0.3474,100,0,7,0.28843908768316484,0.13797087130912647,0.03982459679245949,0.13797087130912647,0.05463510077446699,0.17271951138973235,2781.637587890625,9.817601509094239,2.6170540935096023
ucb,0.2626,25,1,7,0.2884398937867104,0.14039585704931246,0.03961704164743424,0.14039585704931246,0.05486249666661024,0.1507735799252987,3292.84685546875,9.844804420471192,2.0110091843494837
mass,0.89,100,1,5,0.28848691494577716,0.18105473767454885,0.04902421712875366,0.18105473767454885,0.05572560977190733,0.1540615876019001,3378.315341796875,7.025048427581787,1.858044317807071
mass,0.35,50,1,6,0.2885499332381117,0.16115049900523226,0.04583936393260956,0.16115049900523226,0.0750707072019577,0.18657911509275438,2970.42126953125,8.422921943664551,1.8498585582198575
eid,7.558,25,0,7,0.2885897002372364,0.14031738233756902,0.03970278918743134,0.14031738233756902,0.07109938062727451,0.16652548894286157,3022.67060546875,9.836338958740235,2.068079474916837
eid,1.0648,200,0,7,0.2886228051127649,0.13435060837524943,0.0375078035518527,0.13435060837524943,0.05197778634727001,0.17047119364142418,2995.280986328125,9.817741622924805,3.5680491843788578
eid,0.4597,0,0,8,0.28877745947358713,0.1197942375616501,0.034052681922912595,0.1197942375616501,0.05894473508000374,0.15564657911658286,3054.255185546875,11.256771049499513,2.2458054779842493
ucb,4.3174,50,1,6,0.2887929474280496,0.16143910367962916,0.044057272374629974,0.16143910367962916,0.07085290819406509,0.14605294682085515,3570.202021484375,8.436173400878907,1.8384609371051193
niveau,0.372,0,1,6,0.28884526490631224,0.16204171230540318,0.044116719216108324,0.16204171230540318,0.06808117628097535,0.15725031808018686,3396.86115234375,8.459225006103516,1.7008881502272561
mass,0.59,100,1,7,0.2889257997157293,0.1385084865788239,0.03871373429894447,0.1385084865788239,0.06401131052523851,0.14461517289280892,3396.6159765625,9.838745307922363,2.6043282842263586
ucb,0.1985,25,1,7,0.28896562761096584,0.1408851341909542,0.03973712749779224,0.1408851341909542,0.0820840197056532,0.1678213955461979,3142.712080078125,9.843531608581543,2.0201233550029185
niveau,0.3133,0,1,6,0.28898911193644283,0.16217898008718745,0.044092408269643786,0.16217898008718745,0.04822463527321816,0.15484003707766533,3461.55765625,8.460674514770508,1.7025329623138532
mass,0.35,200,0,7,0.28903525554070175,0.134785072373775,0.038052920699119565,0.134785072373775,0.06416611894965171,0.16996123850345612,3121.741171875,9.818045234680175,3.5625457917316816
niveau,0.1373,0,1,7,0.28912321321231865,0.14118211621204016,0.039249847456812856,0.14118211621204016,0.05602100517600775,0.15061466574668883,3565.3552734375,9.867347946166992,1.9852742500696332
eid,1.864,100,0,8,0.28913603588601106,0.11719664750285602,0.03249992862343788,0.11719664750285602,0.04987687100656331,0.14672816500067712,3167.998759765625,11.22270606994629,2.9848470957887665
mass,0.83,0,1,6,0.28916703005468736,0.16236372789781808,0.04497482001781464,0.16236372789781808,0.07700093865394592,0.14600223287940026,3497.68669921875,8.459576148986816,1.7008255392173308
mass,0.77,25,0,7,0.2891905762796978,0.14095820198108797,0.03928982563316822,0.14095820198108797,0.07206318944692612,0.12947156064212323,3601.277763671875,9.84850326538086,2.0580935746524487
ucb,0.6082,200,1,7,0.28923345449502424,0.13500330793729826,0.038131343051791194,0.13500330793729826,0.060942311882972715,0.13867950111627578,3418.697275390625,9.839382133483888,3.5575366394314907
mass,0.41,100,0,7,0.28932930930396045,0.13886902276227991,0.0390092147141695,0.13886902276227991,0.05991421153768897,0.1571447205543518,3227.508671875,9.827792816162109,2.615071635420124
ucb,7.558,0,0,7,0.289384180458206,0.14171787610155465,0.03849248513579369,0.14171787610155465,0.06623431526124478,0.11833309166133404,3736.031142578125,9.870293388366699,1.9165760891628454
ucb,0.2626,200,1,7,0.2893950730793389,0.1351478720938408,0.038392193391919134,0.1351478720938408,0.05650494150817394,0.16131845600903033,3290.508505859375,9.824952354431153,3.5618002463745273
ucb,2.4662,25,1,6,0.28941102705009064,0.1625018218411297,0.044391777738928793,0.1625018218411297,0.07395149901509285,0.13454322785139083,3564.007353515625,8.442407073974609,1.7273013022402302
ucb,5.7123,50,0,6,0.2894334756002218,0.16192837602840893,0.04367596849799156,0.16192837602840893,0.05603967513889074,0.14133082874119282,3629.614052734375,8.438540954589843,1.8762748929532242
ucb,7.558,25,0,7,0.28946211356219426,0.1415033517282353,0.038224580958485604,0.1415033517282353,0.07224393475800753,0.11663382798433304,3701.718896484375,9.845004425048828,1.9896904584897375
eid,4.3174,0,1,8,0.28949636035085785,0.12070441144452561,0.03398376911878586,0.12070441144452561,0.07242578819394112,0.15830633245408535,3204.661083984375,11.262308769226074,2.197987226583063
ucb,5.7123,200,0,6,0.28950524639183617,0.15735252268401864,0.04283665969967842,0.15735252268401864,0.05707384612411261,0.1351687064021826,3568.2098828125,8.415994911193847,3.038180926954374
ucb,0.3474,200,1,7,0.2895223130854844,0.1352667197384192,0.03814603351056576,0.1352667197384192,0.06187684524804354,0.14109781369566918,3342.932998046875,9.832242050170898,3.563898336766288
ucb,10.0,25,0,7,0.28959017447076574,0.14164230476396614,0.0383016611635685,0.14164230476396614,0.0617983390390873,0.1285260035097599,3688.77693359375,9.848713264465331,1.9869674266998971
ucb,3.2631,0,0,7,0.2896136810618755,0.14200354932312462,0.03856179028749466,0.14200354932312462,0.07822561904788017,0.12151387959718704,3719.265908203125,9.87140037536621,1.9025329346877213
ucb,4.3174,100,0,5,0.28966340341246144,0.18220956875477992,0.049649947583675386,0.18220956875477992,0.06290040750056505,0.15902830496430398,3433.293955078125,7.026589527130127,1.8634586644203714
mass,0.41,200,0,7,0.28966413640553346,0.13543585484571968,0.038025060445070265,0.13543585484571968,0.05474762126803398,0.15790989845991135,3196.252744140625,9.826082382202149,3.5570703899534424
ucb,2.4662,100,1,7,0.28968041417027207,0.13925569006230062,0.03797670803964138,0.13925569006230062,0.07602600835263729,0.12360555164515973,3659.823701171875,9.83830825805664,2.606181026992854
ucb,3.2631,100,1,6,0.28973277953928667,0.16080115914332077,0.04385735511779785,0.16080115914332077,0.052497455552220344,0.13600355677306653,3584.886767578125,8.430537872314453,2.2329050989914685
ucb,0.3474,200,0,6,0.2897676503938099,0.15754447142497058,0.044296044930815695,0.15754447142497058,0.08291227895766497,0.16463679000735282,3088.18525390625,8.42087329864502,3.055794742209837
niveau,0.372,200,1,7,0.2897844819833293,0.13555610976012902,0.03741362296044826,0.13555610976012902,0.0595199404284358,0.1489372142404318,3441.61830078125,9.82639949798584,3.5570930558000695
ucb,2.4662,0,1,6,0.28979132998576795,0.16291963939786364,0.04463473595678806,0.16291963939786364,0.07416891075670719,0.14658330388367177,3560.8367578125,8.458799514770508,1.7179226469760764
ucb,5.7123,100,1,7,0.2899894427715838,0.1395838526793451,0.038488292023539546,0.1395838526793451,0.07607057116925717,0.11342418476939202,3698.272548828125,9.835881156921387,2.601397523059665
mass,0.95,50,0,6,0.2900143579726367,0.16248729196612527,0.044180246144533156,0.16248729196612527,0.06383301220834255,0.13076309271156789,3626.130830078125,8.434272651672364,1.8817665016278624
mass,0.83,25,0,5,0.29003137345345814,0.18418302723784744,0.05046443209052086,0.18418302723784744,0.07342816073447465,0.17237781152129172,3358.7046484375,7.03593225479126,1.462086553902676
mass,0.65,100,1,8,0.29014928012168895,0.11823476334975651,0.03277546495199204,0.11823476334975651,0.06373857565224171,0.11418371215462685,3653.922060546875,11.244327697753906,2.97862919298311
niveau,0.3133,25,1,8,0.29018276563517886,0.12077551927467323,0.03331296056509018,0.12077551927467323,0.05008265163749456,0.13561456464231014,3528.887294921875,11.24926975250244,2.351811590126405
mass,0.77,100,1,7,0.29019190279287815,0.1397687369643111,0.03835795216262341,0.1397687369643111,0.06387582682073116,0.12370946921408177,3572.9923046875,9.84039134979248,2.60579145714175
niveau,0.6067,400,0,6,0.29026175879362076,0.1516744549183272,0.042138597294688225,0.1516744549183272,0.05473612532019615,0.15897950179874898,3369.89916015625,8.419463577270507,4.6468259688233955
mass,0.71,25,1,7,0.29036178842477417,0.14239703657758956,0.03904377683997154,0.14239703657758956,0.07380761250853539,0.1394195668399334,3504.6596484375,9.852534942626953,1.9911879617961437
ucb,0.3474,100,1,6,0.2904069158302093,0.16142948719289468,0.04473011091351509,0.16142948719289468,0.06057639665901661,0.18265942722558975,3174.817548828125,8.428284912109374,2.244357159328647
eid,0.8047,100,1,7,0.29043266405798884,0.13995589039060985,0.0396455941349268,0.13995589039060985,0.05233004566282034,0.16741024062037468,2987.702646484375,9.819739189147949,2.619193416844743
eid,3.2631,200,0,8,0.2905055131534199,0.11424196515765886,0.03194254644215107,0.11424196515765886,0.04531599210575223,0.1493500433117151,3203.1984375,11.221287841796874,4.065886998940259
mass,0.47,50,0,6,0.29052438889312515,0.16299594772131137,0.0458051197975874,0.16299594772131137,0.06392317268997431,0.1757459445297718,3063.978671875,8.435457153320312,1.8821102929534392
eid,1.4088,100,1,8,0.29057738543978806,0.1186092549483873,0.03385959342122078,0.1186092549483873,0.060659208018332716,0.15566579081118107,3148.652646484375,11.221584854125977,2.9920326228501892
mass,0.35,400,0,7,0.29061178043388103,0.12861989115124217,0.03628297828137875,0.12861989115124217,0.054184539541602135,0.15600769802927972,3135.07361328125,9.826000366210938,5.4979723206597075
ucb,0.15,25,1,7,0.29064880865274834,0.1425465631511084,0.0402345897257328,0.1425465631511084,0.05877717293798924,0.17554548799991607,3123.12701171875,9.84235740661621,2.0255613754099855
eid,1.864,200,0,7,0.29069482351314246,0.13643375060160612,0.0383502484858036,0.13643375060160612,0.04843628656119108,0.16349245056509973,2968.97716796875,9.819296798706056,3.565268227884081
niveau,0.9,400,0,6,0.2906962385214736,0.1522924948876408,0.04186883106827736,0.1522924948876408,0.055220957547426223,0.1266655544936657,3502.0622265625,8.411666297912598,4.6009359084581956
ucb,0.2626,0,1,8,0.2907637193269667,0.1220925219094144,0.033988298550248146,0.1220925219094144,0.05280533745884895,0.13035660192370416,3443.963818359375,11.278282699584961,2.167799354388068
niveau,0.2547,50,0,7,0.290823723672104,0.14218698167311047,0.03908322051167488,0.14218698167311047,0.047591881416738036,0.14844823114573955,3437.944541015625,9.841741676330566,2.1591854997483706
mass,0.53,50,1,6,0.2908438682722771,0.16347281646031003,0.046542939320206644,0.16347281646031003,0.07088036946952343,0.17382395923137664,3113.18365234375,8.432980422973634,1.8427629529917613
eid,7.558,25,1,8,0.2909253717458341,0.12150334007591938,0.034389308765530584,0.12150334007591938,0.09174398526549339,0.15038470149040223,3151.745185546875,11.235762786865234,2.3555079174786804
ucb,10.0,100,1,6,0.29096140037804225,0.16203334495916344,0.04410211056470871,0.16203334495916344,0.07924295138567686,0.13788027733564376,3579.037392578125,8.432089347839355,2.2320138547196984
niveau,0.1373,25,0,8,0.2910276867146233,0.1219676323908259,0.033976081162691116,0.1219676323908259,0.05390298597514629,0.1335295295715332,3557.487978515625,11.254082412719727,2.265013580949356
eid,0.2626,0,0,7,0.2910432978529928,0.14323486752668502,0.040540389940142633,0.14323486752668502,0.07271363072097302,0.17889001086354256,2932.455869140625,9.850619049072266,1.9521075815769535
ucb,0.1985,200,1,6,0.2910555310096418,0.15883711867632472,0.04436656691133976,0.15883711867632472,0.059293003752827644,0.18354399800300597,3072.526318359375,8.42376220703125,3.0546030833292748
eid,3.2631,0,1,8,0.2910565791316347,0.12223843324954474,0.03450606167316437,0.12223843324954474,0.056930481977760794,0.153957861661911,3121.075869140625,11.263030471801757,2.2045364705224832
mass,0.23,0,0,7,0.2910884299253964,0.14326966033801866,0.040280679762363436,0.14326966033801866,0.07431915268301964,0.17014325246214868,3039.908740234375,9.852517433166504,1.954692396844427
mass,0.35,100,1,6,0.2911125723281559,0.16215305212531803,0.04614232495427131,0.16215305212531803,0.051511559449136254,0.17886168777942657,3037.301201171875,8.41842716217041,2.239880050709471
eid,0.1985,50,0,6,0.29112647689016546,0.1636827042701655,0.04702447779476643,0.1636827042701655,0.057154482156038286,0.21552847176790238,2605.439306640625,8.41393726348877,1.8609431549999862
eid,5.7123,0,1,7,0.29119057954819594,0.14349788523843857,0.040185149535536764,0.14349788523843857,0.09001553229987622,0.16692248344421387,3053.849013671875,9.85008659362793,1.9231735774393501
mass,0.53,100,1,7,0.2911980034505453,0.14076725626184616,0.039764593318104745,0.14076725626184616,0.05584398351609707,0.14589714840054513,3330.172216796875,9.828735809326172,2.6076867971747806
mass,0.11,25,0,7,0.2912937897551759,0.14297112880802562,0.04083600424230099,0.14297112880802562,0.05730478975921869,0.17576588287949563,2870.8637890625,9.828724822998048,2.08066523678756
ucb,1.864,200,0,6,0.2913302172173525,0.15916608295950696,0.04371450126171112,0.15916608295950696,0.067343858666718,0.14481429547071456,3481.7272265625,8.423349418640136,3.041033564461395
niveau,0.4307,400,1,7,0.2913479679543595,0.12948759987602712,0.035825324952602385,0.12948759987602712,0.048982954919338226,0.1314627680927515,3457.348857421875,9.825803413391114,5.465092019583098
eid,1.4088,50,0,8,0.29135052447743864,0.12151023653971801,0.034321635589003564,0.12151023653971801,0.0580337567999959,0.13802395530045034,3098.031171875,11.231327323913574,2.460071984430154
eid,10.0,25,1,8,0.2914102735096654,0.12201210362813779,0.03396554253995419,0.12201210362813779,0.05743665244430304,0.13008753538131715,3294.2213671875,11.23652000427246,2.349542470381906
mass,0.89,0,1,6,0.2914420790086159,0.16463380132107377,0.04479731187224388,0.16463380132107377,0.06493797808885575,0.13663745678961278,3593.904677734375,8.459879531860352,1.7020694218855352
mass,0.41,0,0,8,0.29144268635406156,0.12258511495229164,0.03385200932621956,0.12258511495229164,0.06665243696421384,0.15241595931351185,3294.746865234375,11.272065658569336,2.2143928504424784
niveau,0.6653,400,0,6,0.2914663664676943,0.15295374606240034,0.04203387461602688,0.15295374606240034,0.059361397102475164,0.14931940853595735,3413.80134765625,8.420819168090821,4.6281551013235
eid,5.7123,25,1,6,0.2915028844061396,0.1644148579215533,0.04639309443533421,0.1644148579215533,0.07303339544683694,0.1821532006561756,2856.146044921875,8.426727867126464,1.7720066211465746
ucb,1.864,50,1,6,0.29153809437670636,0.16418313742588161,0.045184399411082266,0.16418313742588161,0.06985144257545471,0.16111742451786995,3409.3273828125,8.438791122436523,1.8387392377061769
niveau,0.1373,100,0,7,0.2917082634067324,0.14125327189164602,0.038596555814147,0.14125327189164602,0.058508917465806005,0.15243904627859592,3432.642109375,9.828664169311523,2.6137478787715858
niveau,0.0787,100,0,7,0.29175866558588553,0.14130647194345922,0.03975777171552181,0.14130647194345922,0.05157309267669916,0.14488242387771608,3383.335751953125,9.828780441284179,2.613048410606571
mass,0.05,200,0,6,0.29180296605326467,0.15957970605379201,0.04504383474588394,0.15957970605379201,0.05389092016965151,0.19944045305252076,2691.33095703125,8.411429023742675,3.055814999868162
eid,0.3474,200,0,8,0.2918981771456301,0.11558171765308575,0.03250334069132805,0.11558171765308575,0.04512423250824213,0.15330519482493402,3083.562421875,11.220370597839356,4.079114873136083
eid,0.4597,50,0,6,0.29189858405277735,0.1645140287038558,0.04664022453129291,0.1645140287038558,0.08226172555238008,0.1905970713496208,2737.830927734375,8.416543693542481,1.8461388372303917
ucb,4.3174,0,0,7,0.2919138072004477,0.14428760417736725,0.03922453291714192,0.14428760417736725,0.06634232491254806,0.12724369399249555,3706.329912109375,9.87300090789795,1.906550755770101
ucb,3.2631,100,0,7,0.2919344619130194,0.141494692702977,0.038615592420101166,0.141494692702977,0.06386418025940657,0.1159907678514719,3652.847431640625,9.831131744384766,2.6099423025106083
mass,0.23,50,0,7,0.2919558972907957,0.14324395270348428,0.040557963326573375,0.14324395270348428,0.05863900821655989,0.1588888730108738,2936.7746875,9.829211082458496,2.1779861468278496
niveau,0.4893,400,0,7,0.2919744730266125,0.13014144729548788,0.035918944254517554,0.13014144729548788,0.05089792095124721,0.15004939235746861,3409.11990234375,9.82222541809082,5.458256432781152
ucb,10.0,25,1,6,0.2920911199362273,0.16502273026949488,0.044675123542547227,0.16502273026949488,0.07212315604090691,0.1379290970414877,3627.254755859375,8.440497207641602,1.7670974166831002
ucb,7.558,50,0,6,0.2921637522190942,0.16467307051632016,0.04458737224340439,0.16467307051632016,0.07136501304805279,0.13395300053060055,3628.145703125,8.435730400085449,1.8726704256935047
mass,0.59,200,1,7,0.2921840815310873,0.1379805831182261,0.03819686770439148,0.1379805831182261,0.05083032801747322,0.141683462113142,3446.695576171875,9.831253738403321,3.5508746032152945
mass,0.83,200,1,6,0.2922643682975777,0.1601311820804596,0.04352038949728012,0.1601311820804596,0.06513834223151208,0.1531339042633772,3437.40744140625,8.427875022888184,3.0332965542795143
ucb,3.2631,0,1,7,0.29230589249669414,0.14427630694487906,0.039379306063055994,0.14427630694487906,0.06089891018345952,0.12823102682828902,3686.688056640625,9.868667831420899,2.007396387953777
eid,0.15,200,0,6,0.2923411586282716,0.1601130421456449,0.04530148148536682,0.1601130421456449,0.06573215389624237,0.20472072958946227,2627.349111328125,8.413328742980957,3.0570291206566615
ucb,1.864,0,1,6,0.29234858905424715,0.16551345057371425,0.04559687361121178,0.16551345057371425,0.07010817136615514,0.1303745809942484,3543.321474609375,8.46077980041504,1.7087846201332286
mass,0.05,100,1,8,0.29236209382385064,0.12038481020731283,0.03411953829228878,0.12038481020731283,0.09623608265072107,0.1640714929997921,3020.42072265625,11.211101875305175,2.994320904134462
eid,5.7123,200,1,7,0.2924550568327129,0.1382242168584535,0.03900367043912411,0.1382242168584535,0.07335441127419472,0.16615827202796937,3102.919521484375,9.819673233032226,3.5577099935648344
mass,0.05,50,0,7,0.2924929197882271,0.1438334651840975,0.04099005967378616,0.1438334651840975,0.06957804217934609,0.1867583379149437,2804.974443359375,9.823046722412109,2.1648636510324044
ucb,7.558,100,1,7,0.2925016133434546,0.14209858230424455,0.039008126854896547,0.14209858230424455,0.05822529315948486,0.12033077873289585,3696.23818359375,9.835363655090331,2.6007577598025096
mass,0.23,100,1,7,0.2926029224763808,0.14213540234834238,0.04032904416322708,0.14213540234834238,0.057173905558884144,0.16858829230070113,3018.169375,9.820908966064453,2.6168800320096004
mass,0.41,50,1,7,0.29285197687410497,0.1442229521679232,0.04071512803435326,0.1442229521679232,0.06096263930201531,0.15229004830121995,3242.4845703125,9.835594024658203,2.1572561765454403
ucb,1.864,400,0,6,0.2928533969904312,0.1541520478886009,0.042714834213256836,0.1541520478886009,0.06961873315274715,0.153234356418252,3340.700400390625,8.420340690612793,4.675337275457569
eid,4.3174,50,0,6,0.2928848222309797,0.16551066046534849,0.046117620393633846,0.16551066046534849,0.06320700734853744,0.16850534602999687,2848.425234375,8.429542732238769,1.843540441407822
ucb,5.7123,25,0,6,0.29301096784791036,0.16615288129393066,0.04495022401213646,0.16615288129393066,0.07042637940496206,0.1402298904210329,3626.171201171875,8.44014678955078,1.7145216384949162
niveau,0.196,100,1,7,0.2931097117499786,0.14264882112661334,0.03992118537425995,0.14264882112661334,0.04866538900882006,0.13917429283261298,3496.68890625,9.835296592712403,2.615222655841305
eid,10.0,100,1,8,0.29316340947002084,0.12120605616557016,0.03365621402859688,0.12120605616557016,0.06794138461351394,0.1478171395510435,3312.982265625,11.22768352508545,2.9893383261126774
ucb,5.7123,0,0,7,0.2932079801103152,0.14555801646851832,0.03939222104847431,0.14555801646851832,0.06580960817635059,0.125673743262887,3719.2957421875,9.871865959167481,1.9124909104492207
mass,0.41,200,1,7,0.29330497370851166,0.13907155646330926,0.03917961426079273,0.13907155646330926,0.05740289941430092,0.15990321591496467,3142.608564453125,9.82158893585205,3.5583543113005973
ucb,0.1985,100,0,6,0.29330668133507953,0.16432220702170863,0.04569077871739864,0.16432220702170863,0.061542848534882066,0.17004408270120622,3072.91095703125,8.429836540222167,2.2461185783427213
ucb,0.6082,0,1,7,0.2933325833034826,0.14547781696629716,0.04072603382170201,0.14547781696629716,0.0686900196224451,0.1417559291422367,3450.59767578125,9.869805526733398,1.9636915842963696
ucb,1.4088,0,1,7,0.29336200255150785,0.14542308872724452,0.040324872508645054,0.14542308872724452,0.07863243587315083,0.12885152406990527,3628.0976171875,9.869744606018067,1.984728456065835
eid,5.7123,50,0,8,0.29336319298901925,0.12351838071024687,0.03460227377712727,0.12351838071024687,0.05811742208898067,0.14137996457517146,3189.75091796875,11.238533058166503,2.4612030696930978
mass,0.47,200,0,7,0.29337814108861804,0.13915084022698188,0.03911526873707771,0.13915084022698188,0.07592040155082941,0.14419650755822658,3242.45962890625,9.825739288330078,3.556825215409044
mass,0.41,100,1,8,0.29339316015534567,0.12144747104002006,0.03451669692993164,0.12144747104002006,0.05572106491774321,0.13433329448103903,3340.150341796875,11.240412521362305,2.986422278831402
ucb,0.1985,100,1,7,0.2934482930493238,0.14296365812755263,0.04052445836365223,0.14296365812755263,0.054788729026913646,0.15951296985149382,3181.284677734375,9.830493927001953,2.621158730442791
ucb,4.3174,0,1,7,0.29344843741652926,0.14539988327202447,0.03963313587009907,0.14539988327202447,0.0708978597447276,0.12139885045588017,3670.90240234375,9.871099243164062,2.012138536126198
mass,0.17,100,0,6,0.2935435578854313,0.16455722268245426,0.04635181412100792,0.16455722268245426,0.05942687954753637,0.18133518517017364,2748.431953125,8.416598281860352,2.246583800744266
mass,0.83,200,0,6,0.2935721749129102,0.1614321679926061,0.044280893206596374,0.1614321679926061,0.05205130897462368,0.1433995296806097,3487.04212890625,8.421248245239259,3.0350017300760372
mass,0.29,50,1,7,0.2935820311613321,0.1449367936862541,0.04123861499130726,0.1449367936862541,0.05894107423722744,0.15698401764035225,3077.67419921875,9.833145866394043,2.161309368769483
ucb,7.558,50,1,6,0.2936627750736522,0.1663075435027527,0.044877414256334305,0.1663075435027527,0.07172553725540638,0.1289728319644928,3586.928857421875,8.434951858520508,1.8388078927248717
ucb,2.4662,50,1,7,0.293750492501729,0.14516759642185165,0.039680397361516954,0.14516759642185165,0.06039834905415773,0.12183995939791202,3609.378134765625,9.84253360748291,2.145724019969348
ucb,0.4597,0,1,6,0.29382894444001,0.16717066571616662,0.04656343288719654,0.16717066571616662,0.061897435933351515,0.1637259030342102,3256.96951171875,8.459930191040039,1.6645696809608492
eid,1.4088,0,1,8,0.2938665947528685,0.12495911563058745,0.035711292773485184,0.12495911563058745,0.05882533568888903,0.14901899471879004,3110.8178125,11.260601119995117,2.2268697805702686
eid,0.6082,100,1,8,0.2939915995511336,0.12201918997304367,0.034650661870837214,0.12201918997304367,0.04733193570747971,0.16054689839482308,3098.27896484375,11.222108345031739,2.9931023945224777
mass,0.71,100,1,8,0.2939935047989894,0.12207182050544108,0.03391750447452068,0.12207182050544108,0.05144780054688454,0.11591843344271183,3640.021005859375,11.235524978637695,2.980421073387066
ucb,5.7123,25,1,7,0.2939985971538981,0.1458320655530453,0.03971612483263016,0.1458320655530453,0.0679483611881733,0.11573012724518776,3670.533740234375,9.847388954162598,2.041632900213202
ucb,0.15,200,1,7,0.29401262375939413,0.13972187772317873,0.039609901309013366,0.13972187772317873,0.05728373184800148,0.15637821838259697,3123.10251953125,9.820463256835938,3.572686509053844
eid,0.4597,0,1,8,0.2941372575138337,0.12504946883182488,0.035276444032788276,0.12504946883182488,0.05716371949762106,0.1574712011218071,3151.4594921875,11.260613784790038,2.2719471705021954
niveau,0.8413,400,0,7,0.29422794815957704,0.1326846155152051,0.03641272000968456,0.1326846155152051,0.047505073435604575,0.12456571079790592,3628.6427734375,9.815068740844726,5.385833161092985
eid,1.0648,200,1,6,0.29431041459377716,0.16211046317169303,0.045922470539808274,0.16211046317169303,0.0658746025711298,0.20091623991727828,2863.655400390625,8.417987899780274,3.0499878555210302
eid,1.4088,25,1,8,0.29432471390358966,0.1248164142651097,0.035175527036190035,0.1248164142651097,0.06770326934754849,0.1467897279560566,3150.15025390625,11.230868949890137,2.377074909619987
eid,0.2626,50,1,7,0.29434733175418654,0.1457285192183778,0.041292504742741584,0.1457285192183778,0.07379107493907214,0.1874653524160385,2835.140859375,9.822672576904298,2.154703133952183
mass,0.47,100,0,7,0.2943718949419059,0.1439063819472508,0.04021237969398499,0.1439063819472508,0.08348991125822067,0.14817183941602707,3229.7215234375,9.83283950805664,2.6163782486637746
eid,0.4597,200,1,8,0.29442824608694496,0.11813110107606634,0.03357244901359081,0.11813110107606634,0.05516407303512096,0.15345041900873185,3025.328798828125,11.220861625671386,4.07428625271966
ucb,7.558,25,1,6,0.2944348232251786,0.16738487945243796,0.04564575776457787,0.16738487945243796,0.07406662866473197,0.1336350756883621,3618.427490234375,8.438191108703613,1.7624859431851658
mass,0.95,100,1,6,0.2944882163722842,0.16556479740912383,0.044835827797651294,0.16556479740912383,0.06694844409823418,0.13620178863406182,3621.988310546875,8.422726364135743,2.2308547407900914
mass,0.53,200,1,7,0.29451071206622015,0.14031083291074137,0.03872458942234516,0.14031083291074137,0.051327039562165735,0.15813398517668248,3423.9808203125,9.834453353881836,3.5499697888696886
mass,0.23,25,0,6,0.29458231129627327,0.1674570712357911,0.04729322977364063,0.1674570712357911,0.07182677306234836,0.18067899882793426,2833.179072265625,8.431190223693848,1.7813100151205434
mass,0.95,50,1,7,0.2946219706518239,0.14605439714698165,0.039511081948876384,0.14605439714698165,0.06392424032092095,0.12231148600578308,3722.889755859375,9.833550415039063,2.141893376210549
ucb,10.0,0,0,7,0.29464209053457635,0.1469257448097807,0.03938389763236046,0.1469257448097807,0.07741321139037609,0.11885425828397274,3747.000224609375,9.87128173828125,1.929086431198909
eid,1.864,50,0,7,0.2947932795415459,0.14620559205364564,0.041427558735013005,0.14620559205364564,0.08900418389588595,0.1666416347026825,2949.570654296875,9.827024307250976,2.1469218719750645
mass,0.11,200,0,7,0.2949127813289897,0.14065333954708886,0.039811383970081805,0.14065333954708886,0.06965287104249,0.17347760260105133,2853.097080078125,9.817741470336914,3.564860445475206
niveau,0.8413,400,1,6,0.29495709919014856,0.15648101174076928,0.042722005397081375,0.15648101174076928,0.052016307711601255,0.13618771925568582,3526.677275390625,8.409926300048829,4.619021862344816
niveau,0.548,400,1,7,0.29498116626265075,0.13318058946154626,0.03680869303643704,0.13318058946154626,0.04354977257549763,0.1320752977579832,3561.289853515625,9.827069664001465,5.450144200276118
mass,0.05,0,1,7,0.2950380076445561,0.14746839366350162,0.04198546215891838,0.14746839366350162,0.05140522874891758,0.1826162753999233,2965.576943359375,9.845760078430176,1.8924034952636188
ucb,0.4597,200,1,6,0.2951865470043896,0.16298451984967577,0.04590138122439384,0.16298451984967577,0.06094299428164959,0.17540777534246443,3113.2930859375,8.430934867858888,3.050506788678467
ucb,10.0,200,1,6,0.29523839856774037,0.16309672709579068,0.04456744164228439,0.16309672709579068,0.06596082527190447,0.1346360158920288,3587.78521484375,8.428542213439941,3.0354178679874173
ucb,0.8047,400,0,7,0.29551088465981845,0.1336402876230457,0.03720458537340164,0.1336402876230457,0.05905954178422689,0.1503093372285366,3318.64625,9.830394477844239,5.4676492591931805
mass,0.47,25,1,8,0.29553888991721755,0.1264436727861145,0.03501713402569294,0.1264436727861145,0.06075301997363567,0.1358577997237444,3452.941669921875,11.24956771850586,2.273804282775769
niveau,0.4307,400,0,6,0.2955837064759031,0.15681182100891772,0.043370843082666394,0.15681182100891772,0.057770993746817115,0.16053153581917287,3225.935625,8.415701789855957,4.692971366746351
mass,0.83,100,1,7,0.29562094002552586,0.14520762796134326,0.04004977427423,0.14520762796134326,0.07389152128249407,0.12404300227761268,3629.56966796875,9.832994575500487,2.603328016045658
eid,1.4088,50,1,6,0.2956383079482205,0.16818173717308413,0.047935285121202466,0.16818173717308413,0.07340191576629877,0.1974297718703747,2762.965009765625,8.423701286315918,1.864142693784088
mass,0.77,200,0,7,0.29568259183028556,0.14149287230665325,0.039045793041586875,0.14149287230665325,0.05188766285777092,0.1335958194732666,3575.8362890625,9.823448791503907,3.5474298809080693
ucb,0.3474,400,0,6,0.29572844256460057,0.15688259245974337,0.04325112894177437,0.15688259245974337,0.05416981123387814,0.16320496723055838,3137.717939453125,8.42166374206543,4.7114625262143095
niveau,0.9,400,1,7,0.2957904486995116,0.13427021514722953,0.0368570040166378,0.13427021514722953,0.0545601487159729,0.11932265654206275,3659.95314453125,9.80345157623291,5.380058388070514
mass,0.95,200,0,6,0.2958400738582565,0.16371280592471268,0.04456879131495953,0.16371280592471268,0.0916455353051424,0.1456569780409336,3559.65767578125,8.418665657043457,3.031816983385943
mass,0.29,200,0,8,0.2958409532091583,0.1195241528731153,0.03374759990721941,0.1195241528731153,0.04979629430919886,0.15125106513500214,3210.831875,11.223617706298828,4.079200084010759
ucb,4.3174,100,1,7,0.2958835334925347,0.14546820120197348,0.039773401245474814,0.14546820120197348,0.055049013420939444,0.12053457848727703,3680.6175,9.834470710754395,2.6038330726403127
mass,0.71,400,0,5,0.2958978469313085,0.18033234351494287,0.05073279641568661,0.18033234351494287,0.0731419924646616,0.18710578143596648,2900.16208984375,7.02363317489624,3.8913758540914087
ucb,5.7123,50,1,7,0.2959178854562964,0.14733622885530512,0.04003940224647522,0.14733622885530512,0.06613529667258262,0.11533932872116566,3697.6485546875,9.83930721282959,2.145414150247816
niveau,0.372,400,0,7,0.2961116025763749,0.13422465420537616,0.03708818107843399,0.13422465420537616,0.06307635113596916,0.1487804039567709,3345.16517578125,9.826149520874024,5.471737092749682
mass,0.41,25,0,7,0.2961967116579567,0.14783335529181157,0.041457052677869796,0.14783335529181157,0.059605219066143036,0.15202742345631123,3174.36849609375,9.844055480957032,2.0908390915362784
eid,4.3174,200,1,7,0.2962715618913484,0.14204877992357934,0.04001173458993435,0.14204877992357934,0.08189641028642654,0.16516388393938541,3027.580556640625,9.821478843688965,3.555695491942267
eid,0.4597,25,0,7,0.29632339032401395,0.1483322857985807,0.04225713185966015,0.1483322857985807,0.06941153440624476,0.19617581456899644,2827.14478515625,9.83381992340088,1.9977761313583087
ucb,3.2631,200,0,6,0.2963366490338,0.16420633189160402,0.04434673547744751,0.16420633189160402,0.08682606875896454,0.15564565405249595,3525.135302734375,8.4245902633667,3.0325792855489997
mass,0.89,200,1,7,0.29639021939512905,0.1422663440806568,0.03896893732249737,0.1422663440806568,0.058177812919020654,0.12067837193608284,3652.387861328125,9.828688507080079,3.530968828618061
ucb,7.558,200,0,7,0.296433017572642,0.1422618137839834,0.03874745711684227,0.1422618137839834,0.06973493210971356,0.11878921791911125,3702.991337890625,9.827487907409669,3.5428009471646513
mass,0.47,100,1,7,0.29646235024805434,0.14601366631315965,0.04131932772696018,0.14601366631315965,0.07091166518628597,0.1694168247282505,3171.492900390625,9.830796737670898,2.6121709837236753
ucb,4.3174,200,1,7,0.29662404707071277,0.1424561035664246,0.03869013592600822,0.1424561035664246,0.07383746884763241,0.12065225161612034,3655.02728515625,9.82822612762451,3.5419858760720433
ucb,1.0648,400,1,6,0.29669650628110655,0.1579506078995418,0.0439490657299757,0.1579506078995418,0.06639814231544733,0.15405987486243247,3346.406298828125,8.42482105255127,4.686474595391191
mass,0.29,0,1,7,0.2967095505660589,0.14892375745566588,0.04230477057397366,0.14892375745566588,0.056574656888842584,0.16282255671918391,3214.328466796875,9.858364562988282,1.946448277598247
niveau,0.1373,25,1,8,0.29672553362414633,0.12746912668293114,0.03549497589468956,0.12746912668293114,0.051661548092961314,0.1283757748454809,3499.6396484375,11.24690673828125,2.314101735303799
ucb,10.0,0,1,7,0.2968192059183513,0.1487282690863207,0.04066928431391716,0.1487282690863207,0.06652285754680634,0.12407452501356601,3719.37193359375,9.872353515625,2.022734208007654
mass,0.95,25,0,7,0.2968592679161837,0.14877548347921526,0.04011541150510311,0.14877548347921526,0.05818024657666683,0.12126077115535736,3703.267568359375,9.847848052978515,2.0209461092421166
eid,2.4662,200,1,8,0.2968970674924649,0.12063053467247363,0.03379138216376305,0.12063053467247363,0.05524415250867605,0.14503858797252178,3234.579560546875,11.21859832763672,4.066633204997826
niveau,0.3133,400,0,7,0.2969921265682324,0.13503787848507615,0.03755781285464763,0.13503787848507615,0.05170001283288002,0.1573325988650322,3318.76431640625,9.82992919921875,5.488562020789057
eid,7.558,100,1,8,0.29705736395894417,0.12509124600280253,0.034955320358276365,0.12509124600280253,0.059862063229084016,0.15346912287175654,3297.53494140625,11.227950172424316,2.9915294890354076
mass,0.17,50,1,8,0.2970786804866366,0.12718029565839195,0.036256303414702415,0.12718029565839195,0.0656557933241129,0.15209911078214644,3069.351767578125,11.226145858764648,2.4745962070611616
mass,0.17,200,1,8,0.2971718557171415,0.12085311499341236,0.034191896691918376,0.12085311499341236,0.07200941458344459,0.1679721124470234,3187.9958203125,11.220161209106445,4.079685180932284
eid,3.2631,100,1,6,0.29740434929906817,0.1684274768936025,0.04831476598978043,0.1684274768936025,0.07274681180715561,0.18901241943240166,2822.38908203125,8.42144229888916,2.244218101366423
ucb,2.4662,200,1,6,0.2974059757526956,0.16525114763393925,0.0450352968275547,0.16525114763393925,0.06367996286600829,0.14982891671359538,3520.88263671875,8.421685523986817,3.0387070296891032
eid,0.15,50,1,7,0.2975819679484826,0.14898800884831062,0.04247802287340164,0.14898800884831062,0.0640207234583795,0.18330990210175513,2785.6780859375,9.811308403015136,2.148489775042981
ucb,7.558,0,1,7,0.29758723767855133,0.14951429109746203,0.04078795075416565,0.14951429109746203,0.07193631485104561,0.1214043915271759,3723.04798828125,9.870164566040039,2.0182366452723124
mass,0.59,400,0,7,0.29762842295827413,0.1357829665553142,0.037812372595071794,0.1357829665553142,0.052278463114053014,0.1594958183169365,3260.586875,9.824533271789551,5.461364100739981
niveau,0.3133,200,1,8,0.297688328898148,0.12145042429270472,0.03367549158632755,0.12145042429270472,0.04767147444188595,0.13122531317174435,3588.57404296875,11.225682830810547,4.059476151360819
mass,0.65,400,0,6,0.29769367826778,0.15896023055001654,0.04399921528995037,0.15896023055001654,0.06707482848316432,0.17234232112765313,3178.78416015625,8.426327247619628,4.683361929440871
eid,1.864,100,1,7,0.29772990281383815,0.14726699051108205,0.042150972709059716,0.14726699051108205,0.06743908233940601,0.1620851382613182,3009.290244140625,9.821766967773437,2.6157280756890153
eid,2.4662,0,0,8,0.29777235275736713,0.12875543231401607,0.03587391596287489,0.12875543231401607,0.06772755522280932,0.1522394444793463,3113.826494140625,11.262368087768555,2.254230110837767
mass,0.89,0,0,5,0.2977758822346849,0.1923276399873008,0.05298828020691872,0.1923276399873008,0.07478811420500278,0.16466724172234534,3367.612646484375,7.051087684631348,1.3620605618460104
eid,2.4662,0,1,7,0.29790770115998455,0.15020090134630174,0.04261278510093689,0.15020090134630174,0.0665298530831933,0.1684483940899372,3004.57078125,9.853222045898438,1.9266999534207088
mass,0.35,50,0,7,0.2979329663618335,0.1492068630652369,0.04219819195568562,0.1492068630652369,0.059165323078632356,0.16939061008393763,3002.672060546875,9.833748741149902,2.1815258241491393
ucb,3.2631,50,1,6,0.2979390781061593,0.17058171798686123,0.0463727767765522,0.17058171798686123,0.06821008384227753,0.13796954959630967,3539.522958984375,8.43294101715088,1.839340029824525
ucb,4.3174,25,1,7,0.2980311538204024,0.1499090711310351,0.04070281088352203,0.1499090711310351,0.08201964192092419,0.1285913660377264,3673.830732421875,9.846917190551757,2.0305206723418086
ucb,7.558,200,1,6,0.29805249795629163,0.16591213401217467,0.04523232892155647,0.16591213401217467,0.07681326720863581,0.1435620281100273,3580.896416015625,8.423531303405762,3.0350909860292448
niveau,0.1373,50,0,7,0.29809707462668544,0.14938429576709988,0.04139136433601379,0.14938429576709988,0.06712548367679119,0.14442836984992027,3395.787744140625,9.83970615386963,2.1781947148963807
niveau,0.4893,400,1,7,0.298238345786046,0.13644878293278168,0.037570334672927856,0.13644878293278168,0.06093466252088547,0.1526314716041088,3448.925263671875,9.830543098449708,5.447390713316079
mass,0.95,0,0,7,0.298253536623055,0.15059286988152798,0.04084516823291778,0.15059286988152798,0.09019226878881455,0.11951279416680335,3716.672587890625,9.869301948547363,1.9151666853817493
eid,0.3474,0,0,7,0.2982983201226976,0.1504683609385893,0.043142306804656985,0.1504683609385893,0.07543970681726933,0.19612695574760436,2790.558671875,9.849378051757812,1.9574897960270758
ucb,1.0648,400,0,6,0.29831693635737266,0.15956389109125105,0.04423513039946556,0.15956389109125105,0.07863139577209949,0.15860405400395394,3298.974189453125,8.430983276367188,4.688261316530406
eid,4.3174,100,1,8,0.2984220351117748,0.12646467785794516,0.03560332082211971,0.12646467785794516,0.05469581633806229,0.14309719428420067,3274.535908203125,11.222025718688965,2.989339313457409
mass,0.17,25,0,7,0.2984850632021718,0.15017515821512337,0.04259686253964901,0.15017515821512337,0.053248574528843164,0.1910364481806755,2929.76498046875,9.830230903625488,2.0774762467620898
ucb,1.4088,400,1,7,0.2985546635130099,0.1367089948495063,0.03731600537896156,0.1367089948495063,0.06954015895724297,0.1423847710341215,3474.51060546875,9.826100845336914,5.4614171658759005
ucb,3.2631,25,1,7,0.2985778300639503,0.15049902046632457,0.0404032689332962,0.15049902046632457,0.06377814088016748,0.12175520613789559,3668.99796875,9.847660408020019,2.019702399406427
eid,0.2626,200,0,8,0.29858665292918773,0.12228607481050088,0.0343915356323123,0.12228607481050088,0.05317521911114454,0.1699149377644062,2958.30181640625,11.220363006591796,4.075144529671718
eid,0.6082,100,0,7,0.29867755748176084,0.1482117357257015,0.04226692080497742,0.1482117357257015,0.07082767717540264,0.1775643490254879,2798.243134765625,9.82311695098877,2.6164554390148256
mass,0.95,25,1,7,0.2987740704216929,0.1507487060793858,0.04101552397012711,0.1507487060793858,0.08582763161510229,0.12046855732798577,3663.60138671875,9.845753059387206,2.006341085576763
ucb,0.1985,0,1,7,0.29880161773748176,0.1514834826520933,0.04269674360752106,0.1514834826520933,0.07474876556545496,0.16491738215088844,3201.498935546875,9.86592788696289,1.8295337713470994
mass,0.11,25,1,8,0.2988247248726311,0.12953475987930818,0.03710128720849752,0.12953475987930818,0.05907618751749397,0.15760822743177413,3097.802099609375,11.231221160888673,2.322491248330722
mass,0.35,100,0,8,0.298849070164754,0.12687853224535184,0.03578727908432484,0.12687853224535184,0.07301377452909946,0.1486777211725712,3212.38701171875,11.232834548950196,2.99263447985053
eid,5.7123,100,1,7,0.2988544298818909,0.14838307406638282,0.0417546308785677,0.14838307406638282,0.06240859732031822,0.16231104835867882,3117.90087890625,9.822932739257812,2.617838953877023
niveau,0.0787,50,1,8,0.2988740243136161,0.12904460803809495,0.035033985897898676,0.12904460803809495,0.056253006234765056,0.12630866155028342,3600.4713671875,11.237533683776855,2.4573540688802793
niveau,0.1373,50,1,7,0.2989155337143713,0.15032440878606637,0.041602623164653775,0.15032440878606637,0.055049851983785626,0.15243221282958985,3403.983359375,9.836347999572753,2.1477812320762317
eid,1.4088,25,0,8,0.29918869814932125,0.1299670587532945,0.036969454884529115,0.1299670587532945,0.06868049427866936,0.16194750249385834,3080.817587890625,11.243311080932617,2.3054098490066828
mass,0.29,50,0,7,0.29928113678275403,0.15056359079392737,0.04265132375061512,0.15056359079392737,0.058254782371222974,0.16854825004935264,3019.653876953125,9.827958755493164,2.1793864972066754
eid,0.15,25,1,8,0.2993309068643801,0.1299668642208231,0.03752475894987583,0.1299668642208231,0.06264389641582965,0.17352861121296884,2920.364892578125,11.224466934204102,2.3410106608892476
mass,0.17,25,1,7,0.29944519574555184,0.15134202336940217,0.043151605501770975,0.15134202336940217,0.08844808973371983,0.16774621114134788,3060.05951171875,9.828354606628418,2.0257930940374114
eid,0.6082,25,0,8,0.2994674945605268,0.13032587862245443,0.03715295884758234,0.13032587862245443,0.10814834235236048,0.15332766517996788,2988.752724609375,11.230299453735352,2.2854039845181005
mass,0.77,400,0,6,0.29949326896909567,0.1608204270258913,0.0451417451351881,0.1608204270258913,0.08873108573257923,0.16433948785066604,3273.5491796875,8.422641716003419,4.668210485801101
eid,0.1985,100,1,7,0.29955895316783476,0.14909822605087247,0.042743118181824684,0.14909822605087247,0.06734101507812738,0.18290772840380667,2833.995712890625,9.817047233581542,2.6151817792405683
mass,0.83,400,0,6,0.29969925842285966,0.16100552578165075,0.04485341958701611,0.16100552578165075,0.061682156100869176,0.15911278635263443,3376.989453125,8.423996391296386,4.673433160302229
niveau,0.2547,100,1,7,0.29973281399833673,0.14926139737918676,0.04122203513979912,0.14926139737918676,0.0530448691546917,0.1459591480344534,3388.81986328125,9.827325210571288,2.6178541547874916
mass,0.23,200,0,7,0.2998327814366349,0.1455911071443238,0.04066366329789162,0.1455911071443238,0.08972003761678934,0.16267479702830315,3056.26982421875,9.820131530761719,3.5604185730777687
eid,2.4662,100,1,8,0.2998848888753433,0.12791487082780192,0.036028280779719354,0.12791487082780192,0.06429424077272415,0.1470249630510807,3213.96322265625,11.22833080291748,2.992504511885345
mass,0.47,400,0,6,0.30000397273515134,0.16121909991436423,0.04476749695837498,0.16121909991436423,0.04735288297757506,0.17186173655092715,3038.696171875,8.425585784912109,4.696218205196783
mass,0.35,25,1,7,0.30020609867453474,0.15223098962980222,0.04354858808219433,0.15223098962980222,0.05787659741938114,0.15849926248192786,3124.02140625,9.836926460266113,1.9937772611831315
eid,1.0648,0,1,8,0.3004091182064725,0.13145243479641408,0.03734581984579563,0.13145243479641408,0.06507741563022136,0.15500918045639991,3145.13248046875,11.258495559692383,2.2391708525146043
ucb,10.0,50,1,7,0.3004336189849256,0.15184110341904536,0.04076092213392258,0.15184110341904536,0.09140870600938797,0.11945645496249199,3701.52662109375,9.840914726257324,2.148128891470066
eid,0.6082,25,1,8,0.30043784947555985,0.130901109767772,0.03783102340996265,0.130901109767772,0.0735701073333621,0.17283907294273376,3012.729873046875,11.233807220458985,2.3841849269469577
eid,1.0648,50,0,8,0.3004423578465371,0.1306101768160749,0.03648111864924431,0.1306101768160749,0.05473452545702458,0.14906017169356345,3081.968427734375,11.231133460998535,2.458045257615546
eid,1.864,0,0,8,0.30052482545377557,0.13146745785116404,0.03718295104801655,0.13146745785116404,0.06929794186726213,0.15814886078238488,3045.250615234375,11.26387710571289,2.2643419006528953
ucb,1.864,400,1,6,0.30052844473410306,0.16182576818803235,0.04427498258650303,0.16182576818803235,0.06896186780184507,0.1515585295855999,3483.073359375,8.424627227783203,4.675669136517682
eid,1.4088,200,0,6,0.30061527553176365,0.16835815375588692,0.04752116538584232,0.16835815375588692,0.05810534033924341,0.17474157929420472,2734.371884765625,8.410345077514648,3.064280443969183
ucb,4.3174,200,0,7,0.3006640804530285,0.14648869350977012,0.0395703399926424,0.14648869350977012,0.07703892007470131,0.1274817269295454,3654.418505859375,9.825045204162597,3.5438467358145864
eid,0.3474,50,1,8,0.3006659044273595,0.1308214530399342,0.037624727971851825,0.1308214530399342,0.05973560035228729,0.16887177243828774,2957.5714453125,11.222015419006347,2.4611128468563157
mass,0.11,50,0,7,0.30073038042693345,0.1520630829724726,0.043297071680426596,0.1520630829724726,0.06863944832235575,0.20210909590125084,2806.0809375,9.822561225891114,2.1668243636152087
ucb,0.1985,400,1,8,0.3007847773931023,0.11564359100427195,0.03225813403725624,0.11564359100427195,0.040204102918505666,0.149833113104105,3360.582197265625,11.237013397216797,6.285296597207585
mass,0.95,200,1,7,0.3008951857018602,0.14675979191868943,0.03972859218716621,0.14675979191868943,0.07161183074116707,0.129923300370574,3697.90453125,9.816918563842773,3.533848445792682
eid,5.7123,200,0,7,0.3010615969139619,0.14683316289347612,0.040545394718647,0.14683316289347612,0.07801572117954493,0.168870210647583,3049.6545703125,9.823975067138672,3.557108505121432
eid,3.2631,200,1,8,0.30127118033899397,0.12502650508315397,0.03515971079468727,0.12502650508315397,0.0429467286914587,0.15389949649572374,3193.0651953125,11.221780662536622,4.0611688139600055
eid,1.0648,100,1,7,0.3012925497171384,0.15081992882192222,0.043009381741285324,0.15081992882192222,0.07415596280246974,0.1716807171702385,2999.105498046875,9.82489761352539,2.6181552238040604
eid,0.15,0,0,8,0.3013235735223464,0.1324711552873772,0.03809938251972198,0.1324711552873772,0.06578943535685539,0.1639566646516323,2984.564326171875,11.256294708251954,2.2131045587422946
ucb,5.7123,200,1,8,0.3013601768979492,0.1251573617868187,0.03431053802371025,0.1251573617868187,0.06841025196015835,0.11575053229928017,3744.210537109375,11.234624214172364,4.050703777782619
eid,0.8047,0,1,8,0.3014661452032678,0.13248356466867553,0.037313529923558235,0.13248356466867553,0.08346552263945341,0.1628965802490711,3087.905390625,11.262461433410644,2.2456451336480674
niveau,0.196,0,1,8,0.30150536832330993,0.13242014768427482,0.03688340313732624,0.13242014768427482,0.06711340352892875,0.12424274198710919,3620.4959765625,11.278820304870605,2.2713051597587763
mass,0.05,200,1,7,0.3015740447198033,0.14731436591011085,0.041909272745251656,0.14731436591011085,0.08292218871414661,0.19941800430417062,2833.60375,9.807287750244141,3.564919702423116
mass,0.89,400,1,6,0.30158793218330476,0.16296793987038544,0.04495521858334541,0.16296793987038544,0.05702175997197628,0.14412501610815526,3467.2959765625,8.42097972869873,4.654998078229838
eid,7.558,200,1,7,0.3016652824176087,0.14745302313234185,0.04101868018507957,0.14745302313234185,0.06326962027698756,0.1498917129635811,3108.467216796875,9.81239128112793,3.5530648213167058
ucb,0.6082,400,0,6,0.3018122148318365,0.1630112963607125,0.045373108237981796,0.1630112963607125,0.08884241716936231,0.16692174710333346,3172.1694140625,8.424954147338868,4.700229617781006
mass,0.53,400,0,6,0.3018269761882766,0.163043196670436,0.04593720741569996,0.163043196670436,0.06392392214387656,0.1853506188094616,3108.488779296875,8.427976188659668,4.695944879460148
eid,0.15,400,0,7,0.30183246037232064,0.13981625685287946,0.03970856167376041,0.13981625685287946,0.07142241287976503,0.18214484855532645,2810.653251953125,9.813561592102051,5.504050879860296
eid,0.3474,50,0,6,0.30196343825117367,0.17456326891404264,0.04975568577647209,0.17456326891404264,0.0739498513378203,0.2026793020963669,2616.5112109375,8.422818908691406,1.8500423342827705
mass,0.47,25,0,7,0.3019746584229942,0.15358647225932473,0.042004505395889284,0.15358647225932473,0.054033772721886635,0.16210957892239095,3219.639599609375,9.840250511169433,2.097046540917363
eid,0.2626,25,0,8,0.3020217033744677,0.13295724660235883,0.0383467523381114,0.13295724660235883,0.057646257542073726,0.17678581804037094,2888.271337890625,11.230211372375487,2.266114193027218
mass,0.35,200,1,7,0.3020730952853884,0.14783106288462755,0.041903300508856774,0.14783106288462755,0.04802032843232155,0.1671108551323414,3156.609267578125,9.81841739654541,3.5605081001902
eid,0.4597,200,0,9,0.3021029609053126,0.10374301242250113,0.029548366107046604,0.10374301242250113,0.05824450936168432,0.15532029323279858,3105.167958984375,12.6240092086792,4.589987120702863
eid,4.3174,100,0,9,0.30211909151407385,0.10867126586970365,0.030276551321148874,0.10867126586970365,0.06927796971052885,0.12632353954017161,3326.1891796875,12.634738655090333,3.361956411092542
eid,5.7123,400,0,7,0.30219163974303137,0.14022901638237145,0.039597053229808804,0.14022901638237145,0.08404960930347442,0.16239930741488934,3138.067783203125,9.825318603515624,5.490655840164982
mass,0.83,400,1,7,0.3023760540954507,0.14062877818226058,0.03846314050257206,0.14062877818226058,0.0702545965462923,0.1262217077612877,3597.862041015625,9.829737014770508,5.4368189782975245
ucb,10.0,200,0,7,0.3025512788574188,0.14841471660601047,0.04051661781966686,0.14841471660601047,0.07753458835184573,0.13214824311435222,3696.55154296875,9.82893398284912,3.534140562852069
mass,0.23,100,0,8,0.30258877076051083,0.13061976789642318,0.0369236121699214,0.13061976789642318,0.06374416045844555,0.15690076276659964,3065.525341796875,11.222588691711426,2.9922507160219056
mass,0.05,25,0,6,0.30271449015352536,0.1756477651916783,0.05002243958413601,0.1756477651916783,0.07817535102367401,0.20076240554451943,2591.886875,8.421232528686524,1.7666812404617667
ucb,1.4088,400,0,6,0.302771281060921,0.1640194169472996,0.04472854807972908,0.1640194169472996,0.05643743604421616,0.14070946879684926,3392.588466796875,8.427727165222167,4.687966028405353
eid,7.558,400,0,8,0.3027853270794656,0.11773641422216655,0.03271464273333549,0.11773641422216655,0.07446365714073182,0.1486400270462036,3306.664755859375,11.222179527282714,6.262228214324762
mass,0.05,100,0,8,0.3027873357531289,0.13081655691483215,0.037295447811484334,0.13081655691483215,0.0626199059560895,0.18583448223769664,2879.86947265625,11.220254859924317,2.9926947095741827
eid,10.0,200,0,7,0.30285134107853606,0.14862810294541853,0.04213077887892723,0.14862810294541853,0.07628263160586357,0.16656311511993407,3094.257265625,9.825637855529784,3.5558095332793895
mass,0.77,400,1,6,0.30285696053880445,0.1641490763371176,0.04558174386620521,0.1641490763371176,0.08092359378933907,0.1582351143658161,3305.243798828125,8.42041244506836,4.676971050421708
ucb,0.4597,400,1,7,0.30303512167261565,0.14107405487940292,0.03895680651068687,0.14107405487940292,0.058938563875854014,0.14354026913642884,3348.9568359375,9.831222763061524,5.4902666983031665
eid,0.3474,25,1,9,0.30311031782550274,0.11235483418225777,0.03218711044639349,0.11235483418225777,0.055327394157648084,0.1704966603219509,3064.0137109375,12.636702461242676,2.6888709108112376
mass,0.89,400,0,7,0.3034345831940209,0.14172104401623623,0.03935062929987907,0.14172104401623623,0.07018527008593083,0.12768601685762404,3611.88076171875,9.824404067993164,5.428384794446174
mass,0.29,0,0,7,0.3034378884936331,0.15562345436287012,0.04435733325779438,0.15562345436287012,0.08498928207904101,0.1868382766842842,3002.763291015625,9.8569384765625,1.9536085326907533
niveau,0.0787,50,0,8,0.3035268943154535,0.1335244479237965,0.037069586589932445,0.1335244479237965,0.07592411730438471,0.13336257286369801,3512.95201171875,11.249138450622558,2.5006115979142485
ucb,5.7123,400,1,7,0.3037328052162136,0.14199176441040565,0.039101208597421645,0.14199176441040565,0.07007408127188683,0.12417109318077564,3645.293056640625,9.824273338317871,5.435260201451989
ucb,2.4662,400,1,6,0.30380312555138095,0.1650796493652284,0.04601085357367993,0.1650796493652284,0.057840748224407434,0.14258063681423663,3428.69544921875,8.422103271484374,4.680869046538136
niveau,0.196,200,0,7,0.30381386946452194,0.1495675786834648,0.0421454431861639,0.1495675786834648,0.059981145337224005,0.15910741969943046,3225.334853515625,9.825157775878907,3.5615726952642826
mass,0.23,50,1,7,0.30397875245913786,0.15531235196089915,0.044237234368920325,0.15531235196089915,0.05675122870132327,0.1748770722746849,2980.91203125,9.820956535339356,2.1666001245596758
ucb,2.4662,400,0,6,0.30400778909265763,0.16533323050983015,0.04512013264000416,0.16533323050983015,0.06208249993622303,0.162934797257185,3323.097373046875,8.425492782592773,4.668639645706862
eid,0.1985,25,1,8,0.3041008748236799,0.13459496981866695,0.03897855687886476,0.13459496981866695,0.06307690531015396,0.17745949551463128,2978.43322265625,11.22716121673584,2.376476251253237
eid,5.7123,100,0,7,0.30420771018521164,0.15374331363707083,0.04329661443829536,0.15374331363707083,0.06762583792209625,0.15498462125658988,3031.67013671875,9.827229042053222,2.6160991370351985
mass,0.11,100,0,7,0.3043174365067439,0.1538400051953694,0.04385127760469913,0.1538400051953694,0.06603003311902285,0.183859144449234,2793.36927734375,9.81899299621582,2.619357827843633
niveau,0.0787,0,0,7,0.3043222713583319,0.1566466709170319,0.04309646226465702,0.1566466709170319,0.06412576407194137,0.13752804525196552,3611.1587890625,9.87132827758789,1.918900110325
niveau,0.2547,400,1,6,0.3043610278174071,0.16553266768269,0.04625800520181656,0.16553266768269,0.0704204510897398,0.17297569751739503,3185.168349609375,8.427128562927246,4.707090033679269
ucb,5.7123,0,1,7,0.30442169721686785,0.15636594934926876,0.04273634746670723,0.15636594934926876,0.07906010132282973,0.13461054362356661,3695.030048828125,9.869054374694825,2.0139369668997826
eid,0.15,0,1,7,0.3044821980286577,0.15663834883619732,0.045477359294891356,0.15663834883619732,0.06889649266377092,0.20027722269296647,2839.18927734375,9.848966255187989,1.9609622981150943
niveau,0.2547,400,0,7,0.304557251675051,0.1426026185414813,0.04029518507421017,0.1426026185414813,0.0716208828240633,0.15607192873954773,3299.564873046875,9.820168991088867,5.488658283392434
ucb,7.558,400,1,7,0.3045803319470079,0.1427646306530036,0.03906797453761101,0.1427646306530036,0.05688568286597729,0.1283071921020746,3643.601494140625,9.824417915344238,5.453925323501074
mass,0.23,25,1,8,0.30470717356592164,0.13553395165905102,0.03867665164172649,0.13553395165905102,0.06497691422700883,0.1755142766982317,3212.882578125,11.243772048950195,2.293305476717651
ucb,4.3174,400,0,6,0.30471509841602973,0.16601881802287632,0.04534664452075958,0.16601881802287632,0.06220639012753963,0.13798432067036628,3515.2480859375,8.422857208251953,4.674070098288357
eid,0.4597,100,1,7,0.304719450228842,0.15424479470814023,0.043859112486243246,0.15424479470814023,0.058008415699005125,0.17186721831560134,2911.926044921875,9.821094017028809,2.618663880175445
eid,0.1985,0,0,7,0.3047701433117709,0.15699220154452037,0.04462271362543106,0.15699220154452037,0.06012843951582909,0.18793737679719924,2866.619833984375,9.847215194702148,1.9444854418126243
mass,0.35,0,1,7,0.3050441860995867,0.15726540231498798,0.0451069264113903,0.15726540231498798,0.08981126047670841,0.17673396095633506,3134.559140625,9.86258960723877,1.9446959461496836
mass,0.71,400,1,7,0.3050826650260396,0.1432642546165524,0.03994475997984409,0.1432642546165524,0.06640486367046833,0.16188031032681466,3375.431044921875,9.833952560424805,5.45460260237179
eid,1.4088,400,0,7,0.30517861662655016,0.1431881989449778,0.040574476197361944,0.1431881989449778,0.05185826040804386,0.1654444482922554,3016.637587890625,9.815661582946777,5.497604420393086
mass,0.29,100,1,8,0.30522202547114086,0.1332656603798617,0.0377240152657032,0.1332656603798617,0.0561609673127532,0.14469258040189742,3237.31361328125,11.231313323974609,2.989091272819787
mass,0.95,0,1,6,0.30535665591005623,0.17855590964598964,0.048594488501548766,0.17855590964598964,0.07495287038385869,0.1385733849555254,3603.466611328125,8.460756034851075,1.7001865660166369
mass,0.95,400,0,6,0.30548707918562956,0.16682577356881495,0.04568106666207314,0.16682577356881495,0.07416504465043544,0.13837855383753778,3523.11775390625,8.421674728393555,4.665326404203661
mass,0.11,0,0,8,0.30570821635757195,0.1367186262685488,0.03889407880604267,0.1367186262685488,0.05562629573047161,0.17687271401286125,3068.555888671875,11.254660911560059,2.2473975222557776
eid,1.0648,25,1,7,0.30575953959909147,0.15742666654902077,0.04560303740203381,0.15742666654902077,0.06449435323476792,0.18190465450286866,2957.599140625,9.833009796142578,2.08321826251767
eid,0.2626,100,1,8,0.30577382540820297,0.13382012183058514,0.03790553741157055,0.13382012183058514,0.06260613162070512,0.18087422527372837,2966.874619140625,11.217569274902344,2.988425894404451
ucb,0.4597,400,0,5,0.3057892845460797,0.1901186489958123,0.053187392950057984,0.1901186489958123,0.06927606716752052,0.18130303159356118,2910.068740234375,7.025363121032715,3.9176588875668434
eid,7.558,50,1,7,0.3059133357641357,0.15721816427266613,0.04436891347169876,0.15721816427266613,0.08078362688422203,0.168928070217371,3084.362861328125,9.83111728668213,2.173792872867392
mass,0.23,0,1,7,0.3059563301405027,0.15824011200477953,0.045193598195910456,0.15824011200477953,0.0645717789232731,0.17545820489525796,3062.88619140625,9.857081871032715,1.929054533930806
mass,0.35,400,1,7,0.3059985878438185,0.14402425033643154,0.04068781465291977,0.14402425033643154,0.06526007259264588,0.17254634477198125,3212.82509765625,9.823263320922852,5.4935843768467505
mass,0.29,400,0,7,0.3061596699743049,0.14413841517798118,0.04058152474462986,0.14413841517798118,0.08082514330744743,0.16502147778868675,3016.773779296875,9.824391708374023,5.5053136990809195
ucb,7.558,400,0,6,0.3062231079231682,0.16750364110856453,0.04544174656271935,0.16750364110856453,0.06851363100111485,0.14048828311264516,3543.179033203125,8.423133697509765,4.679866703650914
ucb,3.2631,400,1,6,0.30624360588156274,0.16749912262283856,0.04573468223214149,0.16749912262283856,0.0667191955447197,0.15983180329203606,3502.207080078125,8.427172737121582,4.686120814681052
mass,0.17,50,0,7,0.3063554437991217,0.157677674165112,0.04486321948468685,0.157677674165112,0.05955231931060553,0.1778712573647499,2898.48287109375,9.82533878326416,2.169442408502413
eid,0.6082,400,0,6,0.3064666428783399,0.16759513375539822,0.04776320457458496,0.16759513375539822,0.0627874718606472,0.19609090700745582,2844.0368359375,8.416332168579101,4.717877280735411
eid,0.1985,200,1,8,0.30650835902729584,0.1302071506319836,0.03653961479663849,0.1302071506319836,0.06178437039256096,0.16804126143455506,3017.366533203125,11.220762023925781,4.0753020988280575
eid,0.2626,25,1,8,0.306514282793475,0.13700482110132553,0.039690289571881296,0.13700482110132553,0.05703191716223955,0.17213614255189896,2923.26150390625,11.23524139404297,2.37736542303736
eid,0.1985,400,0,7,0.306552051325977,0.14454224379831876,0.040566084682941435,0.14454224379831876,0.05965966377407313,0.16982840143144132,2956.427734375,9.81504711151123,5.502451881914555
eid,1.864,400,1,7,0.3067255766830291,0.14476878515894603,0.04073306396603584,0.14476878515894603,0.07421348307281733,0.16712153375148772,3059.17986328125,9.816673126220703,5.489197881020761
niveau,0.2547,200,1,8,0.3067830416045539,0.13052086596905713,0.03665313772857189,0.13052086596905713,0.04762753926217556,0.12604374319314957,3488.589248046875,11.228693008422852,4.065543908874193
eid,1.0648,25,0,7,0.30715396840782777,0.15910218779095384,0.04461493693292141,0.15910218779095384,0.08176927290856838,0.16976285561919213,2814.115908203125,9.82947135925293,2.012945154218469
niveau,0.1373,100,1,8,0.3072292177563584,0.13525933814857663,0.03812106683850289,0.13525933814857663,0.053982261903584,0.13257842093706132,3494.400966796875,11.22983974456787,2.9924699019454417
eid,0.3474,100,1,8,0.3073389839712658,0.1353773827096451,0.038600906394422055,0.1353773827096451,0.06722567323595285,0.1732807621359825,3018.16087890625,11.222412147521972,2.9904003154051795
eid,0.6082,0,1,8,0.3073503806989675,0.13829216740827113,0.03941540762782097,0.13829216740827113,0.06643852725625038,0.18258678913116455,3007.947314453125,11.257567558288574,2.2645533226740855
mass,0.11,400,0,7,0.3075888481661334,0.1455588952015183,0.04079221732914448,0.1455588952015183,0.0542507959343493,0.1651548657566309,2954.485869140625,9.812820129394531,5.5074882411537684
mass,0.29,25,1,7,0.3077748647801011,0.15976927341863117,0.04541708596050739,0.15976927341863117,0.09420930664986372,0.1747097636759281,3072.901552734375,9.836718254089355,2.0013978403674755
eid,0.15,100,0,9,0.3078395344036643,0.11436612842667032,0.03267139371484518,0.11436612842667032,0.06761772146448493,0.1562546815723181,3014.292119140625,12.619718208312989,3.3683514942484907
mass,0.17,0,1,8,0.3078752316769777,0.13910118315267747,0.04034623727202415,0.13910118315267747,0.06788085496053099,0.1554223020374775,3158.92333984375,11.262619094848633,2.1935121310750643
mass,0.05,0,0,7,0.3079356776319895,0.16007413481169852,0.046501359716057775,0.16007413481169852,0.08020955428481102,0.19635792821645737,2752.568310546875,9.840332221984863,1.965385705072743
eid,5.7123,400,1,7,0.30801910696112544,0.1460741204604661,0.040309352576732634,0.1460741204604661,0.06296388987451791,0.1609995749592781,3087.445009765625,9.817409782409667,5.486246625164834
niveau,0.0787,25,1,8,0.3081865923029203,0.13897468033969587,0.03852015748620033,0.13897468033969587,0.0762945718318224,0.14278609082102775,3541.117861328125,11.251363983154297,2.3029779908061023
mass,0.29,25,0,8,0.308199273221811,0.13869139476020664,0.03947958081960678,0.13869139476020664,0.06281524889171124,0.16738406389951707,3157.640234375,11.246529388427735,2.376969615401079
mass,0.23,200,1,7,0.30840097071374906,0.1541353344008713,0.04414331786334515,0.1541353344008713,0.06434902422130108,0.19064362227916717,2983.130166015625,9.818095321655273,3.56640907821944
mass,0.17,100,1,7,0.30842592380171635,0.15795407059285474,0.04525315932929516,0.15795407059285474,0.0732816857099533,0.19755787178874015,2925.653935546875,9.814971694946289,2.617963302215406
eid,1.864,25,0,8,0.3086323824893739,0.1393662561968273,0.039094452783465385,0.1393662561968273,0.0685278182849288,0.15497139051556588,3049.243837890625,11.238085746765137,2.316531573136647
eid,1.0648,100,0,6,0.3086560949320939,0.17968217866590588,0.05152898326516151,0.17968217866590588,0.08838537104427814,0.2080603675544262,2676.9773828125,8.41580192565918,2.243479066547006
niveau,0.02,25,0,8,0.30871684864818066,0.13959328506553187,0.03795171201229095,0.13959328506553187,0.057062154524028304,0.1347138199210167,3511.73919921875,11.254806060791015,2.2808908956622083
eid,1.864,400,0,7,0.30882096461447966,0.146837864230754,0.04142310447990894,0.146837864230754,0.06870357401669025,0.17869173280894757,3102.45572265625,9.818685913085938,5.4957750959314104
eid,0.2626,50,0,8,0.3089138218260504,0.13902209900823212,0.04000567592680454,0.13902209900823212,0.06232998952269554,0.17204585030674935,2883.191396484375,11.222540321350097,2.4729307044545807
eid,0.1985,25,0,6,0.30913078655375215,0.1823233402521727,0.05251283533871174,0.1823233402521727,0.08854790028184652,0.20447177708148956,2572.45943359375,8.425111122131348,1.701861575394869
eid,0.3474,25,0,6,0.30921344754132524,0.1824027823125859,0.05215807840228081,0.1824027823125859,0.08436733890324831,0.20394908905029296,2572.594091796875,8.426488609313965,1.7026663071848451
eid,0.4597,400,0,7,0.3092497537195689,0.14727753857040843,0.040902548991143706,0.14727753857040843,0.06034756138920784,0.17017013870179654,2989.58400390625,9.821750068664551,5.493053787290119
ucb,4.3174,400,1,7,0.3096404889014326,0.14781684538339515,0.04057846643030644,0.14781684538339515,0.06573559544980526,0.1219454787671566,3652.93412109375,9.827535400390625,5.455910879509369
ucb,0.8047,400,1,7,0.3098075639875472,0.14790759869456818,0.041508938148617745,0.14790759869456818,0.09449318498373031,0.13809165939688683,3349.102841796875,9.828461074829102,5.474991323244759
ucb,0.1985,400,0,7,0.3100850870057147,0.1480798982006263,0.04202725186944008,0.1480798982006263,0.06315576426684856,0.16158271461725235,3132.9010546875,9.832184219360352,5.5012972012721
eid,0.15,200,1,7,0.31023758459124945,0.15596993973063533,0.04444116741418838,0.15596993973063533,0.06237244300544262,0.1723098012804985,2836.886884765625,9.803440895080566,3.566911215153524
eid,0.6082,50,1,7,0.3104333988297741,0.1617814623941088,0.04637870259582996,0.1617814623941088,0.07906785983592272,0.18137385189533234,2916.4484375,9.826617851257325,2.1629841089163286
ucb,0.15,400,1,8,0.31087166953320333,0.12569541150080693,0.035870383009314534,0.12569541150080693,0.04766883175820112,0.14642175972461702,3289.183564453125,11.229167594909669,6.294064508099109
mass,0.23,400,0,7,0.3110263484567092,0.14904838571569246,0.04184478290379048,0.14904838571569246,0.0654148468002677,0.1685166147351265,3003.974599609375,9.822894439697265,5.494490685254181
niveau,0.1373,200,0,8,0.31118434737944606,0.13491533475055295,0.03770002216100693,0.13491533475055295,0.06552067633718252,0.1343307190388441,3462.440966796875,11.232889060974122,4.067253157223265
ucb,3.2631,400,0,7,0.31150900933061926,0.14969057862789878,0.040815578773617744,0.14969057862789878,0.07836426507681608,0.13984146744012832,3607.16291015625,9.823893013000488,5.454607675680115
eid,0.2626,0,1,8,0.3121576044111929,0.14306605443820172,0.04156192071735859,0.14306605443820172,0.08429124750196934,0.16368613690137862,2956.7613671875,11.258034858703613,2.272887493247787
mass,0.65,400,1,7,0.3121638227126569,0.15029724571428033,0.04176641419529915,0.15029724571428033,0.08712539471685886,0.15050813019275666,3332.435849609375,9.830072288513184,5.466644249594149
eid,0.6082,200,1,8,0.31223244561402014,0.13595055681328488,0.039261940866708755,0.13595055681328488,0.05621671346947551,0.17696464210748672,2999.93099609375,11.213867988586426,4.070472200183818
niveau,0.3133,400,1,7,0.3123169299028042,0.15039013884245148,0.04133325569331646,0.15039013884245148,0.08748521462082863,0.1508815096318722,3340.4848828125,9.824661979675293,5.4816977650881755
eid,7.558,200,0,7,0.3124501710669601,0.15823858718138786,0.04466046966612339,0.15823858718138786,0.06475759983062744,0.17277120530605317,2959.085224609375,9.822294387817383,3.552895971393058
mass,0.41,400,0,6,0.31259395265717255,0.17377438438218282,0.0487340472638607,0.17377438438218282,0.07182162575423717,0.1777898859977722,2941.878271484375,8.423050270080566,4.704892068747431
niveau,0.196,400,0,7,0.3130576632474312,0.15108200279472817,0.04181584782898426,0.15108200279472817,0.05705754704773426,0.16019541040062904,3219.310478515625,9.829267463684083,5.493915113175754
eid,0.1985,0,1,7,0.3131879325600156,0.16524033259868634,0.047862683907151225,0.16524033259868634,0.07639509323984385,0.19637507393956186,2809.509482421875,9.848031120300293,1.9868999903323132
mass,0.11,200,1,8,0.3132990115666438,0.13698386345041785,0.03911554004997015,0.13698386345041785,0.0657029017060995,0.1840689553320408,3063.62556640625,11.216125106811523,4.0787870290565
eid,0.1985,100,0,8,0.3134518621106498,0.14147710556986953,0.03937805760651827,0.14147710556986953,0.06888263683766127,0.17073227629065513,2837.794462890625,11.21602180480957,2.9936891351950665
niveau,0.0787,100,1,8,0.3136074594961837,0.14165205381966975,0.039432208314538,0.14165205381966975,0.05193049568682909,0.15122953817248344,3536.135087890625,11.238843040466309,2.988851419128477
ucb,0.15,400,0,5,0.313678786344395,0.19795120226517654,0.05547554142773151,0.19795120226517654,0.07205139214172959,0.18729390427470208,2717.483623046875,7.014039382934571,3.9318960198046016
mass,0.17,0,0,8,0.313766181209026,0.14478385887303769,0.04090789921581745,0.14478385887303769,0.06996376689523459,0.16469794675707816,3135.2391015625,11.258532180786133,2.245580583997071
mass,0.47,400,1,7,0.3138750659248899,0.15193268989245237,0.04158776096999645,0.15193268989245237,0.06703111849725246,0.16978582680225374,3206.12236328125,9.823275375366212,5.485594008109378
mass,0.95,400,1,7,0.31389231161730125,0.15213928700174273,0.04132843285799027,0.15213928700174273,0.06990768164396285,0.12832147367298602,3661.978232421875,9.83078468322754,5.438256153889622
eid,4.3174,400,0,7,0.3139926562829444,0.15208260990626843,0.04272761717438698,0.15208260990626843,0.09140633691102266,0.16282709777355195,3079.43142578125,9.82274356842041,5.477511594168997
eid,1.4088,0,0,8,0.31424492110958424,0.14519788634745506,0.0413615033403039,0.14519788634745506,0.0823038155771792,0.1633952721953392,3026.812802734375,11.262160568237304,2.2617586905322966
eid,0.3474,200,1,7,0.3145074134819077,0.16026104141007091,0.04578184131532907,0.16026104141007091,0.06771598674356938,0.21842873066663743,2915.555771484375,9.81686466217041,3.5615930179591917
ucb,0.6082,400,1,6,0.31451560764702385,0.17573560717076414,0.04894532449543476,0.17573560717076414,0.06830748803913593,0.17039515525102616,3183.839619140625,8.430253524780273,4.695000119064934
eid,0.8047,0,0,8,0.3149718073792017,0.1459407096470899,0.04109762541949749,0.1459407096470899,0.0804513305425644,0.16994066968560217,3040.656708984375,11.25981388092041,2.2577744330279526
eid,0.8047,400,0,7,0.31506551698168916,0.1530821873610764,0.042989592403173446,0.1530821873610764,0.07344157129526138,0.1874225690960884,2959.672333984375,9.814129753112793,5.495832405153197
eid,0.2626,200,1,8,0.31519034817312075,0.13889365652113075,0.03957704082131386,0.13889365652113075,0.058530777171254156,0.18239761859178544,2977.329521484375,11.212509231567383,4.074172912997504
mass,0.29,200,1,6,0.3152641729293725,0.1830505739061123,0.05187483750283718,0.1830505739061123,0.10115062437951565,0.18446846231818198,2789.517431640625,8.41733829498291,3.0533997558150445
niveau,0.196,200,1,9,0.315616212571511,0.11733011350038086,0.03265860244631767,0.11733011350038086,0.05508349597454071,0.12529103465378286,3569.75296875,12.63621711730957,4.571524767782539
ucb,0.2626,400,0,8,0.31566149151205447,0.13049540151046635,0.03656907491385937,0.13049540151046635,0.06521298374980689,0.13969974353909492,3295.803388671875,11.23294952392578,6.291522500397016
mass,0.53,400,1,8,0.3157731824606862,0.13080205531340894,0.03700865507125854,0.13080205531340894,0.06682652525603772,0.1406048358976841,3336.752177734375,11.232406578063966,6.2427817868193
niveau,0.0787,200,0,6,0.31612186545823784,0.18393066860697316,0.05064693257212639,0.18393066860697316,0.0714423811621964,0.17984530732035636,3007.585078125,8.426550102233886,3.0477992128161713
niveau,0.02,25,1,8,0.31613044409977753,0.14698269520451487,0.04061286315321922,0.14698269520451487,0.08226499028503895,0.13131210908293725,3485.836787109375,11.24992504119873,2.2869372238156696
niveau,0.372,400,1,8,0.31613619101028456,0.13111712145607488,0.03622324701398611,0.13111712145607488,0.05269650097936392,0.12996019348502158,3560.6337109375,11.228158340454101,6.254767388552427
mass,0.41,25,1,9,0.3162288715876174,0.12600063724007465,0.03613184154033661,0.12600063724007465,0.06501043008640409,0.13144454814493656,3350.90185546875,12.651260299682617,2.557058586885687
eid,0.8047,200,1,7,0.3163143636843537,0.16206677733025884,0.04662435457110405,0.16206677733025884,0.1067347701638937,0.1920315733551979,2863.2394921875,9.813677024841308,3.561896588523717
eid,1.864,200,1,7,0.31661853975424126,0.1623915655373989,0.04610992088913918,0.1623915655373989,0.08284990441054106,0.18268595963716508,2869.12953125,9.812922019958496,3.556743554210601
ucb,10.0,400,1,7,0.31688038688951886,0.15510894583282778,0.042081805691123006,0.15510894583282778,0.07340244844555854,0.13008219063282012,3663.56544921875,9.824493522644042,5.442860264172778
ucb,0.2626,400,1,8,0.3169165144171169,0.1317845824598124,0.037080648988485336,0.1317845824598124,0.05190461032092571,0.15202068910002708,3332.743447265625,11.231640510559082,6.282982989326119
mass,0.11,400,1,8,0.31719758735921794,0.13203773258136522,0.03716846026480198,0.13203773258136522,0.06762085720896721,0.16384767308831216,3147.40884765625,11.210459251403808,6.289963694463173
ucb,0.3474,400,1,7,0.31720884749418804,0.15522679931696873,0.04288792297244072,0.15522679931696873,0.06953273519873619,0.1566370379924774,3249.57365234375,9.832539939880371,5.495512044304828
ucb,5.7123,400,0,7,0.31730515425104083,0.15552423035988328,0.04179637268185615,0.15552423035988328,0.06668318279087543,0.12930979497730732,3652.403583984375,9.825082359313965,5.445230972789384
niveau,0.0787,0,1,8,0.3178609466162493,0.14882006993687852,0.041274011954665187,0.14882006993687852,0.07318209432065487,0.13263388983905317,3632.781826171875,11.281151313781738,2.2602191698427
eid,10.0,400,0,7,0.31788717201437366,0.15593694227410665,0.04323748044669628,0.15593694227410665,0.07613802805542946,0.16095761448144913,3103.7355859375,9.82153263092041,5.4875574350667495
eid,0.6082,0,0,8,0.31820316444658153,0.14921419701402797,0.04282182551920414,0.14921419701402797,0.10215059742331505,0.16396999083459377,2945.62978515625,11.258839302062988,2.247241858138392
mass,0.05,400,0,8,0.31845038383717805,0.13325880566262172,0.03808757033199072,0.13325880566262172,0.07088295605033636,0.1689566871523857,3054.191103515625,11.217855949401855,6.297894543639073
niveau,0.02,50,0,8,0.31866074553580864,0.14866547753815137,0.04103101335465908,0.14866547753815137,0.07873774141073227,0.15217756107449532,3388.898359375,11.248416137695312,2.4988169994143146
eid,0.1985,50,1,8,0.3188172249789199,0.14897432665210572,0.04307769779115915,0.14897432665210572,0.07313736755400896,0.18969835221767425,2886.286953125,11.22620677947998,2.4607245817035435
eid,3.2631,400,0,7,0.3189943386023367,0.15702506183407888,0.043524986281991,0.15702506183407888,0.07397614762187005,0.16894275724887847,3052.5556640625,9.820514640808106,5.49231919206446
mass,0.17,400,1,8,0.31949516887547114,0.13433028498305913,0.0379075513035059,0.13433028498305913,0.06269215784966946,0.15487606175243854,3170.827783203125,11.219850769042969,6.291220973102996
mass,0.41,400,1,7,0.31982051175996395,0.1578840141099106,0.043960538879036906,0.1578840141099106,0.07293859243392944,0.1618556198477745,3139.55060546875,9.832386360168456,5.484124412513339
mass,0.29,400,1,8,0.3199724899065531,0.13482293522621555,0.03750669591128826,0.13482293522621555,0.07673647936433553,0.14402939163148404,3322.48833984375,11.226986045837402,6.287388670084377
ucb,10.0,400,0,7,0.3204439483772333,0.15868455518054683,0.042644735351204874,0.15868455518054683,0.06819211103022099,0.13535617262125016,3614.432451171875,9.820976142883302,5.43984829917162
eid,2.4662,400,0,8,0.3207684169573155,0.1356729044873334,0.038062389791011814,0.1356729044873334,0.0691289560124278,0.15520856276154518,3258.200234375,11.223678398132325,6.273878117495526
mass,0.11,0,1,8,0.3207839659992475,0.15200601889236456,0.04262841127812862,0.15200601889236456,0.07955327823758125,0.16323967948555945,3088.00375,11.25763973236084,2.1944867767207326
eid,0.8047,400,1,8,0.32086603356961924,0.13574906103044268,0.03831176735460758,0.13574906103044268,0.07478816078975797,0.17015852175652982,3123.80822265625,11.220834007263184,6.279243134794136
mass,0.59,400,1,7,0.3219871662720778,0.1600828661505059,0.04521439552307129,0.1600828661505059,0.07761720146983862,0.1509952623397112,3309.01712890625,9.829372482299805,5.476075030392969
mass,0.05,25,1,7,0.32202606620738444,0.1739147528422609,0.050264214277267454,0.1739147528422609,0.07446708973497153,0.18544165045022964,2731.3369140625,9.821163368225097,2.0278283412808866
mass,0.17,400,0,8,0.3227382757658044,0.1375774640861431,0.038345602490007874,0.1375774640861431,0.05676302094012499,0.16808339312672615,3137.21244140625,11.22007724761963,6.290202919915318
eid,3.2631,400,1,9,0.32363805939245194,0.11543257202807972,0.03185427285730839,0.11543257202807972,0.06131457030773163,0.1491988790780306,3296.68107421875,12.62136344909668,7.05137184109306
eid,0.15,25,0,8,0.3239867668321621,0.15494201950000147,0.044670216776430606,0.15494201950000147,0.07561131194233894,0.1819853028655052,2755.2971875,11.223578758239746,2.261186833040168
eid,1.4088,400,1,7,0.32418034022001074,0.1622015839905679,0.04559090495109558,0.1622015839905679,0.0610791115835309,0.17399475142359733,3047.90642578125,9.817807998657226,5.494689057360714
eid,1.0648,400,0,7,0.32524483203262267,0.1632981908793672,0.046622303910553456,0.1632981908793672,0.08471820320934058,0.17210422322154045,2959.359912109375,9.815782127380372,5.48666028831387
mass,0.23,400,1,7,0.325674796879848,0.16365372440307172,0.04599687606096268,0.16365372440307172,0.07547409921884536,0.17978034168481827,3100.945927734375,9.81907543182373,5.5052681191940795
niveau,0.02,100,0,7,0.3262716672545418,0.17581729231012624,0.0495514576882124,0.17581729231012624,0.09355339225381613,0.16694170460104943,3159.391025390625,9.829135322570801,2.6135937361038915
eid,7.558,400,1,8,0.32662166454456415,0.14154885121901495,0.03931457497179508,0.14154885121901495,0.08111115645617246,0.16231405451893807,3205.709326171875,11.216707801818847,6.268203331387292
eid,0.15,100,1,8,0.3267114841834128,0.15477907075538436,0.04474558256566524,0.15477907075538436,0.07554180091246962,0.18156397387385367,2880.202294921875,11.206435928344726,2.9831033570071064
eid,1.0648,400,1,9,0.3277586000955862,0.11949183557621326,0.03351006966084242,0.11949183557621326,0.06325135752558708,0.14740792527794838,3277.3248046875,12.622771911621093,7.066691129843239
eid,0.4597,400,1,8,0.3281630338432645,0.14301031687709245,0.040987672805786135,0.14301031687709245,0.07193297754973173,0.17553301960229872,3081.414521484375,11.22209560394287,6.288179241543014
niveau,0.1373,400,1,7,0.32841533912271414,0.16646705509674883,0.046425882801413534,0.16646705509674883,0.08397738426923752,0.16477171406149865,3217.840498046875,9.830957984924316,5.487071006491315
eid,0.1985,400,1,8,0.3288316414840041,0.14369362725583398,0.040760566741228105,0.14369362725583398,0.07398756578564644,0.16433297574520112,3008.42556640625,11.213054237365723,6.2845035570425285
eid,4.3174,400,1,8,0.3289513663156364,0.14390056791973943,0.04052650064229965,0.14390056791973943,0.07702802125364543,0.16281772188842297,3207.22837890625,11.221395759582519,6.262699598974238
eid,10.0,400,1,8,0.3298341897911047,0.1447476813020522,0.04014275893568993,0.1447476813020522,0.06767928279936314,0.15087410032749177,3299.54548828125,11.220084114074707,6.271627122263114
niveau,0.02,400,0,6,0.33109978800844564,0.19230827309942033,0.05420772798359394,0.19230827309942033,0.08330456472933292,0.19746379643678666,2882.280888671875,8.429535026550292,4.69787872725632
eid,2.4662,400,1,7,0.33153658305679246,0.1695845459891649,0.047321326285600665,0.1695845459891649,0.09029332712292672,0.20121827900409697,3059.493896484375,9.81769317626953,5.488009266906884
eid,0.2626,400,0,8,0.3323537522608223,0.147234740445334,0.04233000088483095,0.147234740445334,0.07210576504468919,0.18841096423566342,2955.338623046875,11.209214935302734,6.279752953872085
eid,0.3474,400,0,8,0.33324350222256255,0.1481024534037607,0.04182517774403095,0.1481024534037607,0.07315455619245767,0.16568063259124755,2975.95689453125,11.210530128479004,6.28526220470046
niveau,0.02,0,1,7,0.3337898933786949,0.18603735185525883,0.050400350093841556,0.18603735185525883,0.08182870112359523,0.16007744520902634,3461.44216796875,9.874208145141601,1.938135380859021
eid,0.6082,400,1,8,0.33391363925633644,0.14881520871033585,0.041682258695363995,0.14881520871033585,0.07494446855038404,0.16995193496346472,3139.055,11.220767936706544,6.27460763650015
eid,0.3474,400,1,8,0.335005894063252,0.14985604447847878,0.04218400478363037,0.14985604447847878,0.07794703975319862,0.16941078051924705,2972.778154296875,11.221758499145508,6.287462396193296
eid,0.15,400,1,6,0.3363911086118648,0.19754894420603833,0.055275820344686505,0.19754894420603833,0.09300192775204778,0.21194758877158165,2616.99880859375,8.40988166809082,4.71054110145662
niveau,0.196,400,1,8,0.3371717883786405,0.15204841432202307,0.042837077602744106,0.15204841432202307,0.06497791439294814,0.16540195301175117,3361.766259765625,11.228009109497071,6.2808435141543555
niveau,0.02,200,0,7,0.3372539147825264,0.18301002909978586,0.05114310570061207,0.18301002909978586,0.07827282294631005,0.1801935140788555,3146.945615234375,9.83161304473877,3.56097142068514
niveau,0.02,100,1,9,0.33825754452429085,0.14481366039201918,0.03979753352701664,0.14481366039201918,0.07365414671599865,0.1402413421869278,3563.3150390625,12.640539970397949,3.3609710330679086
niveau,0.0787,400,0,7,0.33854545771616745,0.1766088985815792,0.049975681528449056,0.1766088985815792,0.11094915211200714,0.18135857507586478,3079.91068359375,9.8314937210083,5.484139783647067
niveau,0.1373,400,0,7,0.3390139817780051,0.17705914139474555,0.050194697231054304,0.17705914139474555,0.08179285444319248,0.16498675137758256,3217.1987890625,9.828812980651856,5.488710095814895
niveau,0.02,0,0,6,0.339494679652972,0.21294277079883758,0.05977936804294586,0.21294277079883758,0.08458173520863056,0.18502576321363448,3083.18736328125,8.464302253723144,1.6379772135335953
niveau,0.1373,200,1,9,0.3397329970633342,0.1414487733362253,0.04060871683061123,0.1414487733362253,0.07046760261058807,0.1250094100087881,3499.950234375,12.630187377929687,4.571055931777228
niveau,0.02,400,1,7,0.3402321698242033,0.1782744763258296,0.04903163716197014,0.1782744763258296,0.09229347061365843,0.16970175720751285,3115.0991796875,9.83666389465332,5.489423374593413
niveau,0.0787,200,1,10,0.3408811886047373,0.12056113609827308,0.03366272814571857,0.12056113609827308,0.07285328138619661,0.10528076142072677,3628.28587890625,14.040482177734376,5.0800131266160555
mass,0.05,400,1,9,0.3442715256365544,0.13599101201254565,0.03871245130896568,0.13599101201254565,0.07607757933437824,0.1753666852414608,3140.05568359375,12.621629638671875,7.070128406002187
eid,0.2626,400,1,8,0.34614360038164543,0.16101711660477808,0.04506757453083992,0.16101711660477808,0.06983598064631223,0.18550372190773487,2958.545400390625,11.214554901123046,6.281620944216847
niveau,0.02,200,1,7,0.34789145522902276,0.19367174599719722,0.05308472365140915,0.19367174599719722,0.10519885662943125,0.1803046290576458,3084.02080078125,9.828048248291015,3.5549273079563863
niveau,0.02,50,1,8,0.35112602685370786,0.181311893536287,0.05062078647315502,0.181311893536287,0.10953281700611114,0.1561969467997551,3294.06134765625,11.244900779724121,2.45353332935522
niveau,0.0787,400,1,9,0.35462244178878927,0.14636494708513692,0.04101127810776234,0.14636494708513692,0.06965956531465053,0.13476042427122592,3513.08275390625,12.636244850158691,7.064373675913084
