==============================================================================
3D-Auswertung "nooffset200_ep0300"   2026-09-14 15:34
Ziel: C:\Users\Philipp\Documents\Uni\Master_Thesis\Master_thesis_ergodic_learning\3D_ergodic_learning\auswertungen\nooffset200_ep0300
==============================================================================

$ C:\Users\Philipp\Documents\Uni\Master_Thesis\Master_thesis_ergodic_learning\.venv\Scripts\python.exe C:\Users\Philipp\Documents\Uni\Master_Thesis\Master_thesis_ergodic_learning\3D_ergodic_learning\render_3d_snapshots.py --in_dir C:\Users\Philipp\Documents\Uni\Master_Thesis\Master_thesis_ergodic_learning\3D_ergodic_learning\auswertungen\nooffset200_ep0300 --out_dir C:\Users\Philipp\Documents\Uni\Master_Thesis\Master_thesis_ergodic_learning\3D_ergodic_learning\auswertungen\nooffset200_ep0300\bilder --html

Snapshots:   0%|          | 0/250 [00:00<?, ?scene/s]C:\Users\Philipp\Documents\Uni\Master_Thesis\Master_thesis_ergodic_learning\3D_ergodic_learning\render_3d_snapshots.py:219: DeprecationWarning: 
Support for the 'engine' argument is deprecated and will be removed after September 2025.
Kaleido will be the only supported engine at that time.

  fig.write_image(png_path, engine='kaleido')

Snapshots:   0%|          | 1/250 [00:05<21:20,  5.14s/scene], ebene_flach/AC:\Users\Philipp\Documents\Uni\Master_Thesis\Master_thesis_ergodic_learning\3D_ergodic_learning\render_3d_snapshots.py:219: DeprecationWarning: 
Support for the 'engine' argument is deprecated and will be removed after September 2025.
Kaleido will be the only supported engine at that time.

  fig.write_image(png_path, engine='kaleido')

Snapshots:   1%|          | 2/250 [00:08<16:06,  3.90s/scene], ebene_gekippt/AC:\Users\Philipp\Documents\Uni\Master_Thesis\Master_thesis_ergodic_learning\3D_ergodic_learning\render_3d_snapshots.py:219: DeprecationWarning: 
Support for the 'engine' argument is deprecated and will be removed after September 2025.
Kaleido will be the only supported engine at that time.

  fig.write_image(png_path, engine='kaleido')

Snapshots:   1%|          | 3/250 [00:11<14:14,  3.46s/scene], ebene_diagonal/AC:\Users\Philipp\Documents\Uni\Master_Thesis\Master_thesis_ergodic_learning\3D_ergodic_learning\render_3d_snapshots.py:219: DeprecationWarning: 
Support for the 'engine' argument is deprecated and will be removed after September 2025.
Kaleido will be the only supported engine at that time.

  fig.write_image(png_path, engine='kaleido')

Snapshots:   2%|▏         | 4/250 [00:14<13:28,  3.29s/scene], kugel/A         C:\Users\Philipp\Documents\Uni\Master_Thesis\Master_thesis_ergodic_learning\3D_ergodic_learning\render_3d_snapshots.py:219: DeprecationWarning: 
Support for the 'engine' argument is deprecated and will be removed after September 2025.
Kaleido will be the only supported engine at that time.

  fig.write_image(png_path, engine='kaleido')

Snapshots:   2%|▏         | 5/250 [00:17<12:55,  3.17s/scene], wuerfel/AC:\Users\Philipp\Documents\Uni\Master_Thesis\Master_thesis_ergodic_learning\3D_ergodic_learning\render_3d_snapshots.py:219: DeprecationWarning: 
Support for the 'engine' argument is deprecated and will be removed after September 2025.
Kaleido will be the only supported engine at that time.

  fig.write_image(png_path, engine='kaleido')

Snapshots:   2%|▏         | 6/250 [00:20<12:37,  3.11s/scene], ei/A     C:\Users\Philipp\Documents\Uni\Master_Thesis\Master_thesis_ergodic_learning\3D_ergodic_learning\render_3d_snapshots.py:219: DeprecationWarning: 
Support for the 'engine' argument is deprecated and will be removed after September 2025.
Kaleido will be the only supported engine at that time.

  fig.write_image(png_path, engine='kaleido')

Snapshots:   3%|▎         | 7/250 [00:23<12:28,  3.08s/scene], bunny/AC:\Users\Philipp\Documents\Uni\Master_Thesis\Master_thesis_ergodic_learning\3D_ergodic_learning\render_3d_snapshots.py:219: DeprecationWarning: 
Support for the 'engine' argument is deprecated and will be removed after September 2025.
Kaleido will be the only supported engine at that time.

  fig.write_image(png_path, engine='kaleido')

Snapshots:   3%|▎         | 8/250 [00:26<12:19,  3.06s/scene], prisma/AC:\Users\Philipp\Documents\Uni\Master_Thesis\Master_thesis_ergodic_learning\3D_ergodic_learning\render_3d_snapshots.py:219: DeprecationWarning: 
Support for the 'engine' argument is deprecated and will be removed after September 2025.
Kaleido will be the only supported engine at that time.

  fig.write_image(png_path, engine='kaleido')

Snapshots:   4%|▎         | 9/250 [00:29<12:20,  3.07s/scene], kegel/A C:\Users\Philipp\Documents\Uni\Master_Thesis\Master_thesis_ergodic_learning\3D_ergodic_learning\render_3d_snapshots.py:219: DeprecationWarning: 
Support for the 'engine' argument is deprecated and will be removed after September 2025.
Kaleido will be the only supported engine at that time.

  fig.write_image(png_path, engine='kaleido')

Snapshots:   4%|▍         | 10/250 [00:32<12:18,  3.08s/scene], torus/AC:\Users\Philipp\Documents\Uni\Master_Thesis\Master_thesis_ergodic_learning\3D_ergodic_learning\render_3d_snapshots.py:219: DeprecationWarning: 
Support for the 'engine' argument is deprecated and will be removed after September 2025.
Kaleido will be the only supported engine at that time.

  fig.write_image(png_path, engine='kaleido')

Snapshots:   4%|▍         | 11/250 [00:35<12:07,  3.05s/scene], ebene_flach/greek_upper_0C:\Users\Philipp\Documents\Uni\Master_Thesis\Master_thesis_ergodic_learning\3D_ergodic_learning\render_3d_snapshots.py:219: DeprecationWarning: 
Support for the 'engine' argument is deprecated and will be removed after September 2025.
Kaleido will be the only supported engine at that time.

  fig.write_image(png_path, engine='kaleido')

Snapshots:   5%|▍         | 12/250 [00:38<12:02,  3.04s/scene], ebene_gekippt/greek_upper_0C:\Users\Philipp\Documents\Uni\Master_Thesis\Master_thesis_ergodic_learning\3D_ergodic_learning\render_3d_snapshots.py:219: DeprecationWarning: 
Support for the 'engine' argument is deprecated and will be removed after September 2025.
Kaleido will be the only supported engine at that time.

  fig.write_image(png_path, engine='kaleido')

Snapshots:   5%|▌         | 13/250 [00:41<11:58,  3.03s/scene], ebene_diagonal/greek_upper_0C:\Users\Philipp\Documents\Uni\Master_Thesis\Master_thesis_ergodic_learning\3D_ergodic_learning\render_3d_snapshots.py:219: DeprecationWarning: 
Support for the 'engine' argument is deprecated and will be removed after September 2025.
Kaleido will be the only supported engine at that time.

  fig.write_image(png_path, engine='kaleido')

Snapshots:   6%|▌         | 14/250 [00:44<12:02,  3.06s/scene], kugel/greek_upper_0         C:\Users\Philipp\Documents\Uni\Master_Thesis\Master_thesis_ergodic_learning\3D_ergodic_learning\render_3d_snapshots.py:219: DeprecationWarning: 
Support for the 'engine' argument is deprecated and will be removed after September 2025.
Kaleido will be the only supported engine at that time.

  fig.write_image(png_path, engine='kaleido')

Snapshots:   6%|▌         | 15/250 [00:48<12:46,  3.26s/scene], wuerfel/greek_upper_0C:\Users\Philipp\Documents\Uni\Master_Thesis\Master_thesis_ergodic_learning\3D_ergodic_learning\render_3d_snapshots.py:219: DeprecationWarning: 
Support for the 'engine' argument is deprecated and will be removed after September 2025.
Kaleido will be the only supported engine at that time.

  fig.write_image(png_path, engine='kaleido')

Snapshots:   6%|▋         | 16/250 [00:53<14:44,  3.78s/scene], ei/greek_upper_0     C:\Users\Philipp\Documents\Uni\Master_Thesis\Master_thesis_ergodic_learning\3D_ergodic_learning\render_3d_snapshots.py:219: DeprecationWarning: 
Support for the 'engine' argument is deprecated and will be removed after September 2025.
Kaleido will be the only supported engine at that time.

  fig.write_image(png_path, engine='kaleido')

Snapshots:   7%|▋         | 17/250 [00:57<15:47,  4.07s/scene], bunny/greek_upper_0C:\Users\Philipp\Documents\Uni\Master_Thesis\Master_thesis_ergodic_learning\3D_ergodic_learning\render_3d_snapshots.py:219: DeprecationWarning: 
Support for the 'engine' argument is deprecated and will be removed after September 2025.
Kaleido will be the only supported engine at that time.

  fig.write_image(png_path, engine='kaleido')

Snapshots:   7%|▋         | 18/250 [01:01<15:32,  4.02s/scene], prisma/greek_upper_0C:\Users\Philipp\Documents\Uni\Master_Thesis\Master_thesis_ergodic_learning\3D_ergodic_learning\render_3d_snapshots.py:219: DeprecationWarning: 
Support for the 'engine' argument is deprecated and will be removed after September 2025.
Kaleido will be the only supported engine at that time.

  fig.write_image(png_path, engine='kaleido')

Snapshots:   8%|▊         | 19/250 [01:04<14:11,  3.69s/scene], kegel/greek_upper_0 C:\Users\Philipp\Documents\Uni\Master_Thesis\Master_thesis_ergodic_learning\3D_ergodic_learning\render_3d_snapshots.py:219: DeprecationWarning: 
Support for the 'engine' argument is deprecated and will be removed after September 2025.
Kaleido will be the only supported engine at that time.

  fig.write_image(png_path, engine='kaleido')

Snapshots:   8%|▊         | 20/250 [01:07<13:15,  3.46s/scene], torus/greek_upper_0C:\Users\Philipp\Documents\Uni\Master_Thesis\Master_thesis_ergodic_learning\3D_ergodic_learning\render_3d_snapshots.py:219: DeprecationWarning: 
Support for the 'engine' argument is deprecated and will be removed after September 2025.
Kaleido will be the only supported engine at that time.

  fig.write_image(png_path, engine='kaleido')

Snapshots:   8%|▊         | 21/250 [01:10<12:39,  3.32s/scene], ebene_flach/korean_5C:\Users\Philipp\Documents\Uni\Master_Thesis\Master_thesis_ergodic_learning\3D_ergodic_learning\render_3d_snapshots.py:219: DeprecationWarning: 
Support for the 'engine' argument is deprecated and will be removed after September 2025.
Kaleido will be the only supported engine at that time.

  fig.write_image(png_path, engine='kaleido')

Snapshots:   9%|▉         | 22/250 [01:13<12:08,  3.19s/scene], ebene_gekippt/korean_5C:\Users\Philipp\Documents\Uni\Master_Thesis\Master_thesis_ergodic_learning\3D_ergodic_learning\render_3d_snapshots.py:219: DeprecationWarning: 
Support for the 'engine' argument is deprecated and will be removed after September 2025.
Kaleido will be the only supported engine at that time.

  fig.write_image(png_path, engine='kaleido')

Snapshots:   9%|▉         | 23/250 [01:16<11:46,  3.11s/scene], ebene_diagonal/korean_5C:\Users\Philipp\Documents\Uni\Master_Thesis\Master_thesis_ergodic_learning\3D_ergodic_learning\render_3d_snapshots.py:219: DeprecationWarning: 
Support for the 'engine' argument is deprecated and will be removed after September 2025.
Kaleido will be the only supported engine at that time.

  fig.write_image(png_path, engine='kaleido')

Snapshots:  10%|▉         | 24/250 [01:19<11:29,  3.05s/scene], kugel/korean_5         C:\Users\Philipp\Documents\Uni\Master_Thesis\Master_thesis_ergodic_learning\3D_ergodic_learning\render_3d_snapshots.py:219: DeprecationWarning: 
Support for the 'engine' argument is deprecated and will be removed after September 2025.
Kaleido will be the only supported engine at that time.

  fig.write_image(png_path, engine='kaleido')

Snapshots:  10%|█         | 25/250 [01:22<11:16,  3.01s/scene], wuerfel/korean_5C:\Users\Philipp\Documents\Uni\Master_Thesis\Master_thesis_ergodic_learning\3D_ergodic_learning\render_3d_snapshots.py:219: DeprecationWarning: 
Support for the 'engine' argument is deprecated and will be removed after September 2025.
Kaleido will be the only supported engine at that time.

  fig.write_image(png_path, engine='kaleido')

Snapshots:  10%|█         | 26/250 [01:25<11:06,  2.98s/scene], ei/korean_5     C:\Users\Philipp\Documents\Uni\Master_Thesis\Master_thesis_ergodic_learning\3D_ergodic_learning\render_3d_snapshots.py:219: DeprecationWarning: 
Support for the 'engine' argument is deprecated and will be removed after September 2025.
Kaleido will be the only supported engine at that time.

  fig.write_image(png_path, engine='kaleido')

Snapshots:  11%|█         | 27/250 [01:28<11:04,  2.98s/scene], bunny/korean_5C:\Users\Philipp\Documents\Uni\Master_Thesis\Master_thesis_ergodic_learning\3D_ergodic_learning\render_3d_snapshots.py:219: DeprecationWarning: 
Support for the 'engine' argument is deprecated and will be removed after September 2025.
Kaleido will be the only supported engine at that time.

  fig.write_image(png_path, engine='kaleido')

Snapshots:  11%|█         | 28/250 [01:31<11:02,  2.98s/scene], prisma/korean_5C:\Users\Philipp\Documents\Uni\Master_Thesis\Master_thesis_ergodic_learning\3D_ergodic_learning\render_3d_snapshots.py:219: DeprecationWarning: 
Support for the 'engine' argument is deprecated and will be removed after September 2025.
Kaleido will be the only supported engine at that time.

  fig.write_image(png_path, engine='kaleido')

Snapshots:  12%|█▏        | 29/250 [01:34<10:53,  2.96s/scene], kegel/korean_5 C:\Users\Philipp\Documents\Uni\Master_Thesis\Master_thesis_ergodic_learning\3D_ergodic_learning\render_3d_snapshots.py:219: DeprecationWarning: 
Support for the 'engine' argument is deprecated and will be removed after September 2025.
Kaleido will be the only supported engine at that time.

  fig.write_image(png_path, engine='kaleido')

Snapshots:  12%|█▏        | 30/250 [01:36<10:49,  2.95s/scene], torus/korean_5C:\Users\Philipp\Documents\Uni\Master_Thesis\Master_thesis_ergodic_learning\3D_ergodic_learning\render_3d_snapshots.py:219: DeprecationWarning: 
Support for the 'engine' argument is deprecated and will be removed after September 2025.
Kaleido will be the only supported engine at that time.

  fig.write_image(png_path, engine='kaleido')

Snapshots:  12%|█▏        | 31/250 [01:39<10:43,  2.94s/scene], ebene_flach/digit_5C:\Users\Philipp\Documents\Uni\Master_Thesis\Master_thesis_ergodic_learning\3D_ergodic_learning\render_3d_snapshots.py:219: DeprecationWarning: 
Support for the 'engine' argument is deprecated and will be removed after September 2025.
Kaleido will be the only supported engine at that time.

  fig.write_image(png_path, engine='kaleido')

Snapshots:  13%|█▎        | 32/250 [01:42<10:38,  2.93s/scene], ebene_gekippt/digit_5C:\Users\Philipp\Documents\Uni\Master_Thesis\Master_thesis_ergodic_learning\3D_ergodic_learning\render_3d_snapshots.py:219: DeprecationWarning: 
Support for the 'engine' argument is deprecated and will be removed after September 2025.
Kaleido will be the only supported engine at that time.

  fig.write_image(png_path, engine='kaleido')

Snapshots:  13%|█▎        | 33/250 [01:45<10:34,  2.92s/scene], ebene_diagonal/digit_5C:\Users\Philipp\Documents\Uni\Master_Thesis\Master_thesis_ergodic_learning\3D_ergodic_learning\render_3d_snapshots.py:219: DeprecationWarning: 
Support for the 'engine' argument is deprecated and will be removed after September 2025.
Kaleido will be the only supported engine at that time.

  fig.write_image(png_path, engine='kaleido')

Snapshots:  14%|█▎        | 34/250 [01:48<10:31,  2.92s/scene], kugel/digit_5         C:\Users\Philipp\Documents\Uni\Master_Thesis\Master_thesis_ergodic_learning\3D_ergodic_learning\render_3d_snapshots.py:219: DeprecationWarning: 
Support for the 'engine' argument is deprecated and will be removed after September 2025.
Kaleido will be the only supported engine at that time.

  fig.write_image(png_path, engine='kaleido')

Snapshots:  14%|█▍        | 35/250 [01:51<10:28,  2.93s/scene], wuerfel/digit_5C:\Users\Philipp\Documents\Uni\Master_Thesis\Master_thesis_ergodic_learning\3D_ergodic_learning\render_3d_snapshots.py:219: DeprecationWarning: 
Support for the 'engine' argument is deprecated and will be removed after September 2025.
Kaleido will be the only supported engine at that time.

  fig.write_image(png_path, engine='kaleido')

Snapshots:  14%|█▍        | 36/250 [01:54<10:24,  2.92s/scene], ei/digit_5     C:\Users\Philipp\Documents\Uni\Master_Thesis\Master_thesis_ergodic_learning\3D_ergodic_learning\render_3d_snapshots.py:219: DeprecationWarning: 
Support for the 'engine' argument is deprecated and will be removed after September 2025.
Kaleido will be the only supported engine at that time.

  fig.write_image(png_path, engine='kaleido')

Snapshots:  15%|█▍        | 37/250 [01:57<10:20,  2.91s/scene], bunny/digit_5C:\Users\Philipp\Documents\Uni\Master_Thesis\Master_thesis_ergodic_learning\3D_ergodic_learning\render_3d_snapshots.py:219: DeprecationWarning: 
Support for the 'engine' argument is deprecated and will be removed after September 2025.
Kaleido will be the only supported engine at that time.

  fig.write_image(png_path, engine='kaleido')

Snapshots:  15%|█▌        | 38/250 [02:00<10:20,  2.93s/scene], prisma/digit_5C:\Users\Philipp\Documents\Uni\Master_Thesis\Master_thesis_ergodic_learning\3D_ergodic_learning\render_3d_snapshots.py:219: DeprecationWarning: 
Support for the 'engine' argument is deprecated and will be removed after September 2025.
Kaleido will be the only supported engine at that time.

  fig.write_image(png_path, engine='kaleido')

Snapshots:  16%|█▌        | 39/250 [02:03<10:26,  2.97s/scene], kegel/digit_5 C:\Users\Philipp\Documents\Uni\Master_Thesis\Master_thesis_ergodic_learning\3D_ergodic_learning\render_3d_snapshots.py:219: DeprecationWarning: 
Support for the 'engine' argument is deprecated and will be removed after September 2025.
Kaleido will be the only supported engine at that time.

  fig.write_image(png_path, engine='kaleido')

Snapshots:  16%|█▌        | 40/250 [02:06<10:21,  2.96s/scene], torus/digit_5C:\Users\Philipp\Documents\Uni\Master_Thesis\Master_thesis_ergodic_learning\3D_ergodic_learning\render_3d_snapshots.py:219: DeprecationWarning: 
Support for the 'engine' argument is deprecated and will be removed after September 2025.
Kaleido will be the only supported engine at that time.

  fig.write_image(png_path, engine='kaleido')

Snapshots:  16%|█▋        | 41/250 [02:09<10:21,  2.97s/scene], ebene_flach/a_lcC:\Users\Philipp\Documents\Uni\Master_Thesis\Master_thesis_ergodic_learning\3D_ergodic_learning\render_3d_snapshots.py:219: DeprecationWarning: 
Support for the 'engine' argument is deprecated and will be removed after September 2025.
Kaleido will be the only supported engine at that time.

  fig.write_image(png_path, engine='kaleido')

Snapshots:  17%|█▋        | 42/250 [02:12<10:12,  2.94s/scene], ebene_gekippt/a_lcC:\Users\Philipp\Documents\Uni\Master_Thesis\Master_thesis_ergodic_learning\3D_ergodic_learning\render_3d_snapshots.py:219: DeprecationWarning: 
Support for the 'engine' argument is deprecated and will be removed after September 2025.
Kaleido will be the only supported engine at that time.

  fig.write_image(png_path, engine='kaleido')

Snapshots:  17%|█▋        | 43/250 [02:15<10:10,  2.95s/scene], ebene_diagonal/a_lcC:\Users\Philipp\Documents\Uni\Master_Thesis\Master_thesis_ergodic_learning\3D_ergodic_learning\render_3d_snapshots.py:219: DeprecationWarning: 
Support for the 'engine' argument is deprecated and will be removed after September 2025.
Kaleido will be the only supported engine at that time.

  fig.write_image(png_path, engine='kaleido')

Snapshots:  18%|█▊        | 44/250 [02:18<10:07,  2.95s/scene], kugel/a_lc         C:\Users\Philipp\Documents\Uni\Master_Thesis\Master_thesis_ergodic_learning\3D_ergodic_learning\render_3d_snapshots.py:219: DeprecationWarning: 
Support for the 'engine' argument is deprecated and will be removed after September 2025.
Kaleido will be the only supported engine at that time.

  fig.write_image(png_path, engine='kaleido')

Snapshots:  18%|█▊        | 45/250 [02:21<10:06,  2.96s/scene], wuerfel/a_lcC:\Users\Philipp\Documents\Uni\Master_Thesis\Master_thesis_ergodic_learning\3D_ergodic_learning\render_3d_snapshots.py:219: DeprecationWarning: 
Support for the 'engine' argument is deprecated and will be removed after September 2025.
Kaleido will be the only supported engine at that time.

  fig.write_image(png_path, engine='kaleido')

Snapshots:  18%|█▊        | 46/250 [02:24<10:01,  2.95s/scene], ei/a_lc     C:\Users\Philipp\Documents\Uni\Master_Thesis\Master_thesis_ergodic_learning\3D_ergodic_learning\render_3d_snapshots.py:219: DeprecationWarning: 
Support for the 'engine' argument is deprecated and will be removed after September 2025.
Kaleido will be the only supported engine at that time.

  fig.write_image(png_path, engine='kaleido')

Snapshots:  19%|█▉        | 47/250 [02:26<10:00,  2.96s/scene], bunny/a_lcC:\Users\Philipp\Documents\Uni\Master_Thesis\Master_thesis_ergodic_learning\3D_ergodic_learning\render_3d_snapshots.py:219: DeprecationWarning: 
Support for the 'engine' argument is deprecated and will be removed after September 2025.
Kaleido will be the only supported engine at that time.

  fig.write_image(png_path, engine='kaleido')

Snapshots:  19%|█▉        | 48/250 [02:29<09:53,  2.94s/scene], prisma/a_lcC:\Users\Philipp\Documents\Uni\Master_Thesis\Master_thesis_ergodic_learning\3D_ergodic_learning\render_3d_snapshots.py:219: DeprecationWarning: 
Support for the 'engine' argument is deprecated and will be removed after September 2025.
Kaleido will be the only supported engine at that time.

  fig.write_image(png_path, engine='kaleido')

Snapshots:  20%|█▉        | 49/250 [02:32<09:48,  2.93s/scene], kegel/a_lc C:\Users\Philipp\Documents\Uni\Master_Thesis\Master_thesis_ergodic_learning\3D_ergodic_learning\render_3d_snapshots.py:219: DeprecationWarning: 
Support for the 'engine' argument is deprecated and will be removed after September 2025.
Kaleido will be the only supported engine at that time.

  fig.write_image(png_path, engine='kaleido')

Snapshots:  20%|██        | 50/250 [02:35<09:44,  2.92s/scene], torus/a_lcC:\Users\Philipp\Documents\Uni\Master_Thesis\Master_thesis_ergodic_learning\3D_ergodic_learning\render_3d_snapshots.py:219: DeprecationWarning: 
Support for the 'engine' argument is deprecated and will be removed after September 2025.
Kaleido will be the only supported engine at that time.

  fig.write_image(png_path, engine='kaleido')

Snapshots:  20%|██        | 51/250 [02:38<09:37,  2.90s/scene], ebene_flach/rand_gmm_10C:\Users\Philipp\Documents\Uni\Master_Thesis\Master_thesis_ergodic_learning\3D_ergodic_learning\render_3d_snapshots.py:219: DeprecationWarning: 
Support for the 'engine' argument is deprecated and will be removed after September 2025.
Kaleido will be the only supported engine at that time.

  fig.write_image(png_path, engine='kaleido')

Snapshots:  21%|██        | 52/250 [02:41<09:31,  2.89s/scene], ebene_gekippt/rand_gmm_10C:\Users\Philipp\Documents\Uni\Master_Thesis\Master_thesis_ergodic_learning\3D_ergodic_learning\render_3d_snapshots.py:219: DeprecationWarning: 
Support for the 'engine' argument is deprecated and will be removed after September 2025.
Kaleido will be the only supported engine at that time.

  fig.write_image(png_path, engine='kaleido')

Snapshots:  21%|██        | 53/250 [02:50<15:53,  4.84s/scene], ebene_diagonal/rand_gmm_10C:\Users\Philipp\Documents\Uni\Master_Thesis\Master_thesis_ergodic_learning\3D_ergodic_learning\render_3d_snapshots.py:219: DeprecationWarning: 
Support for the 'engine' argument is deprecated and will be removed after September 2025.
Kaleido will be the only supported engine at that time.

  fig.write_image(png_path, engine='kaleido')

Snapshots:  22%|██▏       | 54/250 [02:53<13:57,  4.27s/scene], kugel/rand_gmm_10         C:\Users\Philipp\Documents\Uni\Master_Thesis\Master_thesis_ergodic_learning\3D_ergodic_learning\render_3d_snapshots.py:219: DeprecationWarning: 
Support for the 'engine' argument is deprecated and will be removed after September 2025.
Kaleido will be the only supported engine at that time.

  fig.write_image(png_path, engine='kaleido')

Snapshots:  22%|██▏       | 55/250 [02:56<12:35,  3.87s/scene], wuerfel/rand_gmm_10C:\Users\Philipp\Documents\Uni\Master_Thesis\Master_thesis_ergodic_learning\3D_ergodic_learning\render_3d_snapshots.py:219: DeprecationWarning: 
Support for the 'engine' argument is deprecated and will be removed after September 2025.
Kaleido will be the only supported engine at that time.

  fig.write_image(png_path, engine='kaleido')

Snapshots:  22%|██▏       | 56/250 [02:59<11:34,  3.58s/scene], ei/rand_gmm_10     C:\Users\Philipp\Documents\Uni\Master_Thesis\Master_thesis_ergodic_learning\3D_ergodic_learning\render_3d_snapshots.py:219: DeprecationWarning: 
Support for the 'engine' argument is deprecated and will be removed after September 2025.
Kaleido will be the only supported engine at that time.

  fig.write_image(png_path, engine='kaleido')

Snapshots:  23%|██▎       | 57/250 [03:02<10:55,  3.39s/scene], bunny/rand_gmm_10C:\Users\Philipp\Documents\Uni\Master_Thesis\Master_thesis_ergodic_learning\3D_ergodic_learning\render_3d_snapshots.py:219: DeprecationWarning: 
Support for the 'engine' argument is deprecated and will be removed after September 2025.
Kaleido will be the only supported engine at that time.

  fig.write_image(png_path, engine='kaleido')

Snapshots:  23%|██▎       | 58/250 [03:05<10:25,  3.26s/scene], prisma/rand_gmm_10C:\Users\Philipp\Documents\Uni\Master_Thesis\Master_thesis_ergodic_learning\3D_ergodic_learning\render_3d_snapshots.py:219: DeprecationWarning: 
Support for the 'engine' argument is deprecated and will be removed after September 2025.
Kaleido will be the only supported engine at that time.

  fig.write_image(png_path, engine='kaleido')

Snapshots:  24%|██▎       | 59/250 [03:08<10:04,  3.16s/scene], kegel/rand_gmm_10 C:\Users\Philipp\Documents\Uni\Master_Thesis\Master_thesis_ergodic_learning\3D_ergodic_learning\render_3d_snapshots.py:219: DeprecationWarning: 
Support for the 'engine' argument is deprecated and will be removed after September 2025.
Kaleido will be the only supported engine at that time.

  fig.write_image(png_path, engine='kaleido')

Snapshots:  24%|██▍       | 60/250 [03:11<09:50,  3.11s/scene], torus/rand_gmm_10C:\Users\Philipp\Documents\Uni\Master_Thesis\Master_thesis_ergodic_learning\3D_ergodic_learning\render_3d_snapshots.py:219: DeprecationWarning: 
Support for the 'engine' argument is deprecated and will be removed after September 2025.
Kaleido will be the only supported engine at that time.

  fig.write_image(png_path, engine='kaleido')

Snapshots:  24%|██▍       | 61/250 [03:14<09:35,  3.04s/scene], ebene_flach/rand_gmm_20C:\Users\Philipp\Documents\Uni\Master_Thesis\Master_thesis_ergodic_learning\3D_ergodic_learning\render_3d_snapshots.py:219: DeprecationWarning: 
Support for the 'engine' argument is deprecated and will be removed after September 2025.
Kaleido will be the only supported engine at that time.

  fig.write_image(png_path, engine='kaleido')

Snapshots:  25%|██▍       | 62/250 [03:17<09:21,  2.99s/scene], ebene_gekippt/rand_gmm_20C:\Users\Philipp\Documents\Uni\Master_Thesis\Master_thesis_ergodic_learning\3D_ergodic_learning\render_3d_snapshots.py:219: DeprecationWarning: 
Support for the 'engine' argument is deprecated and will be removed after September 2025.
Kaleido will be the only supported engine at that time.

  fig.write_image(png_path, engine='kaleido')

Snapshots:  25%|██▌       | 63/250 [03:20<09:12,  2.95s/scene], ebene_diagonal/rand_gmm_20C:\Users\Philipp\Documents\Uni\Master_Thesis\Master_thesis_ergodic_learning\3D_ergodic_learning\render_3d_snapshots.py:219: DeprecationWarning: 
Support for the 'engine' argument is deprecated and will be removed after September 2025.
Kaleido will be the only supported engine at that time.

  fig.write_image(png_path, engine='kaleido')

Snapshots:  26%|██▌       | 64/250 [03:22<09:07,  2.95s/scene], kugel/rand_gmm_20         C:\Users\Philipp\Documents\Uni\Master_Thesis\Master_thesis_ergodic_learning\3D_ergodic_learning\render_3d_snapshots.py:219: DeprecationWarning: 
Support for the 'engine' argument is deprecated and will be removed after September 2025.
Kaleido will be the only supported engine at that time.

  fig.write_image(png_path, engine='kaleido')

Snapshots:  26%|██▌       | 65/250 [03:25<09:04,  2.94s/scene], wuerfel/rand_gmm_20C:\Users\Philipp\Documents\Uni\Master_Thesis\Master_thesis_ergodic_learning\3D_ergodic_learning\render_3d_snapshots.py:219: DeprecationWarning: 
Support for the 'engine' argument is deprecated and will be removed after September 2025.
Kaleido will be the only supported engine at that time.

  fig.write_image(png_path, engine='kaleido')

Snapshots:  26%|██▋       | 66/250 [03:28<08:59,  2.93s/scene], ei/rand_gmm_20     C:\Users\Philipp\Documents\Uni\Master_Thesis\Master_thesis_ergodic_learning\3D_ergodic_learning\render_3d_snapshots.py:219: DeprecationWarning: 
Support for the 'engine' argument is deprecated and will be removed after September 2025.
Kaleido will be the only supported engine at that time.

  fig.write_image(png_path, engine='kaleido')

Snapshots:  27%|██▋       | 67/250 [03:32<09:30,  3.12s/scene], bunny/rand_gmm_20C:\Users\Philipp\Documents\Uni\Master_Thesis\Master_thesis_ergodic_learning\3D_ergodic_learning\render_3d_snapshots.py:219: DeprecationWarning: 
Support for the 'engine' argument is deprecated and will be removed after September 2025.
Kaleido will be the only supported engine at that time.

  fig.write_image(png_path, engine='kaleido')

Snapshots:  27%|██▋       | 68/250 [03:36<10:33,  3.48s/scene], prisma/rand_gmm_20C:\Users\Philipp\Documents\Uni\Master_Thesis\Master_thesis_ergodic_learning\3D_ergodic_learning\render_3d_snapshots.py:219: DeprecationWarning: 
Support for the 'engine' argument is deprecated and will be removed after September 2025.
Kaleido will be the only supported engine at that time.

  fig.write_image(png_path, engine='kaleido')

Snapshots:  28%|██▊       | 69/250 [03:40<10:55,  3.62s/scene], kegel/rand_gmm_20 C:\Users\Philipp\Documents\Uni\Master_Thesis\Master_thesis_ergodic_learning\3D_ergodic_learning\render_3d_snapshots.py:219: DeprecationWarning: 
Support for the 'engine' argument is deprecated and will be removed after September 2025.
Kaleido will be the only supported engine at that time.

  fig.write_image(png_path, engine='kaleido')

Snapshots:  28%|██▊       | 70/250 [03:45<11:53,  3.96s/scene], torus/rand_gmm_20C:\Users\Philipp\Documents\Uni\Master_Thesis\Master_thesis_ergodic_learning\3D_ergodic_learning\render_3d_snapshots.py:219: DeprecationWarning: 
Support for the 'engine' argument is deprecated and will be removed after September 2025.
Kaleido will be the only supported engine at that time.

  fig.write_image(png_path, engine='kaleido')

Snapshots:  28%|██▊       | 71/250 [03:48<11:03,  3.71s/scene], ebene_flach/rand_ana_poly_10C:\Users\Philipp\Documents\Uni\Master_Thesis\Master_thesis_ergodic_learning\3D_ergodic_learning\render_3d_snapshots.py:219: DeprecationWarning: 
Support for the 'engine' argument is deprecated and will be removed after September 2025.
Kaleido will be the only supported engine at that time.

  fig.write_image(png_path, engine='kaleido')

Snapshots:  29%|██▉       | 72/250 [03:51<10:16,  3.47s/scene], ebene_gekippt/rand_ana_poly_10C:\Users\Philipp\Documents\Uni\Master_Thesis\Master_thesis_ergodic_learning\3D_ergodic_learning\render_3d_snapshots.py:219: DeprecationWarning: 
Support for the 'engine' argument is deprecated and will be removed after September 2025.
Kaleido will be the only supported engine at that time.

  fig.write_image(png_path, engine='kaleido')

Snapshots:  29%|██▉       | 73/250 [03:54<09:41,  3.29s/scene], ebene_diagonal/rand_ana_poly_10C:\Users\Philipp\Documents\Uni\Master_Thesis\Master_thesis_ergodic_learning\3D_ergodic_learning\render_3d_snapshots.py:219: DeprecationWarning: 
Support for the 'engine' argument is deprecated and will be removed after September 2025.
Kaleido will be the only supported engine at that time.

  fig.write_image(png_path, engine='kaleido')

Snapshots:  30%|██▉       | 74/250 [03:57<09:21,  3.19s/scene], kugel/rand_ana_poly_10         C:\Users\Philipp\Documents\Uni\Master_Thesis\Master_thesis_ergodic_learning\3D_ergodic_learning\render_3d_snapshots.py:219: DeprecationWarning: 
Support for the 'engine' argument is deprecated and will be removed after September 2025.
Kaleido will be the only supported engine at that time.

  fig.write_image(png_path, engine='kaleido')

Snapshots:  30%|███       | 75/250 [04:00<09:05,  3.12s/scene], wuerfel/rand_ana_poly_10C:\Users\Philipp\Documents\Uni\Master_Thesis\Master_thesis_ergodic_learning\3D_ergodic_learning\render_3d_snapshots.py:219: DeprecationWarning: 
Support for the 'engine' argument is deprecated and will be removed after September 2025.
Kaleido will be the only supported engine at that time.

  fig.write_image(png_path, engine='kaleido')

Snapshots:  30%|███       | 76/250 [04:03<08:52,  3.06s/scene], ei/rand_ana_poly_10     C:\Users\Philipp\Documents\Uni\Master_Thesis\Master_thesis_ergodic_learning\3D_ergodic_learning\render_3d_snapshots.py:219: DeprecationWarning: 
Support for the 'engine' argument is deprecated and will be removed after September 2025.
Kaleido will be the only supported engine at that time.

  fig.write_image(png_path, engine='kaleido')

Snapshots:  31%|███       | 77/250 [04:06<08:45,  3.04s/scene], bunny/rand_ana_poly_10C:\Users\Philipp\Documents\Uni\Master_Thesis\Master_thesis_ergodic_learning\3D_ergodic_learning\render_3d_snapshots.py:219: DeprecationWarning: 
Support for the 'engine' argument is deprecated and will be removed after September 2025.
Kaleido will be the only supported engine at that time.

  fig.write_image(png_path, engine='kaleido')

Snapshots:  31%|███       | 78/250 [04:09<08:38,  3.02s/scene], prisma/rand_ana_poly_10C:\Users\Philipp\Documents\Uni\Master_Thesis\Master_thesis_ergodic_learning\3D_ergodic_learning\render_3d_snapshots.py:219: DeprecationWarning: 
Support for the 'engine' argument is deprecated and will be removed after September 2025.
Kaleido will be the only supported engine at that time.

  fig.write_image(png_path, engine='kaleido')

Snapshots:  32%|███▏      | 79/250 [04:12<08:33,  3.00s/scene], kegel/rand_ana_poly_10 C:\Users\Philipp\Documents\Uni\Master_Thesis\Master_thesis_ergodic_learning\3D_ergodic_learning\render_3d_snapshots.py:219: DeprecationWarning: 
Support for the 'engine' argument is deprecated and will be removed after September 2025.
Kaleido will be the only supported engine at that time.

  fig.write_image(png_path, engine='kaleido')

Snapshots:  32%|███▏      | 80/250 [04:14<08:27,  2.98s/scene], torus/rand_ana_poly_10C:\Users\Philipp\Documents\Uni\Master_Thesis\Master_thesis_ergodic_learning\3D_ergodic_learning\render_3d_snapshots.py:219: DeprecationWarning: 
Support for the 'engine' argument is deprecated and will be removed after September 2025.
Kaleido will be the only supported engine at that time.

  fig.write_image(png_path, engine='kaleido')

Snapshots:  32%|███▏      | 81/250 [04:17<08:18,  2.95s/scene], ebene_flach/rand_ana_poly_20C:\Users\Philipp\Documents\Uni\Master_Thesis\Master_thesis_ergodic_learning\3D_ergodic_learning\render_3d_snapshots.py:219: DeprecationWarning: 
Support for the 'engine' argument is deprecated and will be removed after September 2025.
Kaleido will be the only supported engine at that time.

  fig.write_image(png_path, engine='kaleido')

Snapshots:  33%|███▎      | 82/250 [04:20<08:11,  2.92s/scene], ebene_gekippt/rand_ana_poly_20C:\Users\Philipp\Documents\Uni\Master_Thesis\Master_thesis_ergodic_learning\3D_ergodic_learning\render_3d_snapshots.py:219: DeprecationWarning: 
Support for the 'engine' argument is deprecated and will be removed after September 2025.
Kaleido will be the only supported engine at that time.

  fig.write_image(png_path, engine='kaleido')

Snapshots:  33%|███▎      | 83/250 [04:23<08:07,  2.92s/scene], ebene_diagonal/rand_ana_poly_20C:\Users\Philipp\Documents\Uni\Master_Thesis\Master_thesis_ergodic_learning\3D_ergodic_learning\render_3d_snapshots.py:219: DeprecationWarning: 
Support for the 'engine' argument is deprecated and will be removed after September 2025.
Kaleido will be the only supported engine at that time.

  fig.write_image(png_path, engine='kaleido')

Snapshots:  34%|███▎      | 84/250 [04:26<08:04,  2.92s/scene], kugel/rand_ana_poly_20         C:\Users\Philipp\Documents\Uni\Master_Thesis\Master_thesis_ergodic_learning\3D_ergodic_learning\render_3d_snapshots.py:219: DeprecationWarning: 
Support for the 'engine' argument is deprecated and will be removed after September 2025.
Kaleido will be the only supported engine at that time.

  fig.write_image(png_path, engine='kaleido')

Snapshots:  34%|███▍      | 85/250 [04:29<08:04,  2.94s/scene], wuerfel/rand_ana_poly_20C:\Users\Philipp\Documents\Uni\Master_Thesis\Master_thesis_ergodic_learning\3D_ergodic_learning\render_3d_snapshots.py:219: DeprecationWarning: 
Support for the 'engine' argument is deprecated and will be removed after September 2025.
Kaleido will be the only supported engine at that time.

  fig.write_image(png_path, engine='kaleido')

Snapshots:  34%|███▍      | 86/250 [04:32<08:01,  2.94s/scene], ei/rand_ana_poly_20     C:\Users\Philipp\Documents\Uni\Master_Thesis\Master_thesis_ergodic_learning\3D_ergodic_learning\render_3d_snapshots.py:219: DeprecationWarning: 
Support for the 'engine' argument is deprecated and will be removed after September 2025.
Kaleido will be the only supported engine at that time.

  fig.write_image(png_path, engine='kaleido')

Snapshots:  35%|███▍      | 87/250 [04:35<07:59,  2.94s/scene], bunny/rand_ana_poly_20C:\Users\Philipp\Documents\Uni\Master_Thesis\Master_thesis_ergodic_learning\3D_ergodic_learning\render_3d_snapshots.py:219: DeprecationWarning: 
Support for the 'engine' argument is deprecated and will be removed after September 2025.
Kaleido will be the only supported engine at that time.

  fig.write_image(png_path, engine='kaleido')

Snapshots:  35%|███▌      | 88/250 [04:38<07:56,  2.94s/scene], prisma/rand_ana_poly_20C:\Users\Philipp\Documents\Uni\Master_Thesis\Master_thesis_ergodic_learning\3D_ergodic_learning\render_3d_snapshots.py:219: DeprecationWarning: 
Support for the 'engine' argument is deprecated and will be removed after September 2025.
Kaleido will be the only supported engine at that time.

  fig.write_image(png_path, engine='kaleido')

Snapshots:  36%|███▌      | 89/250 [04:41<07:55,  2.96s/scene], kegel/rand_ana_poly_20 C:\Users\Philipp\Documents\Uni\Master_Thesis\Master_thesis_ergodic_learning\3D_ergodic_learning\render_3d_snapshots.py:219: DeprecationWarning: 
Support for the 'engine' argument is deprecated and will be removed after September 2025.
Kaleido will be the only supported engine at that time.

  fig.write_image(png_path, engine='kaleido')

Snapshots:  36%|███▌      | 90/250 [04:44<07:54,  2.96s/scene], torus/rand_ana_poly_20C:\Users\Philipp\Documents\Uni\Master_Thesis\Master_thesis_ergodic_learning\3D_ergodic_learning\render_3d_snapshots.py:219: DeprecationWarning: 
Support for the 'engine' argument is deprecated and will be removed after September 2025.
Kaleido will be the only supported engine at that time.

  fig.write_image(png_path, engine='kaleido')

Snapshots:  36%|███▋      | 91/250 [04:47<07:46,  2.94s/scene], ebene_flach/rand_ana_poly_30C:\Users\Philipp\Documents\Uni\Master_Thesis\Master_thesis_ergodic_learning\3D_ergodic_learning\render_3d_snapshots.py:219: DeprecationWarning: 
Support for the 'engine' argument is deprecated and will be removed after September 2025.
Kaleido will be the only supported engine at that time.

  fig.write_image(png_path, engine='kaleido')

Snapshots:  37%|███▋      | 92/250 [04:50<08:10,  3.10s/scene], ebene_gekippt/rand_ana_poly_30C:\Users\Philipp\Documents\Uni\Master_Thesis\Master_thesis_ergodic_learning\3D_ergodic_learning\render_3d_snapshots.py:219: DeprecationWarning: 
Support for the 'engine' argument is deprecated and will be removed after September 2025.
Kaleido will be the only supported engine at that time.

  fig.write_image(png_path, engine='kaleido')

Snapshots:  37%|███▋      | 93/250 [04:55<09:19,  3.56s/scene], ebene_diagonal/rand_ana_poly_30C:\Users\Philipp\Documents\Uni\Master_Thesis\Master_thesis_ergodic_learning\3D_ergodic_learning\render_3d_snapshots.py:219: DeprecationWarning: 
Support for the 'engine' argument is deprecated and will be removed after September 2025.
Kaleido will be the only supported engine at that time.

  fig.write_image(png_path, engine='kaleido')

Snapshots:  38%|███▊      | 94/250 [04:59<09:27,  3.64s/scene], kugel/rand_ana_poly_30         C:\Users\Philipp\Documents\Uni\Master_Thesis\Master_thesis_ergodic_learning\3D_ergodic_learning\render_3d_snapshots.py:219: DeprecationWarning: 
Support for the 'engine' argument is deprecated and will be removed after September 2025.
Kaleido will be the only supported engine at that time.

  fig.write_image(png_path, engine='kaleido')

Snapshots:  38%|███▊      | 95/250 [05:02<09:31,  3.69s/scene], wuerfel/rand_ana_poly_30C:\Users\Philipp\Documents\Uni\Master_Thesis\Master_thesis_ergodic_learning\3D_ergodic_learning\render_3d_snapshots.py:219: DeprecationWarning: 
Support for the 'engine' argument is deprecated and will be removed after September 2025.
Kaleido will be the only supported engine at that time.

  fig.write_image(png_path, engine='kaleido')

Snapshots:  38%|███▊      | 96/250 [05:07<09:47,  3.81s/scene], ei/rand_ana_poly_30     C:\Users\Philipp\Documents\Uni\Master_Thesis\Master_thesis_ergodic_learning\3D_ergodic_learning\render_3d_snapshots.py:219: DeprecationWarning: 
Support for the 'engine' argument is deprecated and will be removed after September 2025.
Kaleido will be the only supported engine at that time.

  fig.write_image(png_path, engine='kaleido')

Snapshots:  39%|███▉      | 97/250 [05:10<09:08,  3.59s/scene], bunny/rand_ana_poly_30C:\Users\Philipp\Documents\Uni\Master_Thesis\Master_thesis_ergodic_learning\3D_ergodic_learning\render_3d_snapshots.py:219: DeprecationWarning: 
Support for the 'engine' argument is deprecated and will be removed after September 2025.
Kaleido will be the only supported engine at that time.

  fig.write_image(png_path, engine='kaleido')

Snapshots:  39%|███▉      | 98/250 [05:13<08:38,  3.41s/scene], prisma/rand_ana_poly_30C:\Users\Philipp\Documents\Uni\Master_Thesis\Master_thesis_ergodic_learning\3D_ergodic_learning\render_3d_snapshots.py:219: DeprecationWarning: 
Support for the 'engine' argument is deprecated and will be removed after September 2025.
Kaleido will be the only supported engine at that time.

  fig.write_image(png_path, engine='kaleido')

Snapshots:  40%|███▉      | 99/250 [05:16<08:17,  3.29s/scene], kegel/rand_ana_poly_30 C:\Users\Philipp\Documents\Uni\Master_Thesis\Master_thesis_ergodic_learning\3D_ergodic_learning\render_3d_snapshots.py:219: DeprecationWarning: 
Support for the 'engine' argument is deprecated and will be removed after September 2025.
Kaleido will be the only supported engine at that time.

  fig.write_image(png_path, engine='kaleido')

Snapshots:  40%|████      | 100/250 [05:20<09:21,  3.75s/scene], torus/rand_ana_poly_30C:\Users\Philipp\Documents\Uni\Master_Thesis\Master_thesis_ergodic_learning\3D_ergodic_learning\render_3d_snapshots.py:219: DeprecationWarning: 
Support for the 'engine' argument is deprecated and will be removed after September 2025.
Kaleido will be the only supported engine at that time.

  fig.write_image(png_path, engine='kaleido')

Snapshots:  40%|████      | 101/250 [05:24<09:32,  3.84s/scene], ebene_flach/rand_gmm_complex_0C:\Users\Philipp\Documents\Uni\Master_Thesis\Master_thesis_ergodic_learning\3D_ergodic_learning\render_3d_snapshots.py:219: DeprecationWarning: 
Support for the 'engine' argument is deprecated and will be removed after September 2025.
Kaleido will be the only supported engine at that time.

  fig.write_image(png_path, engine='kaleido')

Snapshots:  41%|████      | 102/250 [05:28<09:32,  3.87s/scene], ebene_gekippt/rand_gmm_complex_0C:\Users\Philipp\Documents\Uni\Master_Thesis\Master_thesis_ergodic_learning\3D_ergodic_learning\render_3d_snapshots.py:219: DeprecationWarning: 
Support for the 'engine' argument is deprecated and will be removed after September 2025.
Kaleido will be the only supported engine at that time.

  fig.write_image(png_path, engine='kaleido')

Snapshots:  41%|████      | 103/250 [05:32<09:09,  3.74s/scene], ebene_diagonal/rand_gmm_complex_0C:\Users\Philipp\Documents\Uni\Master_Thesis\Master_thesis_ergodic_learning\3D_ergodic_learning\render_3d_snapshots.py:219: DeprecationWarning: 
Support for the 'engine' argument is deprecated and will be removed after September 2025.
Kaleido will be the only supported engine at that time.

  fig.write_image(png_path, engine='kaleido')

Snapshots:  42%|████▏     | 104/250 [05:35<08:36,  3.54s/scene], kugel/rand_gmm_complex_0         C:\Users\Philipp\Documents\Uni\Master_Thesis\Master_thesis_ergodic_learning\3D_ergodic_learning\render_3d_snapshots.py:219: DeprecationWarning: 
Support for the 'engine' argument is deprecated and will be removed after September 2025.
Kaleido will be the only supported engine at that time.

  fig.write_image(png_path, engine='kaleido')

Snapshots:  42%|████▏     | 105/250 [05:38<08:11,  3.39s/scene], wuerfel/rand_gmm_complex_0C:\Users\Philipp\Documents\Uni\Master_Thesis\Master_thesis_ergodic_learning\3D_ergodic_learning\render_3d_snapshots.py:219: DeprecationWarning: 
Support for the 'engine' argument is deprecated and will be removed after September 2025.
Kaleido will be the only supported engine at that time.

  fig.write_image(png_path, engine='kaleido')

Snapshots:  42%|████▏     | 106/250 [05:41<07:50,  3.26s/scene], ei/rand_gmm_complex_0     C:\Users\Philipp\Documents\Uni\Master_Thesis\Master_thesis_ergodic_learning\3D_ergodic_learning\render_3d_snapshots.py:219: DeprecationWarning: 
Support for the 'engine' argument is deprecated and will be removed after September 2025.
Kaleido will be the only supported engine at that time.

  fig.write_image(png_path, engine='kaleido')

Snapshots:  43%|████▎     | 107/250 [05:44<07:36,  3.19s/scene], bunny/rand_gmm_complex_0C:\Users\Philipp\Documents\Uni\Master_Thesis\Master_thesis_ergodic_learning\3D_ergodic_learning\render_3d_snapshots.py:219: DeprecationWarning: 
Support for the 'engine' argument is deprecated and will be removed after September 2025.
Kaleido will be the only supported engine at that time.

  fig.write_image(png_path, engine='kaleido')

Snapshots:  43%|████▎     | 108/250 [05:47<07:25,  3.14s/scene], prisma/rand_gmm_complex_0C:\Users\Philipp\Documents\Uni\Master_Thesis\Master_thesis_ergodic_learning\3D_ergodic_learning\render_3d_snapshots.py:219: DeprecationWarning: 
Support for the 'engine' argument is deprecated and will be removed after September 2025.
Kaleido will be the only supported engine at that time.

  fig.write_image(png_path, engine='kaleido')

Snapshots:  44%|████▎     | 109/250 [05:50<07:24,  3.15s/scene], kegel/rand_gmm_complex_0 C:\Users\Philipp\Documents\Uni\Master_Thesis\Master_thesis_ergodic_learning\3D_ergodic_learning\render_3d_snapshots.py:219: DeprecationWarning: 
Support for the 'engine' argument is deprecated and will be removed after September 2025.
Kaleido will be the only supported engine at that time.

  fig.write_image(png_path, engine='kaleido')

Snapshots:  44%|████▍     | 110/250 [05:56<09:12,  3.94s/scene], torus/rand_gmm_complex_0C:\Users\Philipp\Documents\Uni\Master_Thesis\Master_thesis_ergodic_learning\3D_ergodic_learning\render_3d_snapshots.py:219: DeprecationWarning: 
Support for the 'engine' argument is deprecated and will be removed after September 2025.
Kaleido will be the only supported engine at that time.

  fig.write_image(png_path, engine='kaleido')

Snapshots:  44%|████▍     | 111/250 [06:03<11:12,  4.84s/scene], ebene_flach/rand_gmm_complex_10C:\Users\Philipp\Documents\Uni\Master_Thesis\Master_thesis_ergodic_learning\3D_ergodic_learning\render_3d_snapshots.py:219: DeprecationWarning: 
Support for the 'engine' argument is deprecated and will be removed after September 2025.
Kaleido will be the only supported engine at that time.

  fig.write_image(png_path, engine='kaleido')

Snapshots:  45%|████▍     | 112/250 [06:06<09:50,  4.28s/scene], ebene_gekippt/rand_gmm_complex_10C:\Users\Philipp\Documents\Uni\Master_Thesis\Master_thesis_ergodic_learning\3D_ergodic_learning\render_3d_snapshots.py:219: DeprecationWarning: 
Support for the 'engine' argument is deprecated and will be removed after September 2025.
Kaleido will be the only supported engine at that time.

  fig.write_image(png_path, engine='kaleido')

Snapshots:  45%|████▌     | 113/250 [06:09<08:51,  3.88s/scene], ebene_diagonal/rand_gmm_complex_10C:\Users\Philipp\Documents\Uni\Master_Thesis\Master_thesis_ergodic_learning\3D_ergodic_learning\render_3d_snapshots.py:219: DeprecationWarning: 
Support for the 'engine' argument is deprecated and will be removed after September 2025.
Kaleido will be the only supported engine at that time.

  fig.write_image(png_path, engine='kaleido')

Snapshots:  46%|████▌     | 114/250 [06:12<08:14,  3.64s/scene], kugel/rand_gmm_complex_10         C:\Users\Philipp\Documents\Uni\Master_Thesis\Master_thesis_ergodic_learning\3D_ergodic_learning\render_3d_snapshots.py:219: DeprecationWarning: 
Support for the 'engine' argument is deprecated and will be removed after September 2025.
Kaleido will be the only supported engine at that time.

  fig.write_image(png_path, engine='kaleido')

Snapshots:  46%|████▌     | 115/250 [06:15<07:46,  3.46s/scene], wuerfel/rand_gmm_complex_10C:\Users\Philipp\Documents\Uni\Master_Thesis\Master_thesis_ergodic_learning\3D_ergodic_learning\render_3d_snapshots.py:219: DeprecationWarning: 
Support for the 'engine' argument is deprecated and will be removed after September 2025.
Kaleido will be the only supported engine at that time.

  fig.write_image(png_path, engine='kaleido')

Snapshots:  46%|████▋     | 116/250 [06:18<07:26,  3.33s/scene], ei/rand_gmm_complex_10     C:\Users\Philipp\Documents\Uni\Master_Thesis\Master_thesis_ergodic_learning\3D_ergodic_learning\render_3d_snapshots.py:219: DeprecationWarning: 
Support for the 'engine' argument is deprecated and will be removed after September 2025.
Kaleido will be the only supported engine at that time.

  fig.write_image(png_path, engine='kaleido')

Snapshots:  47%|████▋     | 117/250 [06:21<07:10,  3.24s/scene], bunny/rand_gmm_complex_10C:\Users\Philipp\Documents\Uni\Master_Thesis\Master_thesis_ergodic_learning\3D_ergodic_learning\render_3d_snapshots.py:219: DeprecationWarning: 
Support for the 'engine' argument is deprecated and will be removed after September 2025.
Kaleido will be the only supported engine at that time.

  fig.write_image(png_path, engine='kaleido')

Snapshots:  47%|████▋     | 118/250 [06:24<07:00,  3.19s/scene], prisma/rand_gmm_complex_10C:\Users\Philipp\Documents\Uni\Master_Thesis\Master_thesis_ergodic_learning\3D_ergodic_learning\render_3d_snapshots.py:219: DeprecationWarning: 
Support for the 'engine' argument is deprecated and will be removed after September 2025.
Kaleido will be the only supported engine at that time.

  fig.write_image(png_path, engine='kaleido')

Snapshots:  48%|████▊     | 119/250 [06:27<06:52,  3.15s/scene], kegel/rand_gmm_complex_10 C:\Users\Philipp\Documents\Uni\Master_Thesis\Master_thesis_ergodic_learning\3D_ergodic_learning\render_3d_snapshots.py:219: DeprecationWarning: 
Support for the 'engine' argument is deprecated and will be removed after September 2025.
Kaleido will be the only supported engine at that time.

  fig.write_image(png_path, engine='kaleido')

Snapshots:  48%|████▊     | 120/250 [06:30<06:45,  3.12s/scene], torus/rand_gmm_complex_10C:\Users\Philipp\Documents\Uni\Master_Thesis\Master_thesis_ergodic_learning\3D_ergodic_learning\render_3d_snapshots.py:219: DeprecationWarning: 
Support for the 'engine' argument is deprecated and will be removed after September 2025.
Kaleido will be the only supported engine at that time.

  fig.write_image(png_path, engine='kaleido')

Snapshots:  48%|████▊     | 121/250 [06:33<06:35,  3.07s/scene], ebene_flach/rand_gmm_complex_20C:\Users\Philipp\Documents\Uni\Master_Thesis\Master_thesis_ergodic_learning\3D_ergodic_learning\render_3d_snapshots.py:219: DeprecationWarning: 
Support for the 'engine' argument is deprecated and will be removed after September 2025.
Kaleido will be the only supported engine at that time.

  fig.write_image(png_path, engine='kaleido')

Snapshots:  49%|████▉     | 122/250 [06:36<06:28,  3.04s/scene], ebene_gekippt/rand_gmm_complex_20C:\Users\Philipp\Documents\Uni\Master_Thesis\Master_thesis_ergodic_learning\3D_ergodic_learning\render_3d_snapshots.py:219: DeprecationWarning: 
Support for the 'engine' argument is deprecated and will be removed after September 2025.
Kaleido will be the only supported engine at that time.

  fig.write_image(png_path, engine='kaleido')

Snapshots:  49%|████▉     | 123/250 [06:39<06:24,  3.03s/scene], ebene_diagonal/rand_gmm_complex_20C:\Users\Philipp\Documents\Uni\Master_Thesis\Master_thesis_ergodic_learning\3D_ergodic_learning\render_3d_snapshots.py:219: DeprecationWarning: 
Support for the 'engine' argument is deprecated and will be removed after September 2025.
Kaleido will be the only supported engine at that time.

  fig.write_image(png_path, engine='kaleido')

Snapshots:  50%|████▉     | 124/250 [06:42<06:21,  3.03s/scene], kugel/rand_gmm_complex_20         C:\Users\Philipp\Documents\Uni\Master_Thesis\Master_thesis_ergodic_learning\3D_ergodic_learning\render_3d_snapshots.py:219: DeprecationWarning: 
Support for the 'engine' argument is deprecated and will be removed after September 2025.
Kaleido will be the only supported engine at that time.

  fig.write_image(png_path, engine='kaleido')

Snapshots:  50%|█████     | 125/250 [06:45<06:19,  3.04s/scene], wuerfel/rand_gmm_complex_20C:\Users\Philipp\Documents\Uni\Master_Thesis\Master_thesis_ergodic_learning\3D_ergodic_learning\render_3d_snapshots.py:219: DeprecationWarning: 
Support for the 'engine' argument is deprecated and will be removed after September 2025.
Kaleido will be the only supported engine at that time.

  fig.write_image(png_path, engine='kaleido')

Snapshots:  50%|█████     | 126/250 [06:48<06:15,  3.03s/scene], ei/rand_gmm_complex_20     C:\Users\Philipp\Documents\Uni\Master_Thesis\Master_thesis_ergodic_learning\3D_ergodic_learning\render_3d_snapshots.py:219: DeprecationWarning: 
Support for the 'engine' argument is deprecated and will be removed after September 2025.
Kaleido will be the only supported engine at that time.

  fig.write_image(png_path, engine='kaleido')

Snapshots:  51%|█████     | 127/250 [06:51<06:12,  3.03s/scene], bunny/rand_gmm_complex_20C:\Users\Philipp\Documents\Uni\Master_Thesis\Master_thesis_ergodic_learning\3D_ergodic_learning\render_3d_snapshots.py:219: DeprecationWarning: 
Support for the 'engine' argument is deprecated and will be removed after September 2025.
Kaleido will be the only supported engine at that time.

  fig.write_image(png_path, engine='kaleido')

Snapshots:  51%|█████     | 128/250 [06:54<06:08,  3.02s/scene], prisma/rand_gmm_complex_20C:\Users\Philipp\Documents\Uni\Master_Thesis\Master_thesis_ergodic_learning\3D_ergodic_learning\render_3d_snapshots.py:219: DeprecationWarning: 
Support for the 'engine' argument is deprecated and will be removed after September 2025.
Kaleido will be the only supported engine at that time.

  fig.write_image(png_path, engine='kaleido')

Snapshots:  52%|█████▏    | 129/250 [06:57<06:04,  3.01s/scene], kegel/rand_gmm_complex_20 C:\Users\Philipp\Documents\Uni\Master_Thesis\Master_thesis_ergodic_learning\3D_ergodic_learning\render_3d_snapshots.py:219: DeprecationWarning: 
Support for the 'engine' argument is deprecated and will be removed after September 2025.
Kaleido will be the only supported engine at that time.

  fig.write_image(png_path, engine='kaleido')

Snapshots:  52%|█████▏    | 130/250 [07:00<06:00,  3.00s/scene], torus/rand_gmm_complex_20C:\Users\Philipp\Documents\Uni\Master_Thesis\Master_thesis_ergodic_learning\3D_ergodic_learning\render_3d_snapshots.py:219: DeprecationWarning: 
Support for the 'engine' argument is deprecated and will be removed after September 2025.
Kaleido will be the only supported engine at that time.

  fig.write_image(png_path, engine='kaleido')

Snapshots:  52%|█████▏    | 131/250 [07:03<05:58,  3.02s/scene], ebene_flach/rand_gmm_complex_30C:\Users\Philipp\Documents\Uni\Master_Thesis\Master_thesis_ergodic_learning\3D_ergodic_learning\render_3d_snapshots.py:219: DeprecationWarning: 
Support for the 'engine' argument is deprecated and will be removed after September 2025.
Kaleido will be the only supported engine at that time.

  fig.write_image(png_path, engine='kaleido')

Snapshots:  53%|█████▎    | 132/250 [07:06<05:55,  3.01s/scene], ebene_gekippt/rand_gmm_complex_30C:\Users\Philipp\Documents\Uni\Master_Thesis\Master_thesis_ergodic_learning\3D_ergodic_learning\render_3d_snapshots.py:219: DeprecationWarning: 
Support for the 'engine' argument is deprecated and will be removed after September 2025.
Kaleido will be the only supported engine at that time.

  fig.write_image(png_path, engine='kaleido')

Snapshots:  53%|█████▎    | 133/250 [07:09<05:50,  2.99s/scene], ebene_diagonal/rand_gmm_complex_30C:\Users\Philipp\Documents\Uni\Master_Thesis\Master_thesis_ergodic_learning\3D_ergodic_learning\render_3d_snapshots.py:219: DeprecationWarning: 
Support for the 'engine' argument is deprecated and will be removed after September 2025.
Kaleido will be the only supported engine at that time.

  fig.write_image(png_path, engine='kaleido')

Snapshots:  54%|█████▎    | 134/250 [07:12<05:47,  2.99s/scene], kugel/rand_gmm_complex_30         C:\Users\Philipp\Documents\Uni\Master_Thesis\Master_thesis_ergodic_learning\3D_ergodic_learning\render_3d_snapshots.py:219: DeprecationWarning: 
Support for the 'engine' argument is deprecated and will be removed after September 2025.
Kaleido will be the only supported engine at that time.

  fig.write_image(png_path, engine='kaleido')

Snapshots:  54%|█████▍    | 135/250 [07:15<05:47,  3.02s/scene], wuerfel/rand_gmm_complex_30C:\Users\Philipp\Documents\Uni\Master_Thesis\Master_thesis_ergodic_learning\3D_ergodic_learning\render_3d_snapshots.py:219: DeprecationWarning: 
Support for the 'engine' argument is deprecated and will be removed after September 2025.
Kaleido will be the only supported engine at that time.

  fig.write_image(png_path, engine='kaleido')

Snapshots:  54%|█████▍    | 136/250 [07:18<05:43,  3.01s/scene], ei/rand_gmm_complex_30     C:\Users\Philipp\Documents\Uni\Master_Thesis\Master_thesis_ergodic_learning\3D_ergodic_learning\render_3d_snapshots.py:219: DeprecationWarning: 
Support for the 'engine' argument is deprecated and will be removed after September 2025.
Kaleido will be the only supported engine at that time.

  fig.write_image(png_path, engine='kaleido')

Snapshots:  55%|█████▍    | 137/250 [07:21<05:40,  3.01s/scene], bunny/rand_gmm_complex_30C:\Users\Philipp\Documents\Uni\Master_Thesis\Master_thesis_ergodic_learning\3D_ergodic_learning\render_3d_snapshots.py:219: DeprecationWarning: 
Support for the 'engine' argument is deprecated and will be removed after September 2025.
Kaleido will be the only supported engine at that time.

  fig.write_image(png_path, engine='kaleido')

Snapshots:  55%|█████▌    | 138/250 [07:24<05:36,  3.00s/scene], prisma/rand_gmm_complex_30C:\Users\Philipp\Documents\Uni\Master_Thesis\Master_thesis_ergodic_learning\3D_ergodic_learning\render_3d_snapshots.py:219: DeprecationWarning: 
Support for the 'engine' argument is deprecated and will be removed after September 2025.
Kaleido will be the only supported engine at that time.

  fig.write_image(png_path, engine='kaleido')

Snapshots:  56%|█████▌    | 139/250 [07:27<05:34,  3.01s/scene], kegel/rand_gmm_complex_30 C:\Users\Philipp\Documents\Uni\Master_Thesis\Master_thesis_ergodic_learning\3D_ergodic_learning\render_3d_snapshots.py:219: DeprecationWarning: 
Support for the 'engine' argument is deprecated and will be removed after September 2025.
Kaleido will be the only supported engine at that time.

  fig.write_image(png_path, engine='kaleido')

Snapshots:  56%|█████▌    | 140/250 [07:30<05:31,  3.01s/scene], torus/rand_gmm_complex_30C:\Users\Philipp\Documents\Uni\Master_Thesis\Master_thesis_ergodic_learning\3D_ergodic_learning\render_3d_snapshots.py:219: DeprecationWarning: 
Support for the 'engine' argument is deprecated and will be removed after September 2025.
Kaleido will be the only supported engine at that time.

  fig.write_image(png_path, engine='kaleido')

Snapshots:  56%|█████▋    | 141/250 [07:33<05:26,  3.00s/scene], ebene_flach/rand_ana_poly_complex_0C:\Users\Philipp\Documents\Uni\Master_Thesis\Master_thesis_ergodic_learning\3D_ergodic_learning\render_3d_snapshots.py:219: DeprecationWarning: 
Support for the 'engine' argument is deprecated and will be removed after September 2025.
Kaleido will be the only supported engine at that time.

  fig.write_image(png_path, engine='kaleido')

Snapshots:  57%|█████▋    | 142/250 [07:36<05:22,  2.99s/scene], ebene_gekippt/rand_ana_poly_complex_0C:\Users\Philipp\Documents\Uni\Master_Thesis\Master_thesis_ergodic_learning\3D_ergodic_learning\render_3d_snapshots.py:219: DeprecationWarning: 
Support for the 'engine' argument is deprecated and will be removed after September 2025.
Kaleido will be the only supported engine at that time.

  fig.write_image(png_path, engine='kaleido')

Snapshots:  57%|█████▋    | 143/250 [07:39<05:20,  3.00s/scene], ebene_diagonal/rand_ana_poly_complex_0C:\Users\Philipp\Documents\Uni\Master_Thesis\Master_thesis_ergodic_learning\3D_ergodic_learning\render_3d_snapshots.py:219: DeprecationWarning: 
Support for the 'engine' argument is deprecated and will be removed after September 2025.
Kaleido will be the only supported engine at that time.

  fig.write_image(png_path, engine='kaleido')

Snapshots:  58%|█████▊    | 144/250 [07:42<05:22,  3.04s/scene], kugel/rand_ana_poly_complex_0         C:\Users\Philipp\Documents\Uni\Master_Thesis\Master_thesis_ergodic_learning\3D_ergodic_learning\render_3d_snapshots.py:219: DeprecationWarning: 
Support for the 'engine' argument is deprecated and will be removed after September 2025.
Kaleido will be the only supported engine at that time.

  fig.write_image(png_path, engine='kaleido')

Snapshots:  58%|█████▊    | 145/250 [07:45<05:18,  3.04s/scene], wuerfel/rand_ana_poly_complex_0C:\Users\Philipp\Documents\Uni\Master_Thesis\Master_thesis_ergodic_learning\3D_ergodic_learning\render_3d_snapshots.py:219: DeprecationWarning: 
Support for the 'engine' argument is deprecated and will be removed after September 2025.
Kaleido will be the only supported engine at that time.

  fig.write_image(png_path, engine='kaleido')

Snapshots:  58%|█████▊    | 146/250 [07:48<05:15,  3.03s/scene], ei/rand_ana_poly_complex_0     C:\Users\Philipp\Documents\Uni\Master_Thesis\Master_thesis_ergodic_learning\3D_ergodic_learning\render_3d_snapshots.py:219: DeprecationWarning: 
Support for the 'engine' argument is deprecated and will be removed after September 2025.
Kaleido will be the only supported engine at that time.

  fig.write_image(png_path, engine='kaleido')

Snapshots:  59%|█████▉    | 147/250 [07:51<05:11,  3.03s/scene], bunny/rand_ana_poly_complex_0C:\Users\Philipp\Documents\Uni\Master_Thesis\Master_thesis_ergodic_learning\3D_ergodic_learning\render_3d_snapshots.py:219: DeprecationWarning: 
Support for the 'engine' argument is deprecated and will be removed after September 2025.
Kaleido will be the only supported engine at that time.

  fig.write_image(png_path, engine='kaleido')

Snapshots:  59%|█████▉    | 148/250 [07:54<05:06,  3.01s/scene], prisma/rand_ana_poly_complex_0C:\Users\Philipp\Documents\Uni\Master_Thesis\Master_thesis_ergodic_learning\3D_ergodic_learning\render_3d_snapshots.py:219: DeprecationWarning: 
Support for the 'engine' argument is deprecated and will be removed after September 2025.
Kaleido will be the only supported engine at that time.

  fig.write_image(png_path, engine='kaleido')

Snapshots:  60%|█████▉    | 149/250 [07:57<05:04,  3.01s/scene], kegel/rand_ana_poly_complex_0 C:\Users\Philipp\Documents\Uni\Master_Thesis\Master_thesis_ergodic_learning\3D_ergodic_learning\render_3d_snapshots.py:219: DeprecationWarning: 
Support for the 'engine' argument is deprecated and will be removed after September 2025.
Kaleido will be the only supported engine at that time.

  fig.write_image(png_path, engine='kaleido')

Snapshots:  60%|██████    | 150/250 [08:00<05:00,  3.01s/scene], torus/rand_ana_poly_complex_0C:\Users\Philipp\Documents\Uni\Master_Thesis\Master_thesis_ergodic_learning\3D_ergodic_learning\render_3d_snapshots.py:219: DeprecationWarning: 
Support for the 'engine' argument is deprecated and will be removed after September 2025.
Kaleido will be the only supported engine at that time.

  fig.write_image(png_path, engine='kaleido')

Snapshots:  60%|██████    | 151/250 [08:03<05:00,  3.03s/scene], ebene_flach/rand_ana_poly_complex_10C:\Users\Philipp\Documents\Uni\Master_Thesis\Master_thesis_ergodic_learning\3D_ergodic_learning\render_3d_snapshots.py:219: DeprecationWarning: 
Support for the 'engine' argument is deprecated and will be removed after September 2025.
Kaleido will be the only supported engine at that time.

  fig.write_image(png_path, engine='kaleido')

Snapshots:  61%|██████    | 152/250 [08:07<04:58,  3.05s/scene], ebene_gekippt/rand_ana_poly_complex_10C:\Users\Philipp\Documents\Uni\Master_Thesis\Master_thesis_ergodic_learning\3D_ergodic_learning\render_3d_snapshots.py:219: DeprecationWarning: 
Support for the 'engine' argument is deprecated and will be removed after September 2025.
Kaleido will be the only supported engine at that time.

  fig.write_image(png_path, engine='kaleido')

Snapshots:  61%|██████    | 153/250 [08:10<04:54,  3.04s/scene], ebene_diagonal/rand_ana_poly_complex_10C:\Users\Philipp\Documents\Uni\Master_Thesis\Master_thesis_ergodic_learning\3D_ergodic_learning\render_3d_snapshots.py:219: DeprecationWarning: 
Support for the 'engine' argument is deprecated and will be removed after September 2025.
Kaleido will be the only supported engine at that time.

  fig.write_image(png_path, engine='kaleido')

Snapshots:  62%|██████▏   | 154/250 [08:13<04:51,  3.03s/scene], kugel/rand_ana_poly_complex_10         C:\Users\Philipp\Documents\Uni\Master_Thesis\Master_thesis_ergodic_learning\3D_ergodic_learning\render_3d_snapshots.py:219: DeprecationWarning: 
Support for the 'engine' argument is deprecated and will be removed after September 2025.
Kaleido will be the only supported engine at that time.

  fig.write_image(png_path, engine='kaleido')

Snapshots:  62%|██████▏   | 155/250 [08:16<04:48,  3.03s/scene], wuerfel/rand_ana_poly_complex_10C:\Users\Philipp\Documents\Uni\Master_Thesis\Master_thesis_ergodic_learning\3D_ergodic_learning\render_3d_snapshots.py:219: DeprecationWarning: 
Support for the 'engine' argument is deprecated and will be removed after September 2025.
Kaleido will be the only supported engine at that time.

  fig.write_image(png_path, engine='kaleido')

Snapshots:  62%|██████▏   | 156/250 [08:19<04:44,  3.02s/scene], ei/rand_ana_poly_complex_10     C:\Users\Philipp\Documents\Uni\Master_Thesis\Master_thesis_ergodic_learning\3D_ergodic_learning\render_3d_snapshots.py:219: DeprecationWarning: 
Support for the 'engine' argument is deprecated and will be removed after September 2025.
Kaleido will be the only supported engine at that time.

  fig.write_image(png_path, engine='kaleido')

Snapshots:  63%|██████▎   | 157/250 [08:22<04:41,  3.03s/scene], bunny/rand_ana_poly_complex_10C:\Users\Philipp\Documents\Uni\Master_Thesis\Master_thesis_ergodic_learning\3D_ergodic_learning\render_3d_snapshots.py:219: DeprecationWarning: 
Support for the 'engine' argument is deprecated and will be removed after September 2025.
Kaleido will be the only supported engine at that time.

  fig.write_image(png_path, engine='kaleido')

Snapshots:  63%|██████▎   | 158/250 [08:25<04:36,  3.01s/scene], prisma/rand_ana_poly_complex_10C:\Users\Philipp\Documents\Uni\Master_Thesis\Master_thesis_ergodic_learning\3D_ergodic_learning\render_3d_snapshots.py:219: DeprecationWarning: 
Support for the 'engine' argument is deprecated and will be removed after September 2025.
Kaleido will be the only supported engine at that time.

  fig.write_image(png_path, engine='kaleido')

Snapshots:  64%|██████▎   | 159/250 [08:28<04:33,  3.01s/scene], kegel/rand_ana_poly_complex_10 C:\Users\Philipp\Documents\Uni\Master_Thesis\Master_thesis_ergodic_learning\3D_ergodic_learning\render_3d_snapshots.py:219: DeprecationWarning: 
Support for the 'engine' argument is deprecated and will be removed after September 2025.
Kaleido will be the only supported engine at that time.

  fig.write_image(png_path, engine='kaleido')

Snapshots:  64%|██████▍   | 160/250 [08:31<04:30,  3.01s/scene], torus/rand_ana_poly_complex_10C:\Users\Philipp\Documents\Uni\Master_Thesis\Master_thesis_ergodic_learning\3D_ergodic_learning\render_3d_snapshots.py:219: DeprecationWarning: 
Support for the 'engine' argument is deprecated and will be removed after September 2025.
Kaleido will be the only supported engine at that time.

  fig.write_image(png_path, engine='kaleido')

Snapshots:  64%|██████▍   | 161/250 [08:34<04:28,  3.02s/scene], ebene_flach/rand_ana_poly_complex_20C:\Users\Philipp\Documents\Uni\Master_Thesis\Master_thesis_ergodic_learning\3D_ergodic_learning\render_3d_snapshots.py:219: DeprecationWarning: 
Support for the 'engine' argument is deprecated and will be removed after September 2025.
Kaleido will be the only supported engine at that time.

  fig.write_image(png_path, engine='kaleido')

Snapshots:  65%|██████▍   | 162/250 [08:37<04:24,  3.01s/scene], ebene_gekippt/rand_ana_poly_complex_20C:\Users\Philipp\Documents\Uni\Master_Thesis\Master_thesis_ergodic_learning\3D_ergodic_learning\render_3d_snapshots.py:219: DeprecationWarning: 
Support for the 'engine' argument is deprecated and will be removed after September 2025.
Kaleido will be the only supported engine at that time.

  fig.write_image(png_path, engine='kaleido')

Snapshots:  65%|██████▌   | 163/250 [08:40<04:20,  3.00s/scene], ebene_diagonal/rand_ana_poly_complex_20C:\Users\Philipp\Documents\Uni\Master_Thesis\Master_thesis_ergodic_learning\3D_ergodic_learning\render_3d_snapshots.py:219: DeprecationWarning: 
Support for the 'engine' argument is deprecated and will be removed after September 2025.
Kaleido will be the only supported engine at that time.

  fig.write_image(png_path, engine='kaleido')

Snapshots:  66%|██████▌   | 164/250 [08:43<04:18,  3.00s/scene], kugel/rand_ana_poly_complex_20         C:\Users\Philipp\Documents\Uni\Master_Thesis\Master_thesis_ergodic_learning\3D_ergodic_learning\render_3d_snapshots.py:219: DeprecationWarning: 
Support for the 'engine' argument is deprecated and will be removed after September 2025.
Kaleido will be the only supported engine at that time.

  fig.write_image(png_path, engine='kaleido')

Snapshots:  66%|██████▌   | 165/250 [08:46<04:16,  3.02s/scene], wuerfel/rand_ana_poly_complex_20C:\Users\Philipp\Documents\Uni\Master_Thesis\Master_thesis_ergodic_learning\3D_ergodic_learning\render_3d_snapshots.py:219: DeprecationWarning: 
Support for the 'engine' argument is deprecated and will be removed after September 2025.
Kaleido will be the only supported engine at that time.

  fig.write_image(png_path, engine='kaleido')

Snapshots:  66%|██████▋   | 166/250 [08:49<04:12,  3.01s/scene], ei/rand_ana_poly_complex_20     C:\Users\Philipp\Documents\Uni\Master_Thesis\Master_thesis_ergodic_learning\3D_ergodic_learning\render_3d_snapshots.py:219: DeprecationWarning: 
Support for the 'engine' argument is deprecated and will be removed after September 2025.
Kaleido will be the only supported engine at that time.

  fig.write_image(png_path, engine='kaleido')

Snapshots:  67%|██████▋   | 167/250 [08:52<04:10,  3.01s/scene], bunny/rand_ana_poly_complex_20C:\Users\Philipp\Documents\Uni\Master_Thesis\Master_thesis_ergodic_learning\3D_ergodic_learning\render_3d_snapshots.py:219: DeprecationWarning: 
Support for the 'engine' argument is deprecated and will be removed after September 2025.
Kaleido will be the only supported engine at that time.

  fig.write_image(png_path, engine='kaleido')

Snapshots:  67%|██████▋   | 168/250 [08:55<04:07,  3.02s/scene], prisma/rand_ana_poly_complex_20C:\Users\Philipp\Documents\Uni\Master_Thesis\Master_thesis_ergodic_learning\3D_ergodic_learning\render_3d_snapshots.py:219: DeprecationWarning: 
Support for the 'engine' argument is deprecated and will be removed after September 2025.
Kaleido will be the only supported engine at that time.

  fig.write_image(png_path, engine='kaleido')

Snapshots:  68%|██████▊   | 169/250 [08:58<04:04,  3.02s/scene], kegel/rand_ana_poly_complex_20 C:\Users\Philipp\Documents\Uni\Master_Thesis\Master_thesis_ergodic_learning\3D_ergodic_learning\render_3d_snapshots.py:219: DeprecationWarning: 
Support for the 'engine' argument is deprecated and will be removed after September 2025.
Kaleido will be the only supported engine at that time.

  fig.write_image(png_path, engine='kaleido')

Snapshots:  68%|██████▊   | 170/250 [09:01<04:03,  3.04s/scene], torus/rand_ana_poly_complex_20C:\Users\Philipp\Documents\Uni\Master_Thesis\Master_thesis_ergodic_learning\3D_ergodic_learning\render_3d_snapshots.py:219: DeprecationWarning: 
Support for the 'engine' argument is deprecated and will be removed after September 2025.
Kaleido will be the only supported engine at that time.

  fig.write_image(png_path, engine='kaleido')

Snapshots:  68%|██████▊   | 171/250 [09:04<04:00,  3.04s/scene], ebene_flach/rand_ana_poly_complex_30C:\Users\Philipp\Documents\Uni\Master_Thesis\Master_thesis_ergodic_learning\3D_ergodic_learning\render_3d_snapshots.py:219: DeprecationWarning: 
Support for the 'engine' argument is deprecated and will be removed after September 2025.
Kaleido will be the only supported engine at that time.

  fig.write_image(png_path, engine='kaleido')

Snapshots:  69%|██████▉   | 172/250 [09:07<03:57,  3.05s/scene], ebene_gekippt/rand_ana_poly_complex_30C:\Users\Philipp\Documents\Uni\Master_Thesis\Master_thesis_ergodic_learning\3D_ergodic_learning\render_3d_snapshots.py:219: DeprecationWarning: 
Support for the 'engine' argument is deprecated and will be removed after September 2025.
Kaleido will be the only supported engine at that time.

  fig.write_image(png_path, engine='kaleido')

Snapshots:  69%|██████▉   | 173/250 [09:10<03:55,  3.05s/scene], ebene_diagonal/rand_ana_poly_complex_30C:\Users\Philipp\Documents\Uni\Master_Thesis\Master_thesis_ergodic_learning\3D_ergodic_learning\render_3d_snapshots.py:219: DeprecationWarning: 
Support for the 'engine' argument is deprecated and will be removed after September 2025.
Kaleido will be the only supported engine at that time.

  fig.write_image(png_path, engine='kaleido')

Snapshots:  70%|██████▉   | 174/250 [09:13<03:53,  3.07s/scene], kugel/rand_ana_poly_complex_30         C:\Users\Philipp\Documents\Uni\Master_Thesis\Master_thesis_ergodic_learning\3D_ergodic_learning\render_3d_snapshots.py:219: DeprecationWarning: 
Support for the 'engine' argument is deprecated and will be removed after September 2025.
Kaleido will be the only supported engine at that time.

  fig.write_image(png_path, engine='kaleido')

Snapshots:  70%|███████   | 175/250 [09:16<03:50,  3.08s/scene], wuerfel/rand_ana_poly_complex_30C:\Users\Philipp\Documents\Uni\Master_Thesis\Master_thesis_ergodic_learning\3D_ergodic_learning\render_3d_snapshots.py:219: DeprecationWarning: 
Support for the 'engine' argument is deprecated and will be removed after September 2025.
Kaleido will be the only supported engine at that time.

  fig.write_image(png_path, engine='kaleido')

Snapshots:  70%|███████   | 176/250 [09:19<03:47,  3.07s/scene], ei/rand_ana_poly_complex_30     C:\Users\Philipp\Documents\Uni\Master_Thesis\Master_thesis_ergodic_learning\3D_ergodic_learning\render_3d_snapshots.py:219: DeprecationWarning: 
Support for the 'engine' argument is deprecated and will be removed after September 2025.
Kaleido will be the only supported engine at that time.

  fig.write_image(png_path, engine='kaleido')

Snapshots:  71%|███████   | 177/250 [09:22<03:46,  3.10s/scene], bunny/rand_ana_poly_complex_30C:\Users\Philipp\Documents\Uni\Master_Thesis\Master_thesis_ergodic_learning\3D_ergodic_learning\render_3d_snapshots.py:219: DeprecationWarning: 
Support for the 'engine' argument is deprecated and will be removed after September 2025.
Kaleido will be the only supported engine at that time.

  fig.write_image(png_path, engine='kaleido')

Snapshots:  71%|███████   | 178/250 [09:26<03:42,  3.08s/scene], prisma/rand_ana_poly_complex_30C:\Users\Philipp\Documents\Uni\Master_Thesis\Master_thesis_ergodic_learning\3D_ergodic_learning\render_3d_snapshots.py:219: DeprecationWarning: 
Support for the 'engine' argument is deprecated and will be removed after September 2025.
Kaleido will be the only supported engine at that time.

  fig.write_image(png_path, engine='kaleido')

Snapshots:  72%|███████▏  | 179/250 [09:29<03:36,  3.05s/scene], kegel/rand_ana_poly_complex_30 C:\Users\Philipp\Documents\Uni\Master_Thesis\Master_thesis_ergodic_learning\3D_ergodic_learning\render_3d_snapshots.py:219: DeprecationWarning: 
Support for the 'engine' argument is deprecated and will be removed after September 2025.
Kaleido will be the only supported engine at that time.

  fig.write_image(png_path, engine='kaleido')

Snapshots:  72%|███████▏  | 180/250 [09:32<03:32,  3.04s/scene], torus/rand_ana_poly_complex_30C:\Users\Philipp\Documents\Uni\Master_Thesis\Master_thesis_ergodic_learning\3D_ergodic_learning\render_3d_snapshots.py:219: DeprecationWarning: 
Support for the 'engine' argument is deprecated and will be removed after September 2025.
Kaleido will be the only supported engine at that time.

  fig.write_image(png_path, engine='kaleido')

Snapshots:  72%|███████▏  | 181/250 [09:35<03:28,  3.02s/scene], ebene_flach/organic_0         C:\Users\Philipp\Documents\Uni\Master_Thesis\Master_thesis_ergodic_learning\3D_ergodic_learning\render_3d_snapshots.py:219: DeprecationWarning: 
Support for the 'engine' argument is deprecated and will be removed after September 2025.
Kaleido will be the only supported engine at that time.

  fig.write_image(png_path, engine='kaleido')

Snapshots:  73%|███████▎  | 182/250 [09:38<03:26,  3.03s/scene], ebene_gekippt/organic_0C:\Users\Philipp\Documents\Uni\Master_Thesis\Master_thesis_ergodic_learning\3D_ergodic_learning\render_3d_snapshots.py:219: DeprecationWarning: 
Support for the 'engine' argument is deprecated and will be removed after September 2025.
Kaleido will be the only supported engine at that time.

  fig.write_image(png_path, engine='kaleido')

Snapshots:  73%|███████▎  | 183/250 [09:41<03:24,  3.06s/scene], ebene_diagonal/organic_0C:\Users\Philipp\Documents\Uni\Master_Thesis\Master_thesis_ergodic_learning\3D_ergodic_learning\render_3d_snapshots.py:219: DeprecationWarning: 
Support for the 'engine' argument is deprecated and will be removed after September 2025.
Kaleido will be the only supported engine at that time.

  fig.write_image(png_path, engine='kaleido')

Snapshots:  74%|███████▎  | 184/250 [09:44<03:30,  3.19s/scene], kugel/organic_0         C:\Users\Philipp\Documents\Uni\Master_Thesis\Master_thesis_ergodic_learning\3D_ergodic_learning\render_3d_snapshots.py:219: DeprecationWarning: 
Support for the 'engine' argument is deprecated and will be removed after September 2025.
Kaleido will be the only supported engine at that time.

  fig.write_image(png_path, engine='kaleido')

Snapshots:  74%|███████▍  | 185/250 [09:47<03:26,  3.18s/scene], wuerfel/organic_0C:\Users\Philipp\Documents\Uni\Master_Thesis\Master_thesis_ergodic_learning\3D_ergodic_learning\render_3d_snapshots.py:219: DeprecationWarning: 
Support for the 'engine' argument is deprecated and will be removed after September 2025.
Kaleido will be the only supported engine at that time.

  fig.write_image(png_path, engine='kaleido')

Snapshots:  74%|███████▍  | 186/250 [09:50<03:21,  3.15s/scene], ei/organic_0     C:\Users\Philipp\Documents\Uni\Master_Thesis\Master_thesis_ergodic_learning\3D_ergodic_learning\render_3d_snapshots.py:219: DeprecationWarning: 
Support for the 'engine' argument is deprecated and will be removed after September 2025.
Kaleido will be the only supported engine at that time.

  fig.write_image(png_path, engine='kaleido')

Snapshots:  75%|███████▍  | 187/250 [09:54<03:19,  3.17s/scene], bunny/organic_0C:\Users\Philipp\Documents\Uni\Master_Thesis\Master_thesis_ergodic_learning\3D_ergodic_learning\render_3d_snapshots.py:219: DeprecationWarning: 
Support for the 'engine' argument is deprecated and will be removed after September 2025.
Kaleido will be the only supported engine at that time.

  fig.write_image(png_path, engine='kaleido')

Snapshots:  75%|███████▌  | 188/250 [09:57<03:26,  3.33s/scene], prisma/organic_0C:\Users\Philipp\Documents\Uni\Master_Thesis\Master_thesis_ergodic_learning\3D_ergodic_learning\render_3d_snapshots.py:219: DeprecationWarning: 
Support for the 'engine' argument is deprecated and will be removed after September 2025.
Kaleido will be the only supported engine at that time.

  fig.write_image(png_path, engine='kaleido')

Snapshots:  76%|███████▌  | 189/250 [10:01<03:24,  3.36s/scene], kegel/organic_0 C:\Users\Philipp\Documents\Uni\Master_Thesis\Master_thesis_ergodic_learning\3D_ergodic_learning\render_3d_snapshots.py:219: DeprecationWarning: 
Support for the 'engine' argument is deprecated and will be removed after September 2025.
Kaleido will be the only supported engine at that time.

  fig.write_image(png_path, engine='kaleido')

Snapshots:  76%|███████▌  | 190/250 [10:04<03:25,  3.43s/scene], torus/organic_0C:\Users\Philipp\Documents\Uni\Master_Thesis\Master_thesis_ergodic_learning\3D_ergodic_learning\render_3d_snapshots.py:219: DeprecationWarning: 
Support for the 'engine' argument is deprecated and will be removed after September 2025.
Kaleido will be the only supported engine at that time.

  fig.write_image(png_path, engine='kaleido')

Snapshots:  76%|███████▋  | 191/250 [10:08<03:23,  3.45s/scene], ebene_flach/organic_10C:\Users\Philipp\Documents\Uni\Master_Thesis\Master_thesis_ergodic_learning\3D_ergodic_learning\render_3d_snapshots.py:219: DeprecationWarning: 
Support for the 'engine' argument is deprecated and will be removed after September 2025.
Kaleido will be the only supported engine at that time.

  fig.write_image(png_path, engine='kaleido')

Snapshots:  77%|███████▋  | 192/250 [10:11<03:14,  3.36s/scene], ebene_gekippt/organic_10C:\Users\Philipp\Documents\Uni\Master_Thesis\Master_thesis_ergodic_learning\3D_ergodic_learning\render_3d_snapshots.py:219: DeprecationWarning: 
Support for the 'engine' argument is deprecated and will be removed after September 2025.
Kaleido will be the only supported engine at that time.

  fig.write_image(png_path, engine='kaleido')

Snapshots:  77%|███████▋  | 193/250 [10:14<03:07,  3.30s/scene], ebene_diagonal/organic_10C:\Users\Philipp\Documents\Uni\Master_Thesis\Master_thesis_ergodic_learning\3D_ergodic_learning\render_3d_snapshots.py:219: DeprecationWarning: 
Support for the 'engine' argument is deprecated and will be removed after September 2025.
Kaleido will be the only supported engine at that time.

  fig.write_image(png_path, engine='kaleido')

Snapshots:  78%|███████▊  | 194/250 [10:17<03:01,  3.25s/scene], kugel/organic_10         C:\Users\Philipp\Documents\Uni\Master_Thesis\Master_thesis_ergodic_learning\3D_ergodic_learning\render_3d_snapshots.py:219: DeprecationWarning: 
Support for the 'engine' argument is deprecated and will be removed after September 2025.
Kaleido will be the only supported engine at that time.

  fig.write_image(png_path, engine='kaleido')

Snapshots:  78%|███████▊  | 195/250 [10:20<02:57,  3.22s/scene], wuerfel/organic_10C:\Users\Philipp\Documents\Uni\Master_Thesis\Master_thesis_ergodic_learning\3D_ergodic_learning\render_3d_snapshots.py:219: DeprecationWarning: 
Support for the 'engine' argument is deprecated and will be removed after September 2025.
Kaleido will be the only supported engine at that time.

  fig.write_image(png_path, engine='kaleido')

Snapshots:  78%|███████▊  | 196/250 [10:24<02:51,  3.17s/scene], ei/organic_10     C:\Users\Philipp\Documents\Uni\Master_Thesis\Master_thesis_ergodic_learning\3D_ergodic_learning\render_3d_snapshots.py:219: DeprecationWarning: 
Support for the 'engine' argument is deprecated and will be removed after September 2025.
Kaleido will be the only supported engine at that time.

  fig.write_image(png_path, engine='kaleido')

Snapshots:  79%|███████▉  | 197/250 [10:27<02:48,  3.18s/scene], bunny/organic_10C:\Users\Philipp\Documents\Uni\Master_Thesis\Master_thesis_ergodic_learning\3D_ergodic_learning\render_3d_snapshots.py:219: DeprecationWarning: 
Support for the 'engine' argument is deprecated and will be removed after September 2025.
Kaleido will be the only supported engine at that time.

  fig.write_image(png_path, engine='kaleido')

Snapshots:  79%|███████▉  | 198/250 [10:30<02:42,  3.13s/scene], prisma/organic_10C:\Users\Philipp\Documents\Uni\Master_Thesis\Master_thesis_ergodic_learning\3D_ergodic_learning\render_3d_snapshots.py:219: DeprecationWarning: 
Support for the 'engine' argument is deprecated and will be removed after September 2025.
Kaleido will be the only supported engine at that time.

  fig.write_image(png_path, engine='kaleido')

Snapshots:  80%|███████▉  | 199/250 [10:33<02:38,  3.11s/scene], kegel/organic_10 C:\Users\Philipp\Documents\Uni\Master_Thesis\Master_thesis_ergodic_learning\3D_ergodic_learning\render_3d_snapshots.py:219: DeprecationWarning: 
Support for the 'engine' argument is deprecated and will be removed after September 2025.
Kaleido will be the only supported engine at that time.

  fig.write_image(png_path, engine='kaleido')

Snapshots:  80%|████████  | 200/250 [10:36<02:34,  3.09s/scene], torus/organic_10C:\Users\Philipp\Documents\Uni\Master_Thesis\Master_thesis_ergodic_learning\3D_ergodic_learning\render_3d_snapshots.py:219: DeprecationWarning: 
Support for the 'engine' argument is deprecated and will be removed after September 2025.
Kaleido will be the only supported engine at that time.

  fig.write_image(png_path, engine='kaleido')

Snapshots:  80%|████████  | 201/250 [10:39<02:32,  3.11s/scene], ebene_flach/organic_20C:\Users\Philipp\Documents\Uni\Master_Thesis\Master_thesis_ergodic_learning\3D_ergodic_learning\render_3d_snapshots.py:219: DeprecationWarning: 
Support for the 'engine' argument is deprecated and will be removed after September 2025.
Kaleido will be the only supported engine at that time.

  fig.write_image(png_path, engine='kaleido')

Snapshots:  81%|████████  | 202/250 [10:42<02:28,  3.08s/scene], ebene_gekippt/organic_20C:\Users\Philipp\Documents\Uni\Master_Thesis\Master_thesis_ergodic_learning\3D_ergodic_learning\render_3d_snapshots.py:219: DeprecationWarning: 
Support for the 'engine' argument is deprecated and will be removed after September 2025.
Kaleido will be the only supported engine at that time.

  fig.write_image(png_path, engine='kaleido')

Snapshots:  81%|████████  | 203/250 [10:45<02:24,  3.07s/scene], ebene_diagonal/organic_20C:\Users\Philipp\Documents\Uni\Master_Thesis\Master_thesis_ergodic_learning\3D_ergodic_learning\render_3d_snapshots.py:219: DeprecationWarning: 
Support for the 'engine' argument is deprecated and will be removed after September 2025.
Kaleido will be the only supported engine at that time.

  fig.write_image(png_path, engine='kaleido')

Snapshots:  82%|████████▏ | 204/250 [10:48<02:21,  3.07s/scene], kugel/organic_20         C:\Users\Philipp\Documents\Uni\Master_Thesis\Master_thesis_ergodic_learning\3D_ergodic_learning\render_3d_snapshots.py:219: DeprecationWarning: 
Support for the 'engine' argument is deprecated and will be removed after September 2025.
Kaleido will be the only supported engine at that time.

  fig.write_image(png_path, engine='kaleido')

Snapshots:  82%|████████▏ | 205/250 [10:51<02:18,  3.07s/scene], wuerfel/organic_20C:\Users\Philipp\Documents\Uni\Master_Thesis\Master_thesis_ergodic_learning\3D_ergodic_learning\render_3d_snapshots.py:219: DeprecationWarning: 
Support for the 'engine' argument is deprecated and will be removed after September 2025.
Kaleido will be the only supported engine at that time.

  fig.write_image(png_path, engine='kaleido')

Snapshots:  82%|████████▏ | 206/250 [10:54<02:14,  3.07s/scene], ei/organic_20     C:\Users\Philipp\Documents\Uni\Master_Thesis\Master_thesis_ergodic_learning\3D_ergodic_learning\render_3d_snapshots.py:219: DeprecationWarning: 
Support for the 'engine' argument is deprecated and will be removed after September 2025.
Kaleido will be the only supported engine at that time.

  fig.write_image(png_path, engine='kaleido')

Snapshots:  83%|████████▎ | 207/250 [10:57<02:12,  3.07s/scene], bunny/organic_20C:\Users\Philipp\Documents\Uni\Master_Thesis\Master_thesis_ergodic_learning\3D_ergodic_learning\render_3d_snapshots.py:219: DeprecationWarning: 
Support for the 'engine' argument is deprecated and will be removed after September 2025.
Kaleido will be the only supported engine at that time.

  fig.write_image(png_path, engine='kaleido')

Snapshots:  83%|████████▎ | 208/250 [11:01<02:10,  3.10s/scene], prisma/organic_20C:\Users\Philipp\Documents\Uni\Master_Thesis\Master_thesis_ergodic_learning\3D_ergodic_learning\render_3d_snapshots.py:219: DeprecationWarning: 
Support for the 'engine' argument is deprecated and will be removed after September 2025.
Kaleido will be the only supported engine at that time.

  fig.write_image(png_path, engine='kaleido')

Snapshots:  84%|████████▎ | 209/250 [11:04<02:06,  3.09s/scene], kegel/organic_20 C:\Users\Philipp\Documents\Uni\Master_Thesis\Master_thesis_ergodic_learning\3D_ergodic_learning\render_3d_snapshots.py:219: DeprecationWarning: 
Support for the 'engine' argument is deprecated and will be removed after September 2025.
Kaleido will be the only supported engine at that time.

  fig.write_image(png_path, engine='kaleido')

Snapshots:  84%|████████▍ | 210/250 [11:07<02:08,  3.20s/scene], torus/organic_20C:\Users\Philipp\Documents\Uni\Master_Thesis\Master_thesis_ergodic_learning\3D_ergodic_learning\render_3d_snapshots.py:219: DeprecationWarning: 
Support for the 'engine' argument is deprecated and will be removed after September 2025.
Kaleido will be the only supported engine at that time.

  fig.write_image(png_path, engine='kaleido')

Snapshots:  84%|████████▍ | 211/250 [11:10<02:03,  3.17s/scene], ebene_flach/organic_30C:\Users\Philipp\Documents\Uni\Master_Thesis\Master_thesis_ergodic_learning\3D_ergodic_learning\render_3d_snapshots.py:219: DeprecationWarning: 
Support for the 'engine' argument is deprecated and will be removed after September 2025.
Kaleido will be the only supported engine at that time.

  fig.write_image(png_path, engine='kaleido')

Snapshots:  85%|████████▍ | 212/250 [11:13<01:59,  3.13s/scene], ebene_gekippt/organic_30C:\Users\Philipp\Documents\Uni\Master_Thesis\Master_thesis_ergodic_learning\3D_ergodic_learning\render_3d_snapshots.py:219: DeprecationWarning: 
Support for the 'engine' argument is deprecated and will be removed after September 2025.
Kaleido will be the only supported engine at that time.

  fig.write_image(png_path, engine='kaleido')

Snapshots:  85%|████████▌ | 213/250 [11:16<01:56,  3.16s/scene], ebene_diagonal/organic_30C:\Users\Philipp\Documents\Uni\Master_Thesis\Master_thesis_ergodic_learning\3D_ergodic_learning\render_3d_snapshots.py:219: DeprecationWarning: 
Support for the 'engine' argument is deprecated and will be removed after September 2025.
Kaleido will be the only supported engine at that time.

  fig.write_image(png_path, engine='kaleido')

Snapshots:  86%|████████▌ | 214/250 [11:19<01:52,  3.13s/scene], kugel/organic_30         C:\Users\Philipp\Documents\Uni\Master_Thesis\Master_thesis_ergodic_learning\3D_ergodic_learning\render_3d_snapshots.py:219: DeprecationWarning: 
Support for the 'engine' argument is deprecated and will be removed after September 2025.
Kaleido will be the only supported engine at that time.

  fig.write_image(png_path, engine='kaleido')

Snapshots:  86%|████████▌ | 215/250 [11:23<01:51,  3.17s/scene], wuerfel/organic_30C:\Users\Philipp\Documents\Uni\Master_Thesis\Master_thesis_ergodic_learning\3D_ergodic_learning\render_3d_snapshots.py:219: DeprecationWarning: 
Support for the 'engine' argument is deprecated and will be removed after September 2025.
Kaleido will be the only supported engine at that time.

  fig.write_image(png_path, engine='kaleido')

Snapshots:  86%|████████▋ | 216/250 [11:26<01:47,  3.16s/scene], ei/organic_30     C:\Users\Philipp\Documents\Uni\Master_Thesis\Master_thesis_ergodic_learning\3D_ergodic_learning\render_3d_snapshots.py:219: DeprecationWarning: 
Support for the 'engine' argument is deprecated and will be removed after September 2025.
Kaleido will be the only supported engine at that time.

  fig.write_image(png_path, engine='kaleido')

Snapshots:  87%|████████▋ | 217/250 [11:29<01:44,  3.16s/scene], bunny/organic_30C:\Users\Philipp\Documents\Uni\Master_Thesis\Master_thesis_ergodic_learning\3D_ergodic_learning\render_3d_snapshots.py:219: DeprecationWarning: 
Support for the 'engine' argument is deprecated and will be removed after September 2025.
Kaleido will be the only supported engine at that time.

  fig.write_image(png_path, engine='kaleido')

Snapshots:  87%|████████▋ | 218/250 [11:32<01:41,  3.17s/scene], prisma/organic_30C:\Users\Philipp\Documents\Uni\Master_Thesis\Master_thesis_ergodic_learning\3D_ergodic_learning\render_3d_snapshots.py:219: DeprecationWarning: 
Support for the 'engine' argument is deprecated and will be removed after September 2025.
Kaleido will be the only supported engine at that time.

  fig.write_image(png_path, engine='kaleido')

Snapshots:  88%|████████▊ | 219/250 [11:35<01:38,  3.17s/scene], kegel/organic_30 C:\Users\Philipp\Documents\Uni\Master_Thesis\Master_thesis_ergodic_learning\3D_ergodic_learning\render_3d_snapshots.py:219: DeprecationWarning: 
Support for the 'engine' argument is deprecated and will be removed after September 2025.
Kaleido will be the only supported engine at that time.

  fig.write_image(png_path, engine='kaleido')

Snapshots:  88%|████████▊ | 220/250 [11:39<01:34,  3.15s/scene], torus/organic_30C:\Users\Philipp\Documents\Uni\Master_Thesis\Master_thesis_ergodic_learning\3D_ergodic_learning\render_3d_snapshots.py:219: DeprecationWarning: 
Support for the 'engine' argument is deprecated and will be removed after September 2025.
Kaleido will be the only supported engine at that time.

  fig.write_image(png_path, engine='kaleido')

Snapshots:  88%|████████▊ | 221/250 [11:42<01:31,  3.14s/scene], ebene_flach/cjk_0C:\Users\Philipp\Documents\Uni\Master_Thesis\Master_thesis_ergodic_learning\3D_ergodic_learning\render_3d_snapshots.py:219: DeprecationWarning: 
Support for the 'engine' argument is deprecated and will be removed after September 2025.
Kaleido will be the only supported engine at that time.

  fig.write_image(png_path, engine='kaleido')

Snapshots:  89%|████████▉ | 222/250 [11:45<01:33,  3.33s/scene], ebene_gekippt/cjk_0C:\Users\Philipp\Documents\Uni\Master_Thesis\Master_thesis_ergodic_learning\3D_ergodic_learning\render_3d_snapshots.py:219: DeprecationWarning: 
Support for the 'engine' argument is deprecated and will be removed after September 2025.
Kaleido will be the only supported engine at that time.

  fig.write_image(png_path, engine='kaleido')

Snapshots:  89%|████████▉ | 223/250 [11:50<01:37,  3.62s/scene], ebene_diagonal/cjk_0C:\Users\Philipp\Documents\Uni\Master_Thesis\Master_thesis_ergodic_learning\3D_ergodic_learning\render_3d_snapshots.py:219: DeprecationWarning: 
Support for the 'engine' argument is deprecated and will be removed after September 2025.
Kaleido will be the only supported engine at that time.

  fig.write_image(png_path, engine='kaleido')

Snapshots:  90%|████████▉ | 224/250 [11:54<01:36,  3.73s/scene], kugel/cjk_0         C:\Users\Philipp\Documents\Uni\Master_Thesis\Master_thesis_ergodic_learning\3D_ergodic_learning\render_3d_snapshots.py:219: DeprecationWarning: 
Support for the 'engine' argument is deprecated and will be removed after September 2025.
Kaleido will be the only supported engine at that time.

  fig.write_image(png_path, engine='kaleido')

Snapshots:  90%|█████████ | 225/250 [11:57<01:31,  3.66s/scene], wuerfel/cjk_0C:\Users\Philipp\Documents\Uni\Master_Thesis\Master_thesis_ergodic_learning\3D_ergodic_learning\render_3d_snapshots.py:219: DeprecationWarning: 
Support for the 'engine' argument is deprecated and will be removed after September 2025.
Kaleido will be the only supported engine at that time.

  fig.write_image(png_path, engine='kaleido')

Snapshots:  90%|█████████ | 226/250 [12:00<01:23,  3.48s/scene], ei/cjk_0     C:\Users\Philipp\Documents\Uni\Master_Thesis\Master_thesis_ergodic_learning\3D_ergodic_learning\render_3d_snapshots.py:219: DeprecationWarning: 
Support for the 'engine' argument is deprecated and will be removed after September 2025.
Kaleido will be the only supported engine at that time.

  fig.write_image(png_path, engine='kaleido')

Snapshots:  91%|█████████ | 227/250 [12:03<01:18,  3.39s/scene], bunny/cjk_0C:\Users\Philipp\Documents\Uni\Master_Thesis\Master_thesis_ergodic_learning\3D_ergodic_learning\render_3d_snapshots.py:219: DeprecationWarning: 
Support for the 'engine' argument is deprecated and will be removed after September 2025.
Kaleido will be the only supported engine at that time.

  fig.write_image(png_path, engine='kaleido')

Snapshots:  91%|█████████ | 228/250 [12:07<01:13,  3.34s/scene], prisma/cjk_0C:\Users\Philipp\Documents\Uni\Master_Thesis\Master_thesis_ergodic_learning\3D_ergodic_learning\render_3d_snapshots.py:219: DeprecationWarning: 
Support for the 'engine' argument is deprecated and will be removed after September 2025.
Kaleido will be the only supported engine at that time.

  fig.write_image(png_path, engine='kaleido')

Snapshots:  92%|█████████▏| 229/250 [12:10<01:09,  3.29s/scene], kegel/cjk_0 C:\Users\Philipp\Documents\Uni\Master_Thesis\Master_thesis_ergodic_learning\3D_ergodic_learning\render_3d_snapshots.py:219: DeprecationWarning: 
Support for the 'engine' argument is deprecated and will be removed after September 2025.
Kaleido will be the only supported engine at that time.

  fig.write_image(png_path, engine='kaleido')

Snapshots:  92%|█████████▏| 230/250 [12:13<01:06,  3.30s/scene], torus/cjk_0C:\Users\Philipp\Documents\Uni\Master_Thesis\Master_thesis_ergodic_learning\3D_ergodic_learning\render_3d_snapshots.py:219: DeprecationWarning: 
Support for the 'engine' argument is deprecated and will be removed after September 2025.
Kaleido will be the only supported engine at that time.

  fig.write_image(png_path, engine='kaleido')

Snapshots:  92%|█████████▏| 231/250 [12:16<01:01,  3.24s/scene], ebene_flach/cjk_10C:\Users\Philipp\Documents\Uni\Master_Thesis\Master_thesis_ergodic_learning\3D_ergodic_learning\render_3d_snapshots.py:219: DeprecationWarning: 
Support for the 'engine' argument is deprecated and will be removed after September 2025.
Kaleido will be the only supported engine at that time.

  fig.write_image(png_path, engine='kaleido')

Snapshots:  93%|█████████▎| 232/250 [12:19<00:57,  3.18s/scene], ebene_gekippt/cjk_10C:\Users\Philipp\Documents\Uni\Master_Thesis\Master_thesis_ergodic_learning\3D_ergodic_learning\render_3d_snapshots.py:219: DeprecationWarning: 
Support for the 'engine' argument is deprecated and will be removed after September 2025.
Kaleido will be the only supported engine at that time.

  fig.write_image(png_path, engine='kaleido')

Snapshots:  93%|█████████▎| 233/250 [12:22<00:53,  3.16s/scene], ebene_diagonal/cjk_10C:\Users\Philipp\Documents\Uni\Master_Thesis\Master_thesis_ergodic_learning\3D_ergodic_learning\render_3d_snapshots.py:219: DeprecationWarning: 
Support for the 'engine' argument is deprecated and will be removed after September 2025.
Kaleido will be the only supported engine at that time.

  fig.write_image(png_path, engine='kaleido')

Snapshots:  94%|█████████▎| 234/250 [12:26<00:51,  3.21s/scene], kugel/cjk_10         C:\Users\Philipp\Documents\Uni\Master_Thesis\Master_thesis_ergodic_learning\3D_ergodic_learning\render_3d_snapshots.py:219: DeprecationWarning: 
Support for the 'engine' argument is deprecated and will be removed after September 2025.
Kaleido will be the only supported engine at that time.

  fig.write_image(png_path, engine='kaleido')

Snapshots:  94%|█████████▍| 235/250 [12:29<00:47,  3.18s/scene], wuerfel/cjk_10C:\Users\Philipp\Documents\Uni\Master_Thesis\Master_thesis_ergodic_learning\3D_ergodic_learning\render_3d_snapshots.py:219: DeprecationWarning: 
Support for the 'engine' argument is deprecated and will be removed after September 2025.
Kaleido will be the only supported engine at that time.

  fig.write_image(png_path, engine='kaleido')

Snapshots:  94%|█████████▍| 236/250 [12:32<00:44,  3.15s/scene], ei/cjk_10     C:\Users\Philipp\Documents\Uni\Master_Thesis\Master_thesis_ergodic_learning\3D_ergodic_learning\render_3d_snapshots.py:219: DeprecationWarning: 
Support for the 'engine' argument is deprecated and will be removed after September 2025.
Kaleido will be the only supported engine at that time.

  fig.write_image(png_path, engine='kaleido')

Snapshots:  95%|█████████▍| 237/250 [12:35<00:40,  3.14s/scene], bunny/cjk_10C:\Users\Philipp\Documents\Uni\Master_Thesis\Master_thesis_ergodic_learning\3D_ergodic_learning\render_3d_snapshots.py:219: DeprecationWarning: 
Support for the 'engine' argument is deprecated and will be removed after September 2025.
Kaleido will be the only supported engine at that time.

  fig.write_image(png_path, engine='kaleido')

Snapshots:  95%|█████████▌| 238/250 [12:38<00:37,  3.12s/scene], prisma/cjk_10C:\Users\Philipp\Documents\Uni\Master_Thesis\Master_thesis_ergodic_learning\3D_ergodic_learning\render_3d_snapshots.py:219: DeprecationWarning: 
Support for the 'engine' argument is deprecated and will be removed after September 2025.
Kaleido will be the only supported engine at that time.

  fig.write_image(png_path, engine='kaleido')

Snapshots:  96%|█████████▌| 239/250 [12:41<00:34,  3.11s/scene], kegel/cjk_10 C:\Users\Philipp\Documents\Uni\Master_Thesis\Master_thesis_ergodic_learning\3D_ergodic_learning\render_3d_snapshots.py:219: DeprecationWarning: 
Support for the 'engine' argument is deprecated and will be removed after September 2025.
Kaleido will be the only supported engine at that time.

  fig.write_image(png_path, engine='kaleido')

Snapshots:  96%|█████████▌| 240/250 [12:44<00:30,  3.09s/scene], torus/cjk_10C:\Users\Philipp\Documents\Uni\Master_Thesis\Master_thesis_ergodic_learning\3D_ergodic_learning\render_3d_snapshots.py:219: DeprecationWarning: 
Support for the 'engine' argument is deprecated and will be removed after September 2025.
Kaleido will be the only supported engine at that time.

  fig.write_image(png_path, engine='kaleido')

Snapshots:  96%|█████████▋| 241/250 [12:47<00:27,  3.06s/scene], ebene_flach/cjk_20C:\Users\Philipp\Documents\Uni\Master_Thesis\Master_thesis_ergodic_learning\3D_ergodic_learning\render_3d_snapshots.py:219: DeprecationWarning: 
Support for the 'engine' argument is deprecated and will be removed after September 2025.
Kaleido will be the only supported engine at that time.

  fig.write_image(png_path, engine='kaleido')

Snapshots:  97%|█████████▋| 242/250 [12:50<00:24,  3.05s/scene], ebene_gekippt/cjk_20C:\Users\Philipp\Documents\Uni\Master_Thesis\Master_thesis_ergodic_learning\3D_ergodic_learning\render_3d_snapshots.py:219: DeprecationWarning: 
Support for the 'engine' argument is deprecated and will be removed after September 2025.
Kaleido will be the only supported engine at that time.

  fig.write_image(png_path, engine='kaleido')

Snapshots:  97%|█████████▋| 243/250 [12:53<00:21,  3.03s/scene], ebene_diagonal/cjk_20C:\Users\Philipp\Documents\Uni\Master_Thesis\Master_thesis_ergodic_learning\3D_ergodic_learning\render_3d_snapshots.py:219: DeprecationWarning: 
Support for the 'engine' argument is deprecated and will be removed after September 2025.
Kaleido will be the only supported engine at that time.

  fig.write_image(png_path, engine='kaleido')

Snapshots:  98%|█████████▊| 244/250 [12:56<00:18,  3.04s/scene], kugel/cjk_20         C:\Users\Philipp\Documents\Uni\Master_Thesis\Master_thesis_ergodic_learning\3D_ergodic_learning\render_3d_snapshots.py:219: DeprecationWarning: 
Support for the 'engine' argument is deprecated and will be removed after September 2025.
Kaleido will be the only supported engine at that time.

  fig.write_image(png_path, engine='kaleido')

Snapshots:  98%|█████████▊| 245/250 [12:59<00:15,  3.04s/scene], wuerfel/cjk_20C:\Users\Philipp\Documents\Uni\Master_Thesis\Master_thesis_ergodic_learning\3D_ergodic_learning\render_3d_snapshots.py:219: DeprecationWarning: 
Support for the 'engine' argument is deprecated and will be removed after September 2025.
Kaleido will be the only supported engine at that time.

  fig.write_image(png_path, engine='kaleido')

Snapshots:  98%|█████████▊| 246/250 [13:02<00:12,  3.05s/scene], ei/cjk_20     C:\Users\Philipp\Documents\Uni\Master_Thesis\Master_thesis_ergodic_learning\3D_ergodic_learning\render_3d_snapshots.py:219: DeprecationWarning: 
Support for the 'engine' argument is deprecated and will be removed after September 2025.
Kaleido will be the only supported engine at that time.

  fig.write_image(png_path, engine='kaleido')

Snapshots:  99%|█████████▉| 247/250 [13:05<00:09,  3.05s/scene], bunny/cjk_20C:\Users\Philipp\Documents\Uni\Master_Thesis\Master_thesis_ergodic_learning\3D_ergodic_learning\render_3d_snapshots.py:219: DeprecationWarning: 
Support for the 'engine' argument is deprecated and will be removed after September 2025.
Kaleido will be the only supported engine at that time.

  fig.write_image(png_path, engine='kaleido')

Snapshots:  99%|█████████▉| 248/250 [13:09<00:06,  3.06s/scene], prisma/cjk_20C:\Users\Philipp\Documents\Uni\Master_Thesis\Master_thesis_ergodic_learning\3D_ergodic_learning\render_3d_snapshots.py:219: DeprecationWarning: 
Support for the 'engine' argument is deprecated and will be removed after September 2025.
Kaleido will be the only supported engine at that time.

  fig.write_image(png_path, engine='kaleido')

Snapshots: 100%|█████████▉| 249/250 [13:12<00:03,  3.13s/scene], kegel/cjk_20 C:\Users\Philipp\Documents\Uni\Master_Thesis\Master_thesis_ergodic_learning\3D_ergodic_learning\render_3d_snapshots.py:219: DeprecationWarning: 
Support for the 'engine' argument is deprecated and will be removed after September 2025.
Kaleido will be the only supported engine at that time.

  fig.write_image(png_path, engine='kaleido')

Snapshots: 100%|██████████| 250/250 [13:15<00:00,  3.12s/scene], torus/cjk_20
Snapshots: 100%|██████████| 250/250 [13:15<00:00,  3.18s/scene], torus/cjk_20
done -> C:\Users\Philipp\Documents\Uni\Master_Thesis\Master_thesis_ergodic_learning\3D_ergodic_learning\auswertungen\nooffset200_ep0300\bilder
   ... 800 s

$ C:\Users\Philipp\Documents\Uni\Master_Thesis\Master_thesis_ergodic_learning\.venv\Scripts\python.exe C:\Users\Philipp\Documents\Uni\Master_Thesis\Master_thesis_ergodic_learning\3D_ergodic_learning\plot_surface_metrics.py --csv C:\Users\Philipp\Documents\Uni\Master_Thesis\Master_thesis_ergodic_learning\3D_ergodic_learning\auswertungen\nooffset200_ep0300\metriken.csv --out_dir C:\Users\Philipp\Documents\Uni\Master_Thesis\Master_thesis_ergodic_learning\3D_ergodic_learning\auswertungen\nooffset200_ep0300\diagramme --standoff_target 0.12 --titel "3D-Flaechenauswertung — nooffset200_ep0300"
250 rows — 25 shapes x 10 surfaces
  [png ] C:\Users\Philipp\Documents\Uni\Master_Thesis\Master_thesis_ergodic_learning\3D_ergodic_learning\auswertungen\nooffset200_ep0300\diagramme\01_pro_flaeche.png
  [png ] C:\Users\Philipp\Documents\Uni\Master_Thesis\Master_thesis_ergodic_learning\3D_ergodic_learning\auswertungen\nooffset200_ep0300\diagramme\02_heatmap.png
  [png ] C:\Users\Philipp\Documents\Uni\Master_Thesis\Master_thesis_ergodic_learning\3D_ergodic_learning\auswertungen\nooffset200_ep0300\diagramme\03_verteilung.png
  [html] C:\Users\Philipp\Documents\Uni\Master_Thesis\Master_thesis_ergodic_learning\3D_ergodic_learning\auswertungen\nooffset200_ep0300\diagramme\metriken.html
  [csv ] C:\Users\Philipp\Documents\Uni\Master_Thesis\Master_thesis_ergodic_learning\3D_ergodic_learning\auswertungen\nooffset200_ep0300\diagramme\zusammenfassung.csv
  [json] C:\Users\Philipp\Documents\Uni\Master_Thesis\Master_thesis_ergodic_learning\3D_ergodic_learning\auswertungen\nooffset200_ep0300\diagramme\zusammenfassung.json
   ... 8 s

[html] C:\Users\Philipp\Documents\Uni\Master_Thesis\Master_thesis_ergodic_learning\3D_ergodic_learning\auswertungen\nooffset200_ep0300\index.html

==============================================================================
  4 bilder           800 s
  5 diagramme          8 s
  6 index              3 s
  gesamt             811 s
==============================================================================

Fertig. Hier anfangen:

    C:\Users\Philipp\Documents\Uni\Master_Thesis\Master_thesis_ergodic_learning\3D_ergodic_learning\auswertungen\nooffset200_ep0300\index.html

