{
    "CE_Ergodic": {
        "linear": {
            "mean_cost": 6566.792841146574,
            "best_cost": 1188.9288830613436,
            "time_s": 0.5292744636535645
        },
        "n_shape": {
            "mean_cost": 10422.33967262207,
            "best_cost": 1028.7008344039898,
            "time_s": 0.5546486377716064
        },
        "polynomial": {
            "mean_cost": 9747.448935361244,
            "best_cost": 38.277171316572975,
            "time_s": 0.7083992958068848
        },
        "random": {
            "mean_cost": 156350.03347254414,
            "best_cost": 13706.219072263742,
            "time_s": 0.5361618995666504
        },
        "rrt": {
            "mean_cost": 7257.291452071555,
            "best_cost": 1004.3259013539799,
            "time_s": 0.5922057628631592
        }
    },
    "LB_Ergodic": {
        "linear": {
            "mean_cost": 1.8607627271484048,
            "best_cost": 1.798152090223644,
            "time_s": 16.499542474746704
        },
        "n_shape": {
            "mean_cost": 1.769909926039355,
            "best_cost": 1.7249342282970133,
            "time_s": 14.102113723754883
        },
        "polynomial": {
            "mean_cost": 1.87215801043168,
            "best_cost": 1.7936472626118038,
            "time_s": 14.147318601608276
        },
        "random": {
            "mean_cost": 2.9378136008533287,
            "best_cost": 2.0808586186719653,
            "time_s": 22.1241614818573
        },
        "rrt": {
            "mean_cost": 1.9678505765692502,
            "best_cost": 1.7700907201486296,
            "time_s": 21.61918878555298
        }
    },
    "SE3_SVGD": {
        "linear": {
            "mean_cost": 0.7551120203857906,
            "best_cost": 0.4864218064192972,
            "time_s": 8.965315580368042
        },
        "n_shape": {
            "mean_cost": 0.4872605864933396,
            "best_cost": 0.33886916002755885,
            "time_s": 9.09872031211853
        },
        "polynomial": {
            "mean_cost": 0.4863308180286604,
            "best_cost": 0.365272899272646,
            "time_s": 9.337133884429932
        },
        "random": {
            "mean_cost": 10.929082270764379,
            "best_cost": 9.519044112946668,
            "time_s": 9.32390570640564
        },
        "rrt": {
            "mean_cost": 0.78747687792731,
            "best_cost": 0.5158423823188953,
            "time_s": 9.262693405151367
        }
    },
    "SigKernel_CMA": {
        "linear": {
            "mean_cost": 154.06686164088305,
            "best_cost": 109.40025614316329,
            "time_s": 48.538015842437744
        },
        "n_shape": {
            "mean_cost": 207.47835683699904,
            "best_cost": 127.06567024150313,
            "time_s": 47.95575499534607
        },
        "polynomial": {
            "mean_cost": 140.94252889010085,
            "best_cost": 93.67073888843422,
            "time_s": 47.95520806312561
        },
        "random": {
            "mean_cost": 1436.3296462231576,
            "best_cost": 962.4150672020754,
            "time_s": 47.46992230415344
        },
        "rrt": {
            "mean_cost": 139.39985676386686,
            "best_cost": 118.29189309286605,
            "time_s": 46.68029475212097
        }
    },
    "Stein_Flow_matching": {
        "linear": {
            "mean_cost": 5.978141275043242,
            "best_cost": 3.373848672253901,
            "time_s": 124.52829432487488
        },
        "n_shape": {
            "mean_cost": 4.518921425862881,
            "best_cost": 2.599695934833388,
            "time_s": 123.46352005004883
        },
        "polynomial": {
            "mean_cost": 5.994582882035096,
            "best_cost": 2.665881721509556,
            "time_s": 123.60414552688599
        },
        "random": {
            "mean_cost": 199.03790206465993,
            "best_cost": 165.05455098253267,
            "time_s": 124.86214423179626
        },
        "rrt": {
            "mean_cost": 6.806281565478654,
            "best_cost": 2.4678597310951496,
            "time_s": 124.14941263198853
        }
    }
}