{
    "T": 100,
    "DIM": 3,
    "N_PARTICLES": 30,
    "N_ITERS": 100000,
    "NUM_CONTROL_POINTS": 29,
    "K_FOURIER": 5,
    "W_ERGODIC": 1705.2602796178128,
    "W_SMOOTH": 11.17039814415494,
    "W_BOUNDARY": 18.573679572888505
}