modell,shape,arm,ziel,rec_jsd,rec_cov,laenge,E_erg,cov_solver,rel_fehler,abs_fehler,nutzen_pro_weg
laenge,A,frei,nan,0.12339504600446752,0.028751984238624573,5.7233099937438965,3.0482194423675537,0.03526380658149719,nan,nan,nan
laenge,A,kond,4.0,0.12236458238752153,0.028836345300078392,5.698281764984131,3.058748722076416,0.0353064239025116,0.4245704412460327,0.4245704412460327,-0.041172055235587486
laenge,A,kraft,4.0,0.12423580116715724,0.0360579639673233,4.010316848754883,2.85537052154541,0.04010460153222084,0.002579212188720703,0.002579212188720703,0.0004908105821375681
laenge,A,kond+kraft,4.0,0.1239004325124669,0.03614898771047592,4.009951114654541,2.8471274375915527,0.04012874886393547,0.002487778663635254,0.002487778663635254,0.00029496827206918055
laenge,A,kond,6.0,0.12244321408753692,0.02880546823143959,5.709717750549316,3.045192241668701,0.03525279462337494,-0.048380374908447266,0.048380374908447266,-0.07002758141571107
laenge,A,kraft,6.0,0.13901320142625442,0.03041936457157135,5.98142671585083,2.6133203506469727,0.036639388650655746,-0.00309554735819495,0.00309554735819495,-0.06050811157952237
laenge,A,kond+kraft,6.0,0.1385762228140699,0.030366530641913414,5.981353759765625,2.5989723205566406,0.03658485412597656,-0.0031077067057291297,0.0031077067057291297,-0.058831790605334944
laenge,A,kond,8.0,0.12251766536985671,0.02878427691757679,5.712951183319092,3.0381696224212646,0.035231441259384155,-0.2858811020851135,0.2858811020851135,-0.084698975908457
laenge,A,kraft,8.0,0.15214032534748698,0.02501950040459633,7.79069709777832,2.828655481338501,0.033790551126003265,-0.02616286277770996,0.02616286277770996,-0.013904159161544631
laenge,A,kond+kraft,8.0,0.15140778136267682,0.024999458342790604,7.789096832275391,2.805155038833618,0.03378676250576973,-0.026362895965576172,0.026362895965576172,-0.013560322311920003
laenge,A,kond,11.0,0.12252066262652161,0.028777096420526505,5.710668563842773,3.0385162830352783,0.035231925547122955,-0.4808483123779297,0.4808483123779297,-0.06916807550926056
laenge,A,kraft,11.0,0.1693362913589954,0.025872929021716118,9.760795593261719,2.7796876430511475,0.03527817502617836,-0.11265494606711646,0.11265494606711646,-0.011378677204449824
laenge,A,kond+kraft,11.0,0.16813595250440289,0.025866521522402763,9.76180362701416,2.7692344188690186,0.03533295542001724,-0.1125633066350763,0.1125633066350763,-0.011078612612224273
laenge,A,kond,14.0,0.12252103156893851,0.028773434460163116,5.707508563995361,3.040238380432129,0.035234685987234116,-0.5923208168574742,0.5923208168574742,-0.05531236409857355
laenge,A,kraft,14.0,0.18051104461834286,0.026602493599057198,10.728599548339844,2.9237701892852783,0.03653392195701599,-0.23367146083286827,0.23367146083286827,-0.011411127766111034
laenge,A,kond+kraft,14.0,0.17942235394135791,0.02658826857805252,10.718664169311523,2.9238033294677734,0.03655179962515831,-0.23438113076346256,0.23438113076346256,-0.011215882992025077
laenge,A,kond,18.0,0.1225727184967041,0.02876932919025421,5.705175876617432,3.0417490005493164,0.03523290157318115,-0.683045784632365,0.683045784632365,-0.04534698336999884
laenge,A,kraft,18.0,0.1843263096776491,0.026706179603934288,11.036870002746582,2.989168643951416,0.03677256405353546,-0.3868405554029677,0.3868405554029677,-0.011467126290085488
laenge,A,kond+kraft,18.0,0.18334895484027428,0.026685792952775955,11.019847869873047,2.99822998046875,0.03674909099936485,-0.38778622945149743,0.38778622945149743,-0.011319452487258084
laenge,greek_upper_0,frei,nan,0.12339504600446752,0.028751984238624573,5.7233099937438965,3.0482194423675537,0.03526380658149719,nan,nan,nan
laenge,greek_upper_0,kond,4.0,0.12236458238752153,0.028836345300078392,5.698281764984131,3.058748722076416,0.0353064239025116,0.4245704412460327,0.4245704412460327,-0.041172055235587486
laenge,greek_upper_0,kraft,4.0,0.12423580116715724,0.0360579639673233,4.010316848754883,2.85537052154541,0.04010460153222084,0.002579212188720703,0.002579212188720703,0.0004908105821375681
laenge,greek_upper_0,kond+kraft,4.0,0.1239004325124669,0.03614898771047592,4.009951114654541,2.8471274375915527,0.04012874886393547,0.002487778663635254,0.002487778663635254,0.00029496827206918055
laenge,greek_upper_0,kond,6.0,0.12244321408753692,0.02880546823143959,5.709717750549316,3.045192241668701,0.03525279462337494,-0.048380374908447266,0.048380374908447266,-0.07002758141571107
laenge,greek_upper_0,kraft,6.0,0.13901320142625442,0.03041936457157135,5.98142671585083,2.6133203506469727,0.036639388650655746,-0.00309554735819495,0.00309554735819495,-0.06050811157952237
laenge,greek_upper_0,kond+kraft,6.0,0.1385762228140699,0.030366530641913414,5.981353759765625,2.5989723205566406,0.03658485412597656,-0.0031077067057291297,0.0031077067057291297,-0.058831790605334944
laenge,greek_upper_0,kond,8.0,0.12251766536985671,0.02878427691757679,5.712951183319092,3.0381696224212646,0.035231441259384155,-0.2858811020851135,0.2858811020851135,-0.084698975908457
laenge,greek_upper_0,kraft,8.0,0.15214032534748698,0.02501950040459633,7.79069709777832,2.828655481338501,0.033790551126003265,-0.02616286277770996,0.02616286277770996,-0.013904159161544631
laenge,greek_upper_0,kond+kraft,8.0,0.15140778136267682,0.024999458342790604,7.789096832275391,2.805155038833618,0.03378676250576973,-0.026362895965576172,0.026362895965576172,-0.013560322311920003
laenge,greek_upper_0,kond,11.0,0.12252066262652161,0.028777096420526505,5.710668563842773,3.0385162830352783,0.035231925547122955,-0.4808483123779297,0.4808483123779297,-0.06916807550926056
laenge,greek_upper_0,kraft,11.0,0.1693362913589954,0.025872929021716118,9.760795593261719,2.7796876430511475,0.03527817502617836,-0.11265494606711646,0.11265494606711646,-0.011378677204449824
laenge,greek_upper_0,kond+kraft,11.0,0.16813595250440289,0.025866521522402763,9.76180362701416,2.7692344188690186,0.03533295542001724,-0.1125633066350763,0.1125633066350763,-0.011078612612224273
laenge,greek_upper_0,kond,14.0,0.12252103156893851,0.028773434460163116,5.707508563995361,3.040238380432129,0.035234685987234116,-0.5923208168574742,0.5923208168574742,-0.05531236409857355
laenge,greek_upper_0,kraft,14.0,0.18051104461834286,0.026602493599057198,10.728599548339844,2.9237701892852783,0.03653392195701599,-0.23367146083286827,0.23367146083286827,-0.011411127766111034
laenge,greek_upper_0,kond+kraft,14.0,0.17942235394135791,0.02658826857805252,10.718664169311523,2.9238033294677734,0.03655179962515831,-0.23438113076346256,0.23438113076346256,-0.011215882992025077
laenge,greek_upper_0,kond,18.0,0.1225727184967041,0.02876932919025421,5.705175876617432,3.0417490005493164,0.03523290157318115,-0.683045784632365,0.683045784632365,-0.04534698336999884
laenge,greek_upper_0,kraft,18.0,0.1843263096776491,0.026706179603934288,11.036870002746582,2.989168643951416,0.03677256405353546,-0.3868405554029677,0.3868405554029677,-0.011467126290085488
laenge,greek_upper_0,kond+kraft,18.0,0.18334895484027428,0.026685792952775955,11.019847869873047,2.99822998046875,0.03674909099936485,-0.38778622945149743,0.38778622945149743,-0.011319452487258084
laenge,korean_5,frei,nan,0.27876972333938216,0.042197927832603455,6.76444673538208,11.820381164550781,0.04910165071487427,nan,nan,nan
laenge,korean_5,kond,4.0,0.28073100559418895,0.04127855226397514,6.630209922790527,11.546086311340332,0.048341818153858185,0.6575524806976318,0.6575524806976318,0.014610614010736836
laenge,korean_5,kraft,4.0,0.26498947977389525,0.05472153425216675,4.015161514282227,11.844401359558105,0.05850854516029358,0.0037903785705566406,0.0037903785705566406,-0.005012300455306746
laenge,korean_5,kond+kraft,4.0,0.2723586884867239,0.05352788791060448,4.009281635284424,11.848873138427734,0.05734753981232643,0.002320408821105957,0.002320408821105957,-0.002326914946923152
laenge,korean_5,kond,6.0,0.2808647864723447,0.041297558695077896,6.619596004486084,11.40194320678711,0.04831790179014206,0.10326600074768066,0.10326600074768066,0.01446360070124057
laenge,korean_5,kraft,6.0,0.2727741030692173,0.04428952932357788,6.009916305541992,11.319526672363281,0.049873292446136475,0.0016527175903320312,0.0016527175903320312,-0.00794616099371308
laenge,korean_5,kond+kraft,6.0,0.2711874978735534,0.04232672229409218,6.004922866821289,11.353475570678711,0.04841279238462448,0.0008204778035481031,0.0008204778035481031,-0.00998286660851909
laenge,korean_5,kond,8.0,0.2809812003023111,0.04133965075016022,6.608180522918701,11.366110801696777,0.04834951460361481,-0.17397743463516235,0.17397743463516235,0.014151984156186098
laenge,korean_5,kraft,8.0,0.2835879692265117,0.037025853991508484,7.893286228179932,11.797039031982422,0.045939851552248,-0.013339221477508545,0.013339221477508545,-0.004268317965371158
laenge,korean_5,kond+kraft,8.0,0.28709400188950623,0.03584922105073929,7.879221439361572,11.369756698608398,0.04411779344081879,-0.015097320079803467,0.015097320079803467,-0.007467229495258813
laenge,korean_5,kond,11.0,0.2810924616911538,0.04133740812540054,6.598874092102051,11.379241943359375,0.048375990241765976,-0.40010235526344995,0.40010235526344995,0.014028515253230952
laenge,korean_5,kraft,11.0,0.3051881249082738,0.033511966466903687,10.024030685424805,12.119264602661133,0.04415708780288696,-0.08872448314319958,0.08872448314319958,-0.00810483852350094
laenge,korean_5,kond+kraft,11.0,0.30482572884757975,0.03438343107700348,9.957793235778809,11.488834381103516,0.043562665581703186,-0.0947460694746538,0.0947460694746538,-0.008159467037153811
laenge,korean_5,kond,14.0,0.28114633572587955,0.0413539782166481,6.5929388999938965,11.382845878601074,0.048392489552497864,-0.5290757928575789,0.5290757928575789,0.013857165074226876
laenge,korean_5,kraft,14.0,0.3189588697332508,0.033298954367637634,11.151405334472656,12.255537986755371,0.045041389763355255,-0.20347104753766743,0.20347104753766743,-0.009161049844919883
laenge,korean_5,kond+kraft,14.0,0.3140345672200059,0.03454550355672836,11.053452491760254,11.559486389160156,0.04500685632228851,-0.21046767915998188,0.21046767915998188,-0.008222148881050448
laenge,korean_5,kond,18.0,0.2811171915420111,0.041349805891513824,6.588738441467285,11.350747108459473,0.04838119074702263,-0.6339589754740398,0.6339589754740398,0.01336003070957638
laenge,korean_5,kraft,18.0,0.32443825568120055,0.033240906894207,11.646360397338867,12.310254096984863,0.045280441641807556,-0.3529799779256185,0.3529799779256185,-0.009354637444266754
laenge,korean_5,kond+kraft,18.0,0.3174577136160926,0.03462915122509003,11.529200553894043,11.559680938720703,0.04528449475765228,-0.3594888581169976,0.3594888581169976,-0.008119619974152774
laenge,digit_5,frei,nan,0.13838539570464353,0.032128289341926575,5.496035575866699,4.062392234802246,0.03763291984796524,nan,nan,nan
laenge,digit_5,kond,4.0,0.13737931694462133,0.032081522047519684,5.458801746368408,4.0035719871521,0.03758537024259567,0.36470043659210205,0.36470043659210205,-0.02702055559631284
laenge,digit_5,kraft,4.0,0.12863820670043405,0.03317205607891083,4.000230312347412,3.497652053833008,0.037151433527469635,5.7578086853027344e-05,5.7578086853027344e-05,-0.006516348913812872
laenge,digit_5,kond+kraft,4.0,0.1298022128421791,0.03310732543468475,4.000410079956055,3.497833251953125,0.03720518946647644,0.00010251998901367188,0.00010251998901367188,-0.00573885834785022
laenge,digit_5,kond,6.0,0.13720410588005771,0.03202325850725174,5.461312294006348,4.018348217010498,0.03748539835214615,-0.08978128433227539,0.08978128433227539,-0.03402010873674537
laenge,digit_5,kraft,6.0,0.14609342274840148,0.03176756575703621,5.986678600311279,3.6709494590759277,0.03702408820390701,-0.0022202332814534875,0.0022202332814534875,-0.015710051217957544
laenge,digit_5,kond+kraft,6.0,0.14587787497752472,0.03178940340876579,5.9863762855529785,3.5835120677948,0.03713259845972061,-0.0022706190745035437,0.0022706190745035437,-0.0152801493428414
laenge,digit_5,kond,8.0,0.137106826538955,0.03201768174767494,5.456433296203613,4.020056247711182,0.0374738983809948,-0.31794583797454834,0.31794583797454834,-0.032285241571088266
laenge,digit_5,kraft,8.0,0.16848531774669404,0.028185926377773285,7.805819511413574,3.499302864074707,0.03469215705990791,-0.024272561073303223,0.024272561073303223,-0.013031488174639118
laenge,digit_5,kond+kraft,8.0,0.16720811456377024,0.02804241143167019,7.808743476867676,3.4539084434509277,0.034636251628398895,-0.023907065391540527,0.023907065391540527,-0.012462757984547804
laenge,digit_5,kond,11.0,0.13719113331045849,0.032055146992206573,5.450322151184082,4.011135578155518,0.03752001374959946,-0.5045161680741743,0.5045161680741743,-0.026124981938602663
laenge,digit_5,kraft,11.0,0.19568305616781198,0.027348682284355164,9.70841121673584,3.5966835021972656,0.03682047501206398,-0.1174171621149237,0.1174171621149237,-0.013602220064910025
laenge,digit_5,kond+kraft,11.0,0.1931865163095206,0.02701650746166706,9.725458145141602,3.5420844554901123,0.03657206520438194,-0.11586744135076354,0.11586744135076354,-0.012957116416549565
laenge,digit_5,kond,14.0,0.13724553079575774,0.03207382559776306,5.446364402770996,4.003133773803711,0.037541113793849945,-0.6109739712306431,0.6109739712306431,-0.022948218007446175
laenge,digit_5,kraft,14.0,0.20846957808576208,0.0275457501411438,10.59796142578125,3.6785998344421387,0.038523510098457336,-0.2430027553013393,0.2430027553013393,-0.01373680928394762
laenge,digit_5,kond+kraft,14.0,0.20638028063645583,0.027047738432884216,10.612105369567871,3.6326353549957275,0.03810839354991913,-0.24199247360229492,0.24199247360229492,-0.013290452959716573
laenge,digit_5,kond,18.0,0.1372213913962797,0.03206755220890045,5.448937892913818,4.000900745391846,0.03753839433193207,-0.6972812281714545,0.6972812281714545,-0.02471468308809088
laenge,digit_5,kraft,18.0,0.21236666320100733,0.027654506266117096,10.846725463867188,3.695516347885132,0.03893992304801941,-0.3974041408962674,0.3974041408962674,-0.013826491358109717
laenge,digit_5,kond+kraft,18.0,0.2106579625026969,0.02725086361169815,10.853567123413086,3.6538357734680176,0.03867308795452118,-0.397024048699273,0.397024048699273,-0.013489900368603962
laenge,a_lc,frei,nan,0.13247446793151438,0.02726106531918049,4.479931831359863,5.784632682800293,0.03142563998699188,nan,nan,nan
laenge,a_lc,kond,4.0,0.13199994458740713,0.027254369109869003,4.465481281280518,5.762606620788574,0.031397588551044464,0.1163703203201294,0.1163703203201294,-0.03283773569183968
laenge,a_lc,kraft,4.0,0.12515618149032082,0.02627585455775261,4.000039100646973,5.1673150062561035,0.0300635676831007,9.775161743164062e-06,9.775161743164062e-06,-0.015249838084277906
laenge,a_lc,kond+kraft,4.0,0.12493558663983426,0.026231681928038597,4.000038146972656,5.147745609283447,0.030012231320142746,9.5367431640625e-06,9.5367431640625e-06,-0.01570948219772215
laenge,a_lc,kond,6.0,0.13214246288599957,0.027225282043218613,4.472088813781738,5.759476184844971,0.03137758746743202,-0.2546518643697103,0.2546518643697103,-0.042331289227351396
laenge,a_lc,kraft,6.0,0.16216192247991187,0.02336168847978115,5.981997489929199,5.486103534698486,0.028995759785175323,-0.0030004183451334265,0.0030004183451334265,-0.019764418671733525
laenge,a_lc,kond+kraft,6.0,0.16318962976157397,0.023655109107494354,5.98178243637085,5.513746738433838,0.029308538883924484,-0.0030362606048583984,0.0030362606048583984,-0.020451542735061126
laenge,a_lc,kond,8.0,0.13239159288879151,0.02719767577946186,4.478761672973633,5.767415523529053,0.03135587275028229,-0.4401547908782959,0.4401547908782959,-0.07082378223159645
laenge,a_lc,kraft,8.0,0.21153284719626442,0.027843542397022247,7.795540809631348,5.946314334869385,0.034192852675914764,-0.025557398796081543,0.025557398796081543,-0.02384430123782729
laenge,a_lc,kond+kraft,8.0,0.21056532934631578,0.027660422027111053,7.799382209777832,5.937646389007568,0.034022651612758636,-0.025077223777770996,0.025077223777770996,-0.023525238371546034
laenge,a_lc,kond,11.0,0.1325658568108727,0.02718065306544304,4.481596946716309,5.776866912841797,0.03133893758058548,-0.5925820957530629,0.5925820957530629,-0.05488441326577571
laenge,a_lc,kraft,11.0,0.24863291630935597,0.028311148285865784,9.697571754455566,6.345945358276367,0.036098890006542206,-0.11840256777676672,0.11840256777676672,-0.022262641747980774
laenge,a_lc,kond+kraft,11.0,0.2475837651630708,0.02807725965976715,9.70476245880127,6.338665962219238,0.03606132045388222,-0.11774886738170276,0.11774886738170276,-0.022031201667474014
laenge,a_lc,kond,14.0,0.13259776510030252,0.027171969413757324,4.48150634765625,5.778543949127197,0.031331975013017654,-0.6798924037388393,0.6798924037388393,-0.07830796611701846
laenge,a_lc,kraft,14.0,0.2642901871784776,0.028086362406611443,10.533885955810547,6.573810577392578,0.036543719470500946,-0.24757957458496094,0.24757957458496094,-0.02177349159528422
laenge,a_lc,kond+kraft,14.0,0.2635755792290547,0.027838140726089478,10.543048858642578,6.576481342315674,0.03645595535635948,-0.24692508152553017,0.24692508152553017,-0.021622724863731593
laenge,a_lc,kond,18.0,0.13254147636832317,0.027165789157152176,4.480740070343018,5.7715163230896,0.031327374279499054,-0.7510699960920546,0.7510699960920546,-0.08290671225394064
laenge,a_lc,kraft,18.0,0.26611689436655406,0.027734406292438507,10.678813934326172,6.598018646240234,0.03635969012975693,-0.40673255920410156,0.40673255920410156,-0.021559117307794688
laenge,a_lc,kond+kraft,18.0,0.26554790442896237,0.027474168688058853,10.687775611877441,6.590843677520752,0.036286234855651855,-0.4062346882290311,0.4062346882290311,-0.021436337833609757
laenge,rand_gmm_10,frei,nan,0.11882128269632293,0.052808839827775955,10.445891380310059,7.83137845993042,0.06147758662700653,nan,nan,nan
laenge,rand_gmm_10,kond,4.0,0.11867242607153336,0.052726563066244125,10.436853408813477,7.876075267791748,0.06133834272623062,1.6092133522033691,1.6092133522033691,-0.01647013656171238
laenge,rand_gmm_10,kraft,4.0,0.11313734444343423,0.06162472441792488,4.058413028717041,7.456987380981445,0.06588862836360931,0.014603257179260254,0.014603257179260254,-0.000889856362718026
laenge,rand_gmm_10,kond+kraft,4.0,0.11427384584440221,0.061727698892354965,4.056743144989014,7.567740440368652,0.06598901003599167,0.014185786247253418,0.014185786247253418,-0.0007117438325786809
laenge,rand_gmm_10,kond,6.0,0.11812258901749279,0.052329935133457184,10.396334648132324,7.839332103729248,0.06093280017375946,0.7327224413553874,0.7327224413553874,-0.014098865040662732
laenge,rand_gmm_10,kraft,6.0,0.09358396458586837,0.0511552058160305,6.127074241638184,7.023868560791016,0.05740392208099365,0.021179040273030525,0.021179040273030525,-0.005843571816105081
laenge,rand_gmm_10,kond+kraft,6.0,0.09377870378135848,0.05102888122200966,6.124695777893066,7.0673441886901855,0.05731046572327614,0.020782629648844475,0.020782629648844475,-0.005795289364118874
laenge,rand_gmm_10,kond,8.0,0.11788331318617298,0.05212172493338585,10.378105163574219,7.825954914093018,0.06072947755455971,0.29726314544677734,0.29726314544677734,-0.013837171556648107
laenge,rand_gmm_10,kraft,8.0,0.10493567008377623,0.05013391748070717,8.176761627197266,6.968013763427734,0.05805186927318573,0.022095203399658203,0.022095203399658203,-0.00611935593083578
laenge,rand_gmm_10,kond+kraft,8.0,0.10460114154890088,0.04984407499432564,8.165590286254883,7.059396266937256,0.057673148810863495,0.02069878578186035,0.02069878578186035,-0.006236080482746096
laenge,rand_gmm_10,kond,11.0,0.11802576158771358,0.05216267332434654,10.38371467590332,7.830363750457764,0.060794733464717865,-0.05602593855424365,0.05602593855424365,-0.012794520330401076
laenge,rand_gmm_10,kraft,11.0,0.11760290856326487,0.051488716155290604,10.8298978805542,7.709906578063965,0.06032289192080498,-0.015463829040527344,0.015463829040527344,0.0031727955966460216
laenge,rand_gmm_10,kond+kraft,11.0,0.11706421658483492,0.05079314485192299,10.815509796142578,7.754730224609375,0.0596921406686306,-0.01677183671431104,0.01677183671431104,0.004753729890677774
laenge,rand_gmm_10,kond,14.0,0.11817086175439094,0.052243392914533615,10.389946937561035,7.834517002105713,0.06088995188474655,-0.2578609330313546,0.2578609330313546,-0.011626193951915683
laenge,rand_gmm_10,kraft,14.0,0.1257552853394787,0.05165990814566612,12.606069564819336,8.202425003051758,0.061719365417957306,-0.09956645965576172,0.09956645965576172,-0.003209921613355678
laenge,rand_gmm_10,kond+kraft,14.0,0.1249264774115003,0.05077044293284416,12.583958625793457,8.219071388244629,0.06080316752195358,-0.10114581244332455,0.10114581244332455,-0.002855473665795314
laenge,rand_gmm_10,kond,18.0,0.11808761521027848,0.05222287029027939,10.3882474899292,7.829202651977539,0.06086757779121399,-0.42287513944837785,0.42287513944837785,-0.012727584505435497
laenge,rand_gmm_10,kraft,18.0,0.13164738847681415,0.052050575613975525,13.805591583251953,8.551715850830078,0.0627799779176712,-0.23302268981933594,0.23302268981933594,-0.0038176340166483132
laenge,rand_gmm_10,kond+kraft,18.0,0.13081954232419116,0.0514250285923481,13.77010440826416,8.54539680480957,0.06222378462553024,-0.23499419954087997,0.23499419954087997,-0.003609353409956581
laenge,rand_gmm_20,frei,nan,0.10486691805061257,0.05442396551370621,9.563861846923828,2.754154682159424,0.06175442039966583,nan,nan,nan
laenge,rand_gmm_20,kond,4.0,0.10246844961029712,0.05366983637213707,9.609224319458008,2.6691555976867676,0.060791902244091034,1.402306079864502,1.402306079864502,0.052873406283316125
laenge,rand_gmm_20,kraft,4.0,0.12748519146292692,0.06765678524971008,4.1455230712890625,4.7772746086120605,0.07137976586818695,0.036380767822265625,0.036380767822265625,0.00417439262270281
laenge,rand_gmm_20,kond+kraft,4.0,0.12587411324571704,0.06760820746421814,4.146758556365967,4.641404151916504,0.07122194766998291,0.0366896390914917,0.0366896390914917,0.00387793882972852
laenge,rand_gmm_20,kond,6.0,0.1012332390167191,0.05317492038011551,9.62106704711914,2.675225019454956,0.060568325221538544,0.6035111745198567,0.6035111745198567,0.06352008246605564
laenge,rand_gmm_20,kraft,6.0,0.12425668399981671,0.06063999980688095,6.093635559082031,3.9625020027160645,0.06555373966693878,0.015605926513671875,0.015605926513671875,0.005587464430529405
laenge,rand_gmm_20,kond+kraft,6.0,0.12388037613997219,0.06054452806711197,6.093613147735596,3.9867217540740967,0.06547637283802032,0.015602191289265877,0.015602191289265877,0.005478990048698031
laenge,rand_gmm_20,kond,8.0,0.10319860472782608,0.053893931210041046,9.578818321228027,2.749525785446167,0.061246223747730255,0.19735229015350342,0.19735229015350342,0.11154455848716276
laenge,rand_gmm_20,kraft,8.0,0.11775253876103793,0.0575159527361393,8.091756820678711,3.201741933822632,0.06379137933254242,0.011469602584838867,0.011469602584838867,0.008753193882703176
laenge,rand_gmm_20,kond+kraft,8.0,0.11660484498577475,0.057183198630809784,8.092178344726562,3.209378719329834,0.06352372467517853,0.011522293090820312,0.011522293090820312,0.007975850050392709
laenge,rand_gmm_20,kond,11.0,0.10232914779607455,0.053616855293512344,9.595322608947754,2.7330684661865234,0.06095433235168457,-0.12769794464111328,0.12769794464111328,0.08066461494505633
laenge,rand_gmm_20,kraft,11.0,0.10397634806125004,0.055778179317712784,10.588665962219238,2.6083004474639893,0.06321532279253006,-0.03739400343461474,0.03739400343461474,0.0008690148449548472
laenge,rand_gmm_20,kond+kraft,11.0,0.10008093210849989,0.05451571196317673,10.608363151550293,2.5578408241271973,0.06191043555736542,-0.035603349859064326,0.035603349859064326,0.004582077514804305
laenge,rand_gmm_20,kond,14.0,0.10178895922264995,0.05339832976460457,9.605106353759766,2.712998151779175,0.06073220074176788,-0.3139209747314453,0.3139209747314453,0.07462712162388395
laenge,rand_gmm_20,kraft,14.0,0.09224468453212585,0.05153026804327965,12.188963890075684,2.518493890762329,0.05982118472456932,-0.12935972213745117,0.12935972213745117,0.004808282996622756
laenge,rand_gmm_20,kond+kraft,14.0,0.08716789807987493,0.05014294385910034,12.218944549560547,2.4614782333374023,0.05863072723150253,-0.12721824645996094,0.12721824645996094,0.006666089893607094
laenge,rand_gmm_20,kond,18.0,0.10075810163548729,0.05302416905760765,9.626790046691895,2.6743741035461426,0.06040403991937637,-0.46517833073933923,0.46517833073933923,0.06529372253249084
laenge,rand_gmm_20,kraft,18.0,0.08458376656072858,0.04851339012384415,13.218212127685547,2.578462839126587,0.057772595435380936,-0.26565488179524743,0.26565488179524743,0.005550412503329084
laenge,rand_gmm_20,kond+kraft,18.0,0.08048183317908209,0.047331973910331726,13.262795448303223,2.52618145942688,0.05697259679436684,-0.2631780306498209,0.2631780306498209,0.006592463531228806
laenge,rand_ana_poly_10,frei,nan,0.25052181547330976,0.0377279557287693,4.603455066680908,4.718682289123535,0.0412074476480484,nan,nan,nan
laenge,rand_ana_poly_10,kond,4.0,0.24905964776900957,0.03738821670413017,4.602249622344971,4.627597808837891,0.040885645896196365,0.15056240558624268,0.15056240558624268,-1.2129699072027482
laenge,rand_ana_poly_10,kraft,4.0,0.2552642399065595,0.03851580247282982,4.000019550323486,5.067008018493652,0.04175722971558571,4.887580871582031e-06,4.887580871582031e-06,0.0078590409491919
laenge,rand_ana_poly_10,kond+kraft,4.0,0.25330243622608556,0.03741642087697983,3.9999687671661377,5.000202655792236,0.04075981304049492,-7.808208465576172e-06,7.808208465576172e-06,0.004607595491416356
laenge,rand_ana_poly_10,kond,6.0,0.24911416917590318,0.0373573936522007,4.604742527008057,4.619763374328613,0.04084721952676773,-0.23254291216532386,0.23254291216532386,1.0933512029254862
laenge,rand_ana_poly_10,kraft,6.0,0.2764784286890867,0.0328655019402504,5.974863052368164,5.447429180145264,0.03846605867147446,-0.004189491271972656,0.004189491271972656,-0.018926981238751674
laenge,rand_ana_poly_10,kond+kraft,6.0,0.27591037373513755,0.032310087233781815,5.973806381225586,5.37722110748291,0.03832898288965225,-0.004365603129068973,0.004365603129068973,-0.018527043388332547
laenge,rand_ana_poly_10,kond,8.0,0.24932840600453723,0.037436820566654205,4.5975141525268555,4.636717796325684,0.04087555408477783,-0.42531073093414307,0.42531073093414307,-0.20087976998597343
laenge,rand_ana_poly_10,kraft,8.0,0.28666393642352866,0.029250366613268852,7.728888988494873,5.2604241371154785,0.03483935818076134,-0.03388887643814087,0.03388887643814087,-0.011563873002710114
laenge,rand_ana_poly_10,kond+kraft,8.0,0.28630679678144727,0.029308872297406197,7.728612899780273,5.2033915519714355,0.03491310030221939,-0.03392338752746582,0.03392338752746582,-0.011450615687031675
laenge,rand_ana_poly_10,kond,11.0,0.24948909914714085,0.03750917315483093,4.586704730987549,4.658946514129639,0.04093635827302933,-0.5830268426374956,0.5830268426374956,-0.061653470418406714
laenge,rand_ana_poly_10,kraft,11.0,0.2935966717203753,0.02840081974864006,9.447807312011719,5.438782691955566,0.034959301352500916,-0.1411084261807528,0.1411084261807528,-0.008891767994076583
laenge,rand_ana_poly_10,kond+kraft,11.0,0.29344217701565367,0.028486285358667374,9.443218231201172,5.389482021331787,0.03513490781188011,-0.14152561534534802,0.14152561534534802,-0.008868277244842898
laenge,rand_ana_poly_10,kond,14.0,0.2494151065136604,0.03750839829444885,4.582863807678223,4.662486553192139,0.040939800441265106,-0.6726525851658413,0.6726525851658413,-0.05374654165172867
laenge,rand_ana_poly_10,kraft,14.0,0.29489923425621967,0.02689244970679283,10.15829086303711,5.527287483215332,0.03421102464199066,-0.2744077954973493,0.2744077954973493,-0.007988970405213437
laenge,rand_ana_poly_10,kond+kraft,14.0,0.29465516123563484,0.027024246752262115,10.1471586227417,5.474524021148682,0.03429258242249489,-0.2752029555184501,0.2752029555184501,-0.00796098588534288
laenge,rand_ana_poly_10,kond,18.0,0.2492273260090935,0.037469394505023956,4.588765621185303,4.648538112640381,0.040889084339141846,-0.7450685766008165,0.7450685766008165,-0.08812378007076722
laenge,rand_ana_poly_10,kraft,18.0,0.29507843271912604,0.02696206048130989,10.215320587158203,5.534557342529297,0.034283291548490524,-0.4324821896023221,0.4324821896023221,-0.007939715783144192
laenge,rand_ana_poly_10,kond+kraft,18.0,0.29470044750071467,0.027134038507938385,10.204670906066895,5.471043586730957,0.034377820789813995,-0.43307383855183923,0.43307383855183923,-0.007887328982531734
laenge,rand_ana_poly_20,frei,nan,0.16538606648084284,0.03046666458249092,4.075451374053955,1.2197470664978027,0.03388090431690216,nan,nan,nan
laenge,rand_ana_poly_20,kond,4.0,0.16526690829210353,0.03038189373910427,4.080044269561768,1.2220627069473267,0.033875472843647,0.020011067390441895,0.020011067390441895,0.025944023445911707
laenge,rand_ana_poly_20,kraft,4.0,0.1738142049739412,0.030142445117235184,3.9999403953552246,1.2923060655593872,0.03346581757068634,-1.4901161193847656e-05,1.4901161193847656e-05,0.11161474315840204
laenge,rand_ana_poly_20,kond+kraft,4.0,0.17375656803831546,0.030111460015177727,3.9999375343322754,1.3014298677444458,0.033384375274181366,-1.5616416931152344e-05,1.5616416931152344e-05,0.11084725115718745
laenge,rand_ana_poly_20,kond,6.0,0.16527215639872006,0.030371543020009995,4.071991920471191,1.2103750705718994,0.03382980450987816,-0.32133467992146814,0.32133467992146814,-0.032927189048096925
laenge,rand_ana_poly_20,kraft,6.0,0.19109017863690345,0.024179838597774506,5.985840320587158,1.2671464681625366,0.029611822217702866,-0.002359946568807003,0.002359946568807003,-0.013454910426856296
laenge,rand_ana_poly_20,kond+kraft,6.0,0.19128360219047047,0.02407963201403618,5.985342025756836,1.2681500911712646,0.029452994465827942,-0.0024429957071939734,0.0024429957071939734,-0.013559695517927736
laenge,rand_ana_poly_20,kond,8.0,0.1652685566503347,0.030352085828781128,4.070406913757324,1.203092336654663,0.033809661865234375,-0.4911991357803345,0.4911991357803345,-0.023294827116908008
laenge,rand_ana_poly_20,kraft,8.0,0.21248500463402803,0.021701496094465256,7.8035688400268555,1.4312032461166382,0.029238082468509674,-0.024553894996643066,0.024553894996643066,-0.01263343727311825
laenge,rand_ana_poly_20,kond+kraft,8.0,0.21358075321969325,0.021725479513406754,7.802950859069824,1.4334065914154053,0.02906494028866291,-0.024631142616271973,0.024631142616271973,-0.01292949521055272
laenge,rand_ana_poly_20,kond,11.0,0.16528236802845706,0.03038492426276207,4.066042900085449,1.2039273977279663,0.03385254368185997,-0.6303597363558682,0.6303597363558682,-0.011021814242448188
laenge,rand_ana_poly_20,kraft,11.0,0.23984076795987616,0.02023237943649292,9.667929649353027,1.633530616760254,0.028568336740136147,-0.12109730460427026,0.12109730460427026,-0.013313364453803204
laenge,rand_ana_poly_20,kond+kraft,11.0,0.24077465071809456,0.020265979692339897,9.67008113861084,1.6431876420974731,0.02857298217713833,-0.12090171467174182,0.12090171467174182,-0.013475169476781772
laenge,rand_ana_poly_20,kond,14.0,0.16523133088770472,0.030423622578382492,4.055337905883789,1.203484296798706,0.03389131277799606,-0.7103330067225865,0.7103330067225865,-0.0076931333685966675
laenge,rand_ana_poly_20,kraft,14.0,0.25143914162940667,0.02031714841723442,10.450468063354492,1.842530369758606,0.028754863888025284,-0.25353799547467915,0.25353799547467915,-0.013498486253846266
laenge,rand_ana_poly_20,kond+kraft,14.0,0.25224715230278466,0.0203726626932621,10.435226440429688,1.849851131439209,0.028930628672242165,-0.25462668282645085,0.25462668282645085,-0.013657886468529092
laenge,rand_ana_poly_20,kond,18.0,0.16519212734255975,0.030479183420538902,4.044097900390625,1.2014665603637695,0.033924780786037445,-0.7753278944227431,0.7753278944227431,-0.006185571026852694
laenge,rand_ana_poly_20,kraft,18.0,0.2544321943426818,0.020508207380771637,10.510686874389648,2.0409204959869385,0.028827503323554993,-0.4160729514227973,0.4160729514227973,-0.013837275707655743
laenge,rand_ana_poly_20,kond+kraft,18.0,0.2533753651396533,0.02025490254163742,10.478055953979492,1.9706110954284668,0.028761720284819603,-0.41788578033447266,0.41788578033447266,-0.013742735094821957
laenge,rand_ana_poly_30,frei,nan,0.2069080994444344,0.02599628083407879,5.314553260803223,2.1131389141082764,0.03062450885772705,nan,nan,nan
laenge,rand_ana_poly_30,kond,4.0,0.20639704542533074,0.025697089731693268,5.1446213722229,1.7139476537704468,0.03043040819466114,0.2861553430557251,0.2861553430557251,-0.003007405045475526
laenge,rand_ana_poly_30,kraft,4.0,0.21382085919340896,0.028764944523572922,4.000166893005371,1.7906776666641235,0.032451558858156204,4.172325134277344e-05,4.172325134277344e-05,0.005259305724964524
laenge,rand_ana_poly_30,kond+kraft,4.0,0.21400571357957265,0.028970664367079735,4.000156402587891,1.7866886854171753,0.032582055777311325,3.910064697265625e-05,3.910064697265625e-05,0.00539990193279623
laenge,rand_ana_poly_30,kond,6.0,0.2062858796540461,0.026038479059934616,5.255659103393555,1.9620909690856934,0.030472811311483383,-0.12405681610107422,0.12405681610107422,-0.010565051233522652
laenge,rand_ana_poly_30,kraft,6.0,0.22783103619155248,0.02384418621659279,5.9725260734558105,1.9443976879119873,0.02914900705218315,-0.004578987757364872,0.004578987757364872,-0.031799090091227646
laenge,rand_ana_poly_30,kond+kraft,6.0,0.23458626936811477,0.024689629673957825,5.9694671630859375,1.916719913482666,0.02943050116300583,-0.00508880615234375,0.00508880615234375,-0.042262303223687264
laenge,rand_ana_poly_30,kond,8.0,0.20587729962275134,0.02602512203156948,5.269358158111572,1.977247953414917,0.030416041612625122,-0.34133023023605347,0.34133023023605347,-0.022807776955742813
laenge,rand_ana_poly_30,kraft,8.0,0.2496293679268707,0.02182476781308651,7.704263687133789,2.428806781768799,0.027923868969082832,-0.03696703910827637,0.03696703910827637,-0.017877173741102776
laenge,rand_ana_poly_30,kond+kraft,8.0,0.2491797469869736,0.021821673959493637,7.701430797576904,2.37021803855896,0.028004851192235947,-0.03732115030288696,0.03732115030288696,-0.01771001942549485
laenge,rand_ana_poly_30,kond,11.0,0.2058320642872504,0.025944877415895462,5.186904430389404,1.754023551940918,0.030545521527528763,-0.5284632336009633,0.5284632336009633,-0.008429651518902652
laenge,rand_ana_poly_30,kraft,11.0,0.28029730783703877,0.023016879335045815,9.40661907196045,3.4063093662261963,0.03082333132624626,-0.1448528116399591,0.1448528116399591,-0.017934513221293986
laenge,rand_ana_poly_30,kond+kraft,11.0,0.2744581345290031,0.02335546910762787,9.353362083435059,2.9240927696228027,0.030428916215896606,-0.14969435605135828,0.14969435605135828,-0.016725237081301268
laenge,rand_ana_poly_30,kond,14.0,0.20555577795671273,0.025810807943344116,5.175642013549805,1.737909197807312,0.030526436865329742,-0.6303112847464425,0.6303112847464425,-0.009735147545357483
laenge,rand_ana_poly_30,kraft,14.0,0.29267242432635454,0.02408513054251671,10.131503105163574,3.655802011489868,0.032676730304956436,-0.2763212067740304,0.2763212067740304,-0.017804695430311025
laenge,rand_ana_poly_30,kond+kraft,14.0,0.2841162718954238,0.0241303239017725,10.004212379455566,3.0878093242645264,0.03155478835105896,-0.2854134014674595,0.2854134014674595,-0.016463493507216057
laenge,rand_ana_poly_30,kond,18.0,0.20609460011476524,0.02607591450214386,5.185380458831787,1.766593337059021,0.030588222667574883,-0.7119233078426785,0.7119233078426785,-0.006297760188317665
laenge,rand_ana_poly_30,kraft,18.0,0.29491017448508083,0.02446608431637287,10.250503540039062,3.7100887298583984,0.03324536234140396,-0.43052758110894096,0.43052758110894096,-0.017828800952644625
laenge,rand_ana_poly_30,kond+kraft,18.0,0.2849133836246904,0.02381817251443863,10.091386795043945,3.1408121585845947,0.031857263296842575,-0.4393674002753364,0.4393674002753364,-0.016329914706281454
laenge,rand_gmm_complex_0,frei,nan,0.08463842133054732,0.04284009337425232,10.184292793273926,2.446556568145752,0.05280201882123947,nan,nan,nan
laenge,rand_gmm_complex_0,kond,4.0,0.08604594147715275,0.04360990598797798,10.182286262512207,2.386584758758545,0.05348397046327591,1.5455715656280518,1.5455715656280518,0.7014695081972134
laenge,rand_gmm_complex_0,kraft,4.0,0.11752337928732003,0.06568241119384766,4.1010894775390625,3.1464312076568604,0.06930642575025558,0.025272369384765625,0.025272369384765625,0.005405862051612217
laenge,rand_gmm_complex_0,kond+kraft,4.0,0.11643896746094186,0.06547722220420837,4.099713325500488,3.0942184925079346,0.06900820136070251,0.02492833137512207,0.02492833137512207,0.005226416434993409
laenge,rand_gmm_complex_0,kond,6.0,0.08593290103784788,0.04358406364917755,10.18578052520752,2.3776135444641113,0.053490206599235535,0.6976300875345867,0.6976300875345867,-0.8701027907451274
laenge,rand_gmm_complex_0,kraft,6.0,0.06540590677497113,0.04461563006043434,6.238889217376709,1.830997109413147,0.05105374753475189,0.039814869562784905,0.039814869562784905,-0.004874663436985039
laenge,rand_gmm_complex_0,kond+kraft,6.0,0.06651631033007575,0.04476180300116539,6.235565185546875,1.820491909980774,0.051078058779239655,0.0392608642578125,0.0392608642578125,-0.004589354546768278
laenge,rand_gmm_complex_0,kond,8.0,0.08658750592284377,0.04377887398004532,10.202921867370605,2.369861364364624,0.05368327721953392,0.2753652334213257,0.2753652334213257,-0.10462595092924358
laenge,rand_gmm_complex_0,kraft,8.0,0.07734034596228372,0.04449523612856865,8.224525451660156,1.9861232042312622,0.05241962522268295,0.02806568145751953,0.02806568145751953,-0.003723949885935952
laenge,rand_gmm_complex_0,kond+kraft,8.0,0.08447653247426833,0.04654660075902939,8.213741302490234,2.108358860015869,0.05412278696894646,0.026717662811279297,0.026717662811279297,-8.215408581615273e-05
laenge,rand_gmm_complex_0,kond,11.0,0.08706615286332826,0.04399965703487396,10.20832633972168,2.370496988296509,0.05377431586384773,-0.07197033275257458,0.07197033275257458,-0.10101428592981683
laenge,rand_gmm_complex_0,kraft,11.0,0.08438704663194098,0.043091289699077606,10.730249404907227,2.4313347339630127,0.05331345647573471,-0.024522781372070312,0.024522781372070312,0.0004604298093475189
laenge,rand_gmm_complex_0,kond+kraft,11.0,0.08776539475604656,0.04432806745171547,10.743627548217773,2.3905553817749023,0.05420685559511185,-0.02330658652565698,0.02330658652565698,-0.005590522308618493
laenge,rand_gmm_complex_0,kond,14.0,0.08711742907256255,0.04401010274887085,10.206490516662598,2.3734025955200195,0.053779784590005875,-0.27096496309552875,0.27096496309552875,-0.11167846803967023
laenge,rand_gmm_complex_0,kraft,14.0,0.07973771287230647,0.041235364973545074,12.29832649230957,2.662107467651367,0.0523354709148407,-0.1215481076921735,0.1215481076921735,0.002318178967760259
laenge,rand_gmm_complex_0,kond+kraft,14.0,0.08151598477884474,0.04250179976224899,12.33181381225586,2.554297924041748,0.05374351888895035,-0.11915615626743858,0.11915615626743858,0.0014539725218535087
laenge,rand_gmm_complex_0,kond,18.0,0.08711580240834056,0.043995313346385956,10.20449447631836,2.375534772872925,0.05377822369337082,-0.4330836402045356,0.4330836402045356,-0.12263240999991169
laenge,rand_gmm_complex_0,kraft,18.0,0.07551252926907646,0.040142856538295746,13.291769027709961,2.8035619258880615,0.05180932581424713,-0.26156838734944665,0.26156838734944665,0.002936753613862176
laenge,rand_gmm_complex_0,kond+kraft,18.0,0.07675999701835616,0.041488125920295715,13.334552764892578,2.6844711303710938,0.05323594808578491,-0.25919151306152344,0.25919151306152344,0.0025008806838703857
laenge,rand_gmm_complex_10,frei,nan,0.0694952360674986,0.04248584806919098,10.385137557983398,1.938630223274231,0.05164638161659241,nan,nan,nan
laenge,rand_gmm_complex_10,kond,4.0,0.0684161441730504,0.04230111464858055,10.360301971435547,1.9178483486175537,0.051428601145744324,1.5900754928588867,1.5900754928588867,-0.04344942256020721
laenge,rand_gmm_complex_10,kraft,4.0,0.10372379833607523,0.061667539179325104,4.069175720214844,2.6730358600616455,0.06532986462116241,0.017293930053710938,0.017293930053710938,0.005419374459151207
laenge,rand_gmm_complex_10,kond+kraft,4.0,0.10271124336668455,0.06152692437171936,4.068484306335449,2.621650218963623,0.0651722252368927,0.017121076583862305,0.017121076583862305,0.005258481980235378
laenge,rand_gmm_complex_10,kond,6.0,0.06847062587420032,0.042287252843379974,10.36158561706543,1.9206560850143433,0.05144001543521881,0.7269309361775715,0.7269309361775715,-0.04350427834661269
laenge,rand_gmm_complex_10,kraft,6.0,0.06870125919968154,0.04702097922563553,6.158113479614258,1.9124029874801636,0.0531110018491745,0.026352246602376228,0.026352246602376228,-0.0001878335332604493
laenge,rand_gmm_complex_10,kond+kraft,6.0,0.06816481291475905,0.046840496361255646,6.1561689376831055,1.8807111978530884,0.05289962887763977,0.026028156280517578,0.026028156280517578,-0.0003145975466342153
laenge,rand_gmm_complex_10,kond,8.0,0.06854952485296713,0.0422951877117157,10.360621452331543,1.9239261150360107,0.051445722579956055,0.29507768154144287,0.29507768154144287,-0.03857509948607612
laenge,rand_gmm_complex_10,kraft,8.0,0.0683426795123553,0.04335237666964531,8.172922134399414,1.8466033935546875,0.051358502358198166,0.021615266799926758,0.021615266799926758,-0.0005209965281211456
laenge,rand_gmm_complex_10,kond+kraft,8.0,0.06716422354918719,0.04307454824447632,8.168553352355957,1.8100825548171997,0.05104153975844383,0.02106916904449463,0.02106916904449463,-0.001051623715622201
laenge,rand_gmm_complex_10,kond,11.0,0.06858273032844196,0.04231453686952591,10.357751846313477,1.9236812591552734,0.051447123289108276,-0.05838619578968396,0.05838619578968396,-0.03332050486965659
laenge,rand_gmm_complex_10,kraft,11.0,0.06647104453170323,0.041843898594379425,10.800198554992676,2.0007846355438232,0.05130557343363762,-0.018163767727938596,0.018163767727938596,0.007286137598054726
laenge,rand_gmm_complex_10,kond+kraft,11.0,0.06526329660677715,0.04164627194404602,10.79153060913086,1.9844144582748413,0.051140908151865005,-0.01895176280628552,0.01895176280628552,0.010413414916353673
laenge,rand_gmm_complex_10,kond,14.0,0.06855454455439365,0.042322687804698944,10.356342315673828,1.921510934829712,0.05145025625824928,-0.26026126316615517,0.26026126316615517,-0.0326682964842532
laenge,rand_gmm_complex_10,kraft,14.0,0.06168924847381379,0.03964398056268692,12.475672721862793,2.1919872760772705,0.04964262992143631,-0.10888051986694336,0.10888051986694336,0.0037339661769665183
laenge,rand_gmm_complex_10,kond+kraft,14.0,0.06093698708904492,0.03962153196334839,12.46136474609375,2.1802000999450684,0.04963500425219536,-0.1099025181361607,0.1099025181361607,0.004122019510900852
laenge,rand_gmm_complex_10,kond,18.0,0.06853739623034087,0.04232001304626465,10.356012344360352,1.9195773601531982,0.051459357142448425,-0.4246659808688693,0.4246659808688693,-0.032886963493369614
laenge,rand_gmm_complex_10,kraft,18.0,0.058573457435162644,0.038243770599365234,13.57122802734375,2.3957290649414062,0.04886998236179352,-0.24604288736979163,0.24604288736979163,0.003427956216989861
laenge,rand_gmm_complex_10,kond+kraft,18.0,0.05786172571385432,0.038126394152641296,13.551551818847656,2.381836175918579,0.04877442121505737,-0.24713601006401908,0.24713601006401908,0.0036740329581730017
laenge,rand_gmm_complex_20,frei,nan,0.07102777557101168,0.04409387707710266,11.972341537475586,3.269838333129883,0.055353883653879166,nan,nan,nan
laenge,rand_gmm_complex_20,kond,4.0,0.07011869343957787,0.0442516952753067,11.939023971557617,3.2300689220428467,0.05548897385597229,1.9847559928894043,1.9847559928894043,-0.027285370536133006
laenge,rand_gmm_complex_20,kraft,4.0,0.11192067899884123,0.061055488884449005,4.144997596740723,4.368607521057129,0.06599254906177521,0.036249399185180664,0.036249399185180664,0.0052243652173013305
laenge,rand_gmm_complex_20,kond+kraft,4.0,0.11186280214123563,0.061042603105306625,4.143662929534912,4.3487067222595215,0.06598514318466187,0.03591573238372803,0.03591573238372803,0.005216081616737305
laenge,rand_gmm_complex_20,kond,6.0,0.07159721419142658,0.0443011149764061,11.913022994995117,3.275693655014038,0.055505476891994476,0.9855038324991863,0.9855038324991863,0.009599673164632883
laenge,rand_gmm_complex_20,kraft,6.0,0.0668320713833041,0.0496748685836792,6.254854202270508,2.512275457382202,0.056055933237075806,0.04247570037841797,0.04247570037841797,-0.0007338370759254312
laenge,rand_gmm_complex_20,kond+kraft,6.0,0.0665888946673433,0.04988967627286911,6.251991271972656,2.506061553955078,0.056259214878082275,0.041998545328776116,0.041998545328776116,-0.0007759806126623819
laenge,rand_gmm_complex_20,kond,8.0,0.07235493831547585,0.0443928986787796,11.887737274169922,3.299917221069336,0.05554305762052536,0.48596715927124023,0.48596715927124023,0.01568671237842116
laenge,rand_gmm_complex_20,kraft,8.0,0.0645645202979232,0.045007504522800446,8.390743255615234,2.530597686767578,0.05331621319055557,0.0488429069519043,0.0488429069519043,-0.001804572920928291
laenge,rand_gmm_complex_20,kond+kraft,8.0,0.06642385092568637,0.04526670649647713,8.385064125061035,2.55635929107666,0.053557053208351135,0.048133015632629395,0.048133015632629395,-0.0012834035721331274
laenge,rand_gmm_complex_20,kond,11.0,0.07199350024868187,0.044427938759326935,11.894412994384766,3.2812111377716064,0.05559314787387848,0.08131027221679688,0.08131027221679688,0.012392438500289937
laenge,rand_gmm_complex_20,kraft,11.0,0.07068128264481574,0.045187294483184814,11.164151191711426,3.051302671432495,0.055892884731292725,0.014922835610129637,0.014922835610129637,-0.00042872688100267667
laenge,rand_gmm_complex_20,kond+kraft,11.0,0.07209122812148545,0.04557414352893829,11.145598411560059,3.0915675163269043,0.05610749125480652,0.01323621923273266,0.01323621923273266,0.0012863155642160473
laenge,rand_gmm_complex_20,kond,14.0,0.07157582954341607,0.0443694107234478,11.905376434326172,3.267333984375,0.05559258908033371,-0.14961596897670204,0.14961596897670204,0.008184172750119647
laenge,rand_gmm_complex_20,kraft,14.0,0.07298931594009846,0.043774910271167755,13.116317749023438,3.5796029567718506,0.055421411991119385,-0.06312016078404015,0.06312016078404015,-0.0017146688447592104
laenge,rand_gmm_complex_20,kond+kraft,14.0,0.07377507264303042,0.04389888420701027,13.091771125793457,3.5945305824279785,0.05545249208807945,-0.06487349101475304,0.06487349101475304,-0.002454193725705432
laenge,rand_gmm_complex_20,kond,18.0,0.07147745668307405,0.04430420696735382,11.907608032226562,3.267570972442627,0.055537641048431396,-0.3384662204318576,0.3384662204318576,0.006946651665663517
laenge,rand_gmm_complex_20,kraft,18.0,0.07432368327280818,0.043310798704624176,14.497934341430664,4.043434143066406,0.05568006634712219,-0.194559203253852,0.194559203253852,-0.0013050036001983794
laenge,rand_gmm_complex_20,kond+kraft,18.0,0.07494411937950832,0.043321575969457626,14.461965560913086,4.048371315002441,0.055671680718660355,-0.19655746883816194,0.19655746883816194,-0.0015730663632853358
laenge,rand_gmm_complex_30,frei,nan,0.07771865176337438,0.04452737048268318,10.586355209350586,2.9377264976501465,0.054069872945547104,nan,nan,nan
laenge,rand_gmm_complex_30,kond,4.0,0.07769138261444278,0.04429593309760094,10.547975540161133,2.986804962158203,0.05388405919075012,1.6369938850402832,1.6369938850402832,-0.0007105102651351997
laenge,rand_gmm_complex_30,kraft,4.0,0.1632890992401565,0.07775905728340149,4.120174407958984,5.115671157836914,0.08174877613782883,0.030043601989746094,0.030043601989746094,0.013233537710292034
laenge,rand_gmm_complex_30,kond+kraft,4.0,0.16133326237000295,0.07717014104127884,4.121186256408691,5.088752746582031,0.08108960837125778,0.03029656410217285,0.03029656410217285,0.012933089794750188
laenge,rand_gmm_complex_30,kond,6.0,0.07784051375806851,0.0444069541990757,10.569602966308594,2.9092812538146973,0.05403052642941475,0.7616004943847656,0.7616004943847656,0.007274368834589305
laenge,rand_gmm_complex_30,kraft,6.0,0.07826272936151447,0.05010804533958435,6.278132915496826,2.3943207263946533,0.056863486766815186,0.046355485916137695,0.046355485916137695,0.0001262881905876339
laenge,rand_gmm_complex_30,kond+kraft,6.0,0.077785761302065,0.0497562475502491,6.278026103973389,2.3524296283721924,0.05646819621324539,0.046337683995564705,0.046337683995564705,1.5576697380631983e-05
laenge,rand_gmm_complex_30,kond,8.0,0.07784552537951031,0.04442337527871132,10.572967529296875,2.891878128051758,0.054038770496845245,0.3216209411621094,0.3216209411621094,0.009476893354705272
laenge,rand_gmm_complex_30,kraft,8.0,0.06755103482145333,0.04410560056567192,8.274869918823242,2.4329168796539307,0.05231122672557831,0.03435873985290527,0.03435873985290527,-0.004398737462699319
laenge,rand_gmm_complex_30,kond+kraft,8.0,0.06728295093481952,0.04449028894305229,8.275086402893066,2.3364105224609375,0.052528440952301025,0.0343858003616333,0.0343858003616333,-0.004515139389844338
laenge,rand_gmm_complex_30,kond,11.0,0.07750984489705662,0.04432224854826927,10.567212104797363,2.9369664192199707,0.05388813465833664,-0.03934435410933057,0.03934435410933057,-0.010907680399342945
laenge,rand_gmm_complex_30,kraft,11.0,0.08095066460401378,0.04516753926873207,10.812498092651367,3.102449893951416,0.054824553430080414,-0.01704562794078479,0.01704562794078479,-0.014291906043935331
laenge,rand_gmm_complex_30,kond+kraft,11.0,0.08056927346768,0.04497012123465538,10.811172485351562,3.0764997005462646,0.05445493385195732,-0.0171661376953125,0.0171661376953125,-0.012679727087758339
laenge,rand_gmm_complex_30,kond,14.0,0.07736781801396155,0.04427985101938248,10.555912971496582,2.967499017715454,0.05382569134235382,-0.24600621632167274,0.24600621632167274,-0.011524571586864757
laenge,rand_gmm_complex_30,kraft,14.0,0.09169489225638949,0.04826566204428673,12.445684432983398,3.4690845012664795,0.05827541649341583,-0.11102254050118587,0.11102254050118587,-0.007516818600692955
laenge,rand_gmm_complex_30,kond+kraft,14.0,0.0915392704965881,0.04804791510105133,12.436644554138184,3.4805216789245605,0.058243341743946075,-0.11166824613298687,0.11166824613298687,-0.007469436481460279
laenge,rand_gmm_complex_30,kond,18.0,0.07717332171161911,0.04423801600933075,10.556863784790039,2.953718423843384,0.05381088703870773,-0.4135075675116645,0.4135075675116645,-0.01849113970861878
laenge,rand_gmm_complex_30,kraft,18.0,0.09765387390067212,0.048762205988168716,13.511968612670898,3.8467812538146973,0.059234827756881714,-0.24933507707383895,0.24933507707383895,-0.006814031585537936
laenge,rand_gmm_complex_30,kond+kraft,18.0,0.09736284858070449,0.04893230274319649,13.496495246887207,3.8338263034820557,0.05940456688404083,-0.25019470850626624,0.25019470850626624,-0.006750258256973281
laenge,rand_ana_poly_complex_0,frei,nan,0.17936748419655843,0.027344413101673126,4.848978042602539,0.9103726744651794,0.032138582319021225,nan,nan,nan
laenge,rand_ana_poly_complex_0,kond,4.0,0.17953844615875494,0.02709042653441429,4.848613262176514,0.8911104202270508,0.03192632272839546,0.21215331554412842,0.21215331554412842,0.4686708770514302
laenge,rand_ana_poly_complex_0,kraft,4.0,0.17295478112095602,0.02953006699681282,4.000133037567139,0.867080807685852,0.03317372128367424,3.325939178466797e-05,3.325939178466797e-05,-0.007554621912789565
laenge,rand_ana_poly_complex_0,kond+kraft,4.0,0.17381736317249633,0.0292971134185791,4.0001397132873535,0.862226665019989,0.03308936953544617,3.4928321838378906e-05,3.4928321838378906e-05,-0.00653849011335263
laenge,rand_ana_poly_complex_0,kond,6.0,0.17920165943759692,0.027082310989499092,4.862788200378418,0.8832929134368896,0.03187226876616478,-0.1895352999369303,0.1895352999369303,0.012007448550019204
laenge,rand_ana_poly_complex_0,kraft,6.0,0.19399831277824828,0.02638464793562889,5.9769086837768555,0.8795068860054016,0.03210488706827164,-0.003848552703857422,0.003848552703857422,-0.012971390303270183
laenge,rand_ana_poly_complex_0,kond+kraft,6.0,0.19393377351465219,0.026009157299995422,5.97430419921875,0.8610760569572449,0.03165840357542038,-0.00428263346354163,0.00428263346354163,-0.012944060024245526
laenge,rand_ana_poly_complex_0,kond,8.0,0.17935040423249965,0.027068499475717545,4.864150047302246,0.8851877450942993,0.031855508685112,-0.39198124408721924,0.39198124408721924,0.0011257552575837416
laenge,rand_ana_poly_complex_0,kraft,8.0,0.2121446270383015,0.025715332478284836,7.750615119934082,0.9047374725341797,0.03241031989455223,-0.031173110008239746,0.031173110008239746,-0.011296086301697728
laenge,rand_ana_poly_complex_0,kond+kraft,8.0,0.20950656931566392,0.024808520451188087,7.744467735290527,0.8616207242012024,0.031353265047073364,-0.03194153308868408,0.03194153308868408,-0.010408976828760968
laenge,rand_ana_poly_complex_0,kond,11.0,0.17959186978148126,0.027076026424765587,4.860170841217041,0.8863344192504883,0.031833454966545105,-0.5581662871620872,0.5581662871620872,-0.02004731726630914
laenge,rand_ana_poly_complex_0,kraft,11.0,0.2293740840286986,0.02448970638215542,9.569428443908691,1.184682846069336,0.03290894255042076,-0.13005195964466443,0.13005195964466443,-0.010593607724022121
laenge,rand_ana_poly_complex_0,kond+kraft,11.0,0.22867281524862992,0.024282924830913544,9.541788101196289,1.1513582468032837,0.03225868195295334,-0.13256471807306458,0.13256471807306458,-0.010506568652140665
laenge,rand_ana_poly_complex_0,kond,14.0,0.17954451833301105,0.027074189856648445,4.857496738433838,0.8851078748703003,0.031821247190237045,-0.6530359472547258,0.6530359472547258,-0.02078183561880123
laenge,rand_ana_poly_complex_0,kraft,14.0,0.23785277285324866,0.024485411122441292,10.34967041015625,1.4095340967178345,0.033108264207839966,-0.2607378278459821,0.2607378278459821,-0.010632350393137879
laenge,rand_ana_poly_complex_0,kond+kraft,14.0,0.2388152609881991,0.02473362348973751,10.314275741577148,1.3842650651931763,0.032908014953136444,-0.26326601845877506,0.26326601845877506,-0.010877317223322377
laenge,rand_ana_poly_complex_0,kond,18.0,0.17939053656948026,0.02706160955131054,4.857658386230469,0.884229302406311,0.03181684762239456,-0.7301300896538628,0.7301300896538628,-0.0026556981969763404
laenge,rand_ana_poly_complex_0,kraft,18.0,0.23923430710899315,0.024550918489694595,10.476308822631836,1.4506677389144897,0.03311191126704216,-0.4179828431871202,0.4179828431871202,-0.010638582527420407
laenge,rand_ana_poly_complex_0,kond+kraft,18.0,0.24093267112492694,0.024803373962640762,10.445690155029297,1.4250316619873047,0.03318360447883606,-0.4196838802761502,0.4196838802761502,-0.011000241872665056
laenge,rand_ana_poly_complex_10,frei,nan,0.11122306243750679,0.03192191198468208,6.179596900939941,1.3686163425445557,0.03888974338769913,nan,nan,nan
laenge,rand_ana_poly_complex_10,kond,4.0,0.10974071219514674,0.03152988478541374,6.157060623168945,1.3749587535858154,0.03847784921526909,0.5392651557922363,0.5392651557922363,-0.06577617907549144
laenge,rand_ana_poly_complex_10,kraft,4.0,0.10673814642129571,0.03991333395242691,4.00018310546875,1.669130802154541,0.04322542995214462,4.57763671875e-05,4.57763671875e-05,-0.0020578542842716275
laenge,rand_ana_poly_complex_10,kond+kraft,4.0,0.10805586620198739,0.04027325287461281,4.000179290771484,1.6754258871078491,0.04358420893549919,4.482269287109375e-05,4.482269287109375e-05,-0.0014532305422982241
laenge,rand_ana_poly_complex_10,kond,6.0,0.11035156145247622,0.03161038085818291,6.1141157150268555,1.3571584224700928,0.03848076984286308,0.01901928583780932,0.01901928583780932,-0.013309181452323165
laenge,rand_ana_poly_complex_10,kraft,6.0,0.12344796169653234,0.03423921391367912,5.992652893066406,1.4484840631484985,0.04058802127838135,-0.001224517822265625,0.001224517822265625,0.06539337311787768
laenge,rand_ana_poly_complex_10,kond+kraft,6.0,0.12321915595306865,0.034087542444467545,5.992590427398682,1.4541305303573608,0.04041041433811188,-0.0012349287668863562,0.0012349287668863562,0.0641480120361455
laenge,rand_ana_poly_complex_10,kond,8.0,0.11029966825602552,0.03156706318259239,6.118402481079102,1.3646855354309082,0.03844011202454567,-0.2351996898651123,0.2351996898651123,-0.01508951606341114
laenge,rand_ana_poly_complex_10,kraft,8.0,0.13828173044363504,0.030124519020318985,7.857115745544434,1.5642083883285522,0.037702202796936035,-0.0178605318069458,0.0178605318069458,-0.016130172303672603
laenge,rand_ana_poly_complex_10,kond+kraft,8.0,0.13743948660542069,0.029947984963655472,7.85858154296875,1.5541183948516846,0.03756077587604523,-0.01767730712890625,0.01767730712890625,-0.015614451443841177
laenge,rand_ana_poly_complex_10,kond,11.0,0.10971585023719206,0.03152089565992355,6.150150299072266,1.3798131942749023,0.038441408425569534,-0.44089542735706677,0.44089542735706677,-0.051184588533770094
laenge,rand_ana_poly_complex_10,kraft,11.0,0.1592862987872337,0.028055984526872635,9.93079948425293,2.1298437118530273,0.03732667118310928,-0.09720004688609729,0.09720004688609729,-0.012812754118781394
laenge,rand_ana_poly_complex_10,kond+kraft,11.0,0.1559416017900787,0.027810685336589813,9.95085334777832,2.103963613510132,0.036903396248817444,-0.09537696838378906,0.09537696838378906,-0.011857729640757144
laenge,rand_ana_poly_complex_10,kond,14.0,0.10941528993880309,0.031519364565610886,6.160933494567871,1.3836196660995483,0.03844344615936279,-0.5599333218165806,0.5599333218165806,-0.09686187305062512
laenge,rand_ana_poly_complex_10,kraft,14.0,0.16694585797594275,0.02773848921060562,11.032102584838867,2.4122910499572754,0.03750346601009369,-0.21199267251150944,0.21199267251150944,-0.011483303507161152
laenge,rand_ana_poly_complex_10,kond+kraft,14.0,0.16410866087789075,0.027553264051675797,11.052112579345703,2.4125280380249023,0.03732995688915253,-0.21056338718959267,0.21056338718959267,-0.010853859059861987
laenge,rand_ana_poly_complex_10,kond,18.0,0.10952760992918507,0.031529925763607025,6.15144157409668,1.3779572248458862,0.03845031559467316,-0.6582532458835177,0.6582532458835177,-0.060217823709174334
laenge,rand_ana_poly_complex_10,kraft,18.0,0.1693998235335137,0.027894318103790283,11.540325164794922,2.477616548538208,0.03786075487732887,-0.35887082417805993,0.35887082417805993,-0.01085239882205317
laenge,rand_ana_poly_complex_10,kond+kraft,18.0,0.1673970540248435,0.02756873518228531,11.543436050415039,2.482203483581543,0.03765115141868591,-0.3586979971991645,0.3586979971991645,-0.010472721127894722
laenge,rand_ana_poly_complex_20,frei,nan,0.18183106746503294,0.02543775364756584,4.668280601501465,1.4285037517547607,0.029532097280025482,nan,nan,nan
laenge,rand_ana_poly_complex_20,kond,4.0,0.18177395612266686,0.025432081893086433,4.665694236755371,1.4305758476257324,0.029555518180131912,0.16642355918884277,0.16642355918884277,-0.02208170462125853
laenge,rand_ana_poly_complex_20,kraft,4.0,0.17825876278665745,0.025661323219537735,4.0002899169921875,1.2963873147964478,0.029078438878059387,7.2479248046875e-05,7.2479248046875e-05,-0.005347836071995221
laenge,rand_ana_poly_complex_20,kond+kraft,4.0,0.17813221949644173,0.02564607933163643,4.000283241271973,1.2919394969940186,0.02905939146876335,7.081031799316406e-05,7.081031799316406e-05,-0.005537219439490694
laenge,rand_ana_poly_complex_20,kond,6.0,0.18146818524490715,0.025392958894371986,4.662637710571289,1.4093148708343506,0.029468104243278503,-0.22289371490478516,0.22289371490478516,-0.06430785648987963
laenge,rand_ana_poly_complex_20,kraft,6.0,0.2071016145164318,0.021820755675435066,5.976197719573975,1.3982808589935303,0.027593228965997696,-0.0039670467376708984,0.0039670467376708984,-0.01932121439670452
laenge,rand_ana_poly_complex_20,kond+kraft,6.0,0.20691433129410347,0.021665893495082855,5.9759521484375,1.3734586238861084,0.027496248483657837,-0.00400797526041663,0.00400797526041663,-0.01918162392371567
laenge,rand_ana_poly_complex_20,kond,8.0,0.18160380403155002,0.02537546679377556,4.66512393951416,1.4160964488983154,0.029476936906576157,-0.41685950756073,0.41685950756073,-0.07199485861866706
laenge,rand_ana_poly_complex_20,kraft,8.0,0.2318722702313179,0.02111022174358368,7.7347588539123535,1.5204354524612427,0.028236430138349533,-0.03315514326095581,0.03315514326095581,-0.016318786127683175
laenge,rand_ana_poly_complex_20,kond+kraft,8.0,0.2317568745874536,0.02116524986922741,7.733205795288086,1.5181297063827515,0.028233159333467484,-0.03334927558898926,0.03334927558898926,-0.01628940478665936
laenge,rand_ana_poly_complex_20,kond,11.0,0.18200093011252647,0.02545221522450447,4.667983055114746,1.443985939025879,0.029522906988859177,-0.5756379040804775,0.5756379040804775,0.5708778700582349
laenge,rand_ana_poly_complex_20,kraft,11.0,0.26170942470901154,0.022676981985569,9.450445175170898,1.9084261655807495,0.03117794170975685,-0.14086862043900927,0.14086862043900927,-0.016703389440795975
laenge,rand_ana_poly_complex_20,kond+kraft,11.0,0.26294207697321725,0.022964242845773697,9.44139289855957,1.9460954666137695,0.03127659112215042,-0.1416915546764027,0.1416915546764027,-0.01699331682562274
laenge,rand_ana_poly_complex_20,kond,14.0,0.18210014138837857,0.02548835799098015,4.667430400848389,1.4591686725616455,0.029521074146032333,-0.6666121142251151,0.6666121142251151,0.31648284716328445
laenge,rand_ana_poly_complex_20,kraft,14.0,0.27163012383383256,0.023015737533569336,10.128227233886719,2.082183837890625,0.03153718635439873,-0.2765551975795201,0.2765551975795201,-0.01644687437715296
laenge,rand_ana_poly_complex_20,kond+kraft,14.0,0.2729720369530722,0.023434646427631378,10.115594863891602,2.1271090507507324,0.031619466841220856,-0.27745750972202843,0.27745750972202843,-0.016731358812415758
laenge,rand_ana_poly_complex_20,kond,18.0,0.18209244047350093,0.025479594245553017,4.666128158569336,1.4586118459701538,0.029508762061595917,-0.740770657857259,0.740770657857259,0.12143086563018447
laenge,rand_ana_poly_complex_20,kraft,18.0,0.2719226923341609,0.02289990335702896,10.157852172851562,2.094341993331909,0.031400009989738464,-0.43567487928602433,0.43567487928602433,-0.01641141274836698
laenge,rand_ana_poly_complex_20,kond+kraft,18.0,0.27287892384220935,0.023190949112176895,10.144989013671875,2.135561943054199,0.03136510029435158,-0.43638949924045134,0.43638949924045134,-0.01662455795069329
laenge,rand_ana_poly_complex_30,frei,nan,0.2859210789664815,0.029792509973049164,4.549502849578857,6.837585926055908,0.034529853612184525,nan,nan,nan
laenge,rand_ana_poly_complex_30,kond,4.0,0.2871482388805288,0.030112210661172867,4.582209587097168,6.87168025970459,0.0347134992480278,0.145552396774292,0.145552396774292,-0.03752009546535487
laenge,rand_ana_poly_complex_30,kraft,4.0,0.3012950562942,0.0396714024245739,4.000950336456299,6.744153022766113,0.04325509071350098,0.00023758411407470703,0.00023758411407470703,0.028026445891577968
laenge,rand_ana_poly_complex_30,kond+kraft,4.0,0.3004772897990245,0.03984503075480461,4.000968933105469,6.659548282623291,0.04340248554944992,0.0002422332763671875,0.0002422332763671875,0.026536573938995743
laenge,rand_ana_poly_complex_30,kond,6.0,0.284916005569445,0.02972610667347908,4.516775131225586,6.72379732131958,0.03446383401751518,-0.24720414479573571,0.24720414479573571,-0.030710157860302366
laenge,rand_ana_poly_complex_30,kraft,6.0,0.3087665292432423,0.031186604872345924,5.988431453704834,7.6356964111328125,0.036681268364191055,-0.001928091049194336,0.001928091049194336,-0.015876708692324205
laenge,rand_ana_poly_complex_30,kond+kraft,6.0,0.30809881874198225,0.03102671168744564,5.988424301147461,7.586228847503662,0.036403365433216095,-0.0019292831420898438,0.0019292831420898438,-0.015412752205010392
laenge,rand_ana_poly_complex_30,kond,8.0,0.2848184478052968,0.029688499867916107,4.515069961547852,6.704750061035156,0.034415557980537415,-0.43561625480651855,0.43561625480651855,-0.0320226162903271
laenge,rand_ana_poly_complex_30,kraft,8.0,0.3197682306870874,0.02432498149573803,7.791881561279297,8.034867286682129,0.031872451305389404,-0.02601480484008789,0.02601480484008789,-0.010438987771066078
laenge,rand_ana_poly_complex_30,kond+kraft,8.0,0.31924611586735263,0.024287540465593338,7.790549278259277,7.980000019073486,0.03184419125318527,-0.026181340217590332,0.026181340217590332,-0.010282184360573722
laenge,rand_ana_poly_complex_30,kond,11.0,0.2871398907658533,0.029983481392264366,4.591850757598877,6.849930286407471,0.034659236669540405,-0.5825590220364658,0.5825590220364658,-0.02878092109758047
laenge,rand_ana_poly_complex_30,kraft,11.0,0.3437483316176222,0.023803746327757835,9.578722953796387,8.036905288696289,0.03329318389296532,-0.1292070042003285,0.1292070042003285,-0.011498254491316947
laenge,rand_ana_poly_complex_30,kond+kraft,11.0,0.3408814765519034,0.023307250812649727,9.600969314575195,8.089914321899414,0.032806433737277985,-0.12718460776589136,0.12718460776589136,-0.010880087587686622
laenge,rand_ana_poly_complex_30,kond,14.0,0.2874765723024957,0.03006855770945549,4.599922180175781,6.8700480461120605,0.034726716578006744,-0.6714341299874442,0.6714341299874442,-0.03085113026290522
laenge,rand_ana_poly_complex_30,kraft,14.0,0.35390788052055844,0.024858474731445312,10.28128433227539,7.868480205535889,0.03475002199411392,-0.2656225476946149,0.2656225476946149,-0.011861373598997069
laenge,rand_ana_poly_complex_30,kond+kraft,14.0,0.3530010747669373,0.024635005742311478,10.300296783447266,7.952670574188232,0.034395936876535416,-0.2642645154680524,0.2642645154680524,-0.011664475648379365
laenge,rand_ana_poly_complex_30,kond,18.0,0.2853102688902193,0.02979644387960434,4.524423122406006,6.748843669891357,0.03449811041355133,-0.748643159866333,0.748643159866333,-0.02435473368798738
laenge,rand_ana_poly_complex_30,kraft,18.0,0.35481808141173243,0.025232572108507156,10.31950569152832,7.663036346435547,0.03520173951983452,-0.4266941282484267,0.4266941282484267,-0.011940549135323003
laenge,rand_ana_poly_complex_30,kond+kraft,18.0,0.3538148184986987,0.025179995223879814,10.290739059448242,7.716874122619629,0.03507201373577118,-0.42829227447509766,0.42829227447509766,-0.011825630761456134
laenge,organic_0,frei,nan,0.14289678934199312,0.03404264897108078,6.907851219177246,2.6360621452331543,0.04097259044647217,nan,nan,nan
laenge,organic_0,kond,4.0,0.144407939112643,0.034509606659412384,6.891526222229004,2.653062343597412,0.04154042527079582,0.722881555557251,0.722881555557251,0.09256661887539167
laenge,organic_0,kraft,4.0,0.1731351287472441,0.05085356906056404,4.0047993659973145,3.150526523590088,0.05385516956448555,0.0011998414993286133,0.0011998414993286133,0.01041605211843827
laenge,organic_0,kond+kraft,4.0,0.17087999746907515,0.05028405785560608,4.004298210144043,3.0856893062591553,0.05337267369031906,0.0010745525360107422,0.0010745525360107422,0.009637574392485294
laenge,organic_0,kond,6.0,0.14371193044146896,0.034250885248184204,6.897747993469238,2.638986110687256,0.0412568524479866,0.1496246655782063,0.1496246655782063,0.08068127180705814
laenge,organic_0,kraft,6.0,0.14169623745550822,0.03761260211467743,6.008740425109863,2.5935256481170654,0.0426369309425354,0.0014567375183105469,0.0014567375183105469,-0.0013352657919430265
laenge,organic_0,kond+kraft,6.0,0.13972948302159455,0.03790983185172081,6.009138584136963,2.666884660720825,0.04279135912656784,0.0015230973561604078,0.0015230973561604078,-0.003524270380661343
laenge,organic_0,kond,8.0,0.14392918400379842,0.03431537002325058,6.897281646728516,2.648425579071045,0.041334763169288635,-0.13783979415893555,0.13783979415893555,0.09767610438483725
laenge,organic_0,kraft,8.0,0.14201841835144646,0.03272887319326401,7.888188362121582,2.6283814907073975,0.039888348430395126,-0.013976454734802246,0.013976454734802246,0.0008959886880431462
laenge,organic_0,kond+kraft,8.0,0.1438633980081734,0.03349699825048447,7.889427185058594,2.728240489959717,0.04012700542807579,-0.013821601867675781,0.013821601867675781,-0.0009847517663213938
laenge,organic_0,kond,11.0,0.14470084437280328,0.0346016064286232,6.8994855880737305,2.674522638320923,0.04166737198829651,-0.37277403744784265,0.37277403744784265,0.21565079890410319
laenge,organic_0,kraft,11.0,0.1636125727828306,0.031865157186985016,9.982011795043945,2.96480131149292,0.04154349863529205,-0.0925443822687323,0.0925443822687323,-0.006738679691446195
laenge,organic_0,kond+kraft,11.0,0.16456601636406032,0.032503891736269,9.981155395507812,3.0477840900421143,0.04207659885287285,-0.09262223677201709,0.09262223677201709,-0.007050791519093826
laenge,organic_0,kond,14.0,0.1449914840636541,0.0346560999751091,6.898428916931152,2.6784729957580566,0.041727907955646515,-0.5072550773620605,0.5072550773620605,0.222312410168056
laenge,organic_0,kraft,14.0,0.17666312172336898,0.03250548243522644,11.077086448669434,3.11602520942688,0.04264085739850998,-0.20877953938075478,0.20877953938075478,-0.008098927146763218
laenge,organic_0,kond+kraft,14.0,0.1780774539096814,0.03297102451324463,11.075614929199219,3.224308490753174,0.04320620372891426,-0.20888464791434147,0.20888464791434147,-0.008441137025856683
laenge,organic_0,kond,18.0,0.14501815558882036,0.03460681065917015,6.897239685058594,2.6725914478302,0.04167913272976875,-0.6168200174967449,0.6168200174967449,0.19991136277820784
laenge,organic_0,kraft,18.0,0.18234459736768466,0.03275443986058235,11.552770614624023,3.17213773727417,0.04326534643769264,-0.3581794102986654,0.3581794102986654,-0.008492678702747909
laenge,organic_0,kond+kraft,18.0,0.1841859604014095,0.033015668392181396,11.551628112792969,3.2970213890075684,0.04374489188194275,-0.35824288262261283,0.35824288262261283,-0.008891290862009509
laenge,organic_10,frei,nan,0.2603291840930164,0.042222246527671814,6.267056465148926,5.404489040374756,0.04793890193104744,nan,nan,nan
laenge,organic_10,kond,4.0,0.26042028739305123,0.042136285454034805,6.2376298904418945,5.413742542266846,0.0475330650806427,0.5594074726104736,0.5594074726104736,0.0030959532647557237
laenge,organic_10,kraft,4.0,0.24072555189951778,0.04205154627561569,4.0019402503967285,4.252630233764648,0.045680053532123566,0.0004850625991821289,0.0004850625991821289,-0.008654581193593757
laenge,organic_10,kond+kraft,4.0,0.24062719084103723,0.041830215603113174,4.001558303833008,4.237079620361328,0.0455496609210968,0.0003895759582519531,0.0003895759582519531,-0.008696539060766775
laenge,organic_10,kond,6.0,0.2591367473597835,0.04207704961299896,6.2366533279418945,5.348482131958008,0.047704845666885376,0.03944222132364916,0.03944222132364916,-0.039220845043489994
laenge,organic_10,kraft,6.0,0.25462601441047816,0.03943822905421257,5.993729591369629,5.344781875610352,0.04629148170351982,-0.001045068105061886,0.001045068105061886,-0.020865748046214407
laenge,organic_10,kond+kraft,6.0,0.25435310746020107,0.03928901255130768,5.993488311767578,5.30732536315918,0.046137869358062744,-0.0010852813720703125,0.0010852813720703125,-0.02184492806984313
laenge,organic_10,kond,8.0,0.25953363477368147,0.04210421070456505,6.233191967010498,5.374636650085449,0.04762651026248932,-0.22085100412368774,0.22085100412368774,-0.023492133740857197
laenge,organic_10,kraft,8.0,0.26185262735356035,0.034291449934244156,7.846920967102051,5.246072292327881,0.04302225261926651,-0.019134879112243652,0.019134879112243652,-0.0009642872908787807
laenge,organic_10,kond+kraft,8.0,0.26176083934149186,0.03408852219581604,7.8441243171691895,5.221149921417236,0.042911212891340256,-0.01948446035385132,0.01948446035385132,-0.0009077955946165867
laenge,organic_10,kond,11.0,0.26062178586322654,0.04206005856394768,6.2288923263549805,5.428095817565918,0.0474962517619133,-0.4337370612404563,0.4337370612404563,0.007666929726619226
laenge,organic_10,kraft,11.0,0.28740543901693905,0.03436887264251709,9.877706527709961,5.4774274826049805,0.04361078888177872,-0.10202667929909448,0.10202667929909448,-0.007498997259434616
laenge,organic_10,kond+kraft,11.0,0.289891952180041,0.034632571041584015,9.841607093811035,5.546550273895264,0.043841030448675156,-0.10530844601717859,0.10530844601717859,-0.008270345326760525
laenge,organic_10,kond,14.0,0.26081637135778635,0.04204355180263519,6.226842403411865,5.434223651885986,0.047488633543252945,-0.5552255426134383,0.5552255426134383,0.012114848481493858
laenge,organic_10,kraft,14.0,0.29837506511312595,0.03454035520553589,10.883757591247559,5.626115798950195,0.0431952178478241,-0.22258874348231728,0.22258874348231728,-0.00824092354712604
laenge,organic_10,kond+kraft,14.0,0.30057169101434894,0.03442935273051262,10.823759078979492,5.665550231933594,0.04306357353925705,-0.22687435150146484,0.22687435150146484,-0.0088314973198356
laenge,organic_10,kond,18.0,0.26064521266045315,0.04206347465515137,6.227431297302246,5.424386501312256,0.04747479408979416,-0.6540315945943196,0.6540315945943196,0.007975450568677237
laenge,organic_10,kraft,18.0,0.3022976739024125,0.03438038378953934,11.264599800109863,5.663485527038574,0.04290986806154251,-0.3741888999938965,0.3741888999938965,-0.008397824090048465
laenge,organic_10,kond+kraft,18.0,0.3036422288061575,0.034176912158727646,11.19210433959961,5.667673587799072,0.04272045940160751,-0.37821642557779944,0.37821642557779944,-0.008794441357176046
laenge,organic_20,frei,nan,0.1263325010707616,0.029097162187099457,5.071678161621094,2.56691312789917,0.03386177122592926,nan,nan,nan
laenge,organic_20,kond,4.0,0.12527643619371592,0.029055139049887657,5.066354751586914,2.5521538257598877,0.03389773517847061,0.2665886878967285,0.2665886878967285,-0.1983812763369854
laenge,organic_20,kraft,4.0,0.12546239307893592,0.03124386817216873,4.000256538391113,2.456557035446167,0.034822750836610794,6.413459777832031e-05,6.413459777832031e-05,-0.0008121060588665359
laenge,organic_20,kond+kraft,4.0,0.12496090619619525,0.03126995265483856,4.000258445739746,2.4586262702941895,0.0348205603659153,6.461143493652344e-05,6.461143493652344e-05,-0.0012801657970593556
laenge,organic_20,kond,6.0,0.1256000413206831,0.029000811278820038,5.066003799438477,2.54805588722229,0.033865176141262054,-0.15566603342692054,0.15566603342692054,-0.12908230502492976
laenge,organic_20,kraft,6.0,0.14730769556711373,0.030019599944353104,5.983953952789307,2.4777534008026123,0.035372257232666016,-0.0026743412017822266,0.0026743412017822266,-0.022992163882253617
laenge,organic_20,kond+kraft,6.0,0.14640052288777367,0.029701892286539078,5.984160423278809,2.451752185821533,0.03511570766568184,-0.002639929453531864,0.002639929453531864,-0.021992780199972656
laenge,organic_20,kond,8.0,0.1254655365576822,0.028985105454921722,5.066377639770508,2.551652431488037,0.03384135663509369,-0.3667027950286865,0.3667027950286865,-0.16356210530168325
laenge,organic_20,kraft,8.0,0.17305314215464204,0.03040919452905655,7.802541732788086,2.602045774459839,0.03704372048377991,-0.024682283401489258,0.024682283401489258,-0.01710837611119295
laenge,organic_20,kond+kraft,8.0,0.17236919097808096,0.03048526868224144,7.799897193908691,2.5737133026123047,0.037060074508190155,-0.025012850761413574,0.025012850761413574,-0.016874264625563375
laenge,organic_20,kond,11.0,0.12508646881521124,0.029010001569986343,5.066681861877441,2.557055711746216,0.033849507570266724,-0.5393925580111416,0.5393925580111416,-0.24939101324603574
laenge,organic_20,kraft,11.0,0.19848951098268283,0.030429590493440628,9.710939407348633,2.793379783630371,0.038172028958797455,-0.1171873266046698,0.1171873266046698,-0.015553556070672499
laenge,organic_20,kond+kraft,11.0,0.19827148784281542,0.030757714062929153,9.696257591247559,2.7898426055908203,0.03839932382106781,-0.11852203715931287,0.11852203715931287,-0.015555790070593394
laenge,organic_20,kond,14.0,0.12501303756886473,0.029018692672252655,5.065586090087891,2.558910608291626,0.0338616780936718,-0.6381724221365792,0.6381724221365792,-0.21658700077724183
laenge,organic_20,kraft,14.0,0.21162210718762056,0.030203979462385178,10.570469856262207,2.9304773807525635,0.0391857847571373,-0.24496643883841374,0.24496643883841374,-0.015510608666987431
laenge,organic_20,kond+kraft,14.0,0.21094344959679381,0.03045455738902092,10.543206214904785,2.9353749752044678,0.03935573250055313,-0.2469138417925153,0.2469138417925153,-0.015463860863375024
laenge,organic_20,kond,18.0,0.1251648252556378,0.0290316604077816,5.063493728637695,2.5539731979370117,0.03388162702322006,-0.7186947928534614,0.7186947928534614,-0.14267033739446083
laenge,organic_20,kraft,18.0,0.21447469874407823,0.030140168964862823,10.764408111572266,2.9615726470947266,0.039306167513132095,-0.4019773271348741,0.4019773271348741,-0.015483291575085632
laenge,organic_20,kond+kraft,18.0,0.21348588810180108,0.030296243727207184,10.732425689697266,2.9632742404937744,0.039360709488391876,-0.4037541283501519,0.4037541283501519,-0.015396091523032278
laenge,organic_30,frei,nan,0.10809994579594208,0.019835539162158966,3.2541050910949707,0.5063590407371521,0.022583456709980965,nan,nan,nan
laenge,organic_30,kond,4.0,0.10791986821806106,0.019785868003964424,3.2527143955230713,0.498261034488678,0.02252897247672081,-0.18682140111923218,0.18682140111923218,-0.12948741731813476
laenge,organic_30,kraft,4.0,0.1280775013448326,0.01772700622677803,3.999906063079834,0.44183462858200073,0.020861901342868805,-2.3484230041503906e-05,2.3484230041503906e-05,-0.0267867116017864
laenge,organic_30,kond+kraft,4.0,0.1282189459235373,0.01777668669819832,3.99990177154541,0.4528287947177887,0.020906340330839157,-2.4557113647460938e-05,2.4557113647460938e-05,-0.02697652142329721
laenge,organic_30,kond,6.0,0.10786038469847341,0.01980721205472946,3.2539234161376953,0.4966367483139038,0.022569306194782257,-0.4576794306437174,0.4576794306437174,-1.3186247629360075
laenge,organic_30,kraft,6.0,0.17040237849428616,0.01689048856496811,5.97847843170166,0.8563579320907593,0.02182713896036148,-0.0035869280497232703,0.0035869280497232703,-0.022868537057578894
laenge,organic_30,kond+kraft,6.0,0.1708689324319791,0.016994666308164597,5.9779863357543945,0.8810406923294067,0.02187448740005493,-0.003668944040934208,0.003668944040934208,-0.02304395125855982
laenge,organic_30,kond,8.0,0.1078313455476293,0.019786635413765907,3.2534303665161133,0.4956884980201721,0.022562112659215927,-0.5933212041854858,0.5933212041854858,-0.3980887264661802
laenge,organic_30,kraft,8.0,0.20883699019959118,0.018775060772895813,7.736278057098389,1.427395224571228,0.025083471089601517,-0.032965242862701416,0.032965242862701416,-0.022475046181332992
laenge,organic_30,kond+kraft,8.0,0.2094120038266422,0.019249867647886276,7.7331438064575195,1.4663505554199219,0.02549118921160698,-0.03335702419281006,0.03335702419281006,-0.022619152114763442
laenge,organic_30,kond,11.0,0.10782811222985411,0.019760414958000183,3.2513885498046875,0.4956478774547577,0.0225311741232872,-0.7044192227450283,0.7044192227450283,-0.10006605349982671
laenge,organic_30,kraft,11.0,0.24627836215302282,0.019559500738978386,9.392784118652344,2.1291146278381348,0.02661450393497944,-0.14611053466796875,0.14611053466796875,-0.022509470805816504
laenge,organic_30,kond+kraft,11.0,0.24688101514441277,0.019539043307304382,9.379694938659668,2.1676578521728516,0.026679163798689842,-0.1473004601218484,0.1473004601218484,-0.022655951965775963
laenge,organic_30,kond,14.0,0.10786481171343619,0.019764073193073273,3.249345302581787,0.4952506721019745,0.02251318097114563,-0.7679039069584438,0.7679039069584438,-0.04940011133995092
laenge,organic_30,kraft,14.0,0.25823774555331697,0.01993061974644661,9.94930648803711,2.3989481925964355,0.027527740225195885,-0.2893352508544922,0.2893352508544922,-0.022424687601771992
laenge,organic_30,kond+kraft,14.0,0.25893300729984386,0.019944559782743454,9.924833297729492,2.4375905990600586,0.02760179340839386,-0.29108333587646484,0.29108333587646484,-0.022611183791581765
laenge,organic_30,kond,18.0,0.1078981406156285,0.019779501482844353,3.2485785484313965,0.49417975544929504,0.02252289280295372,-0.8195234139760336,0.8195234139760336,-0.03651562877523649
laenge,organic_30,kraft,18.0,0.2547745627372986,0.019862651824951172,9.797497749328613,2.3094186782836914,0.027193356305360794,-0.4556945694817437,0.4556945694817437,-0.022415683209350702
laenge,organic_30,kond+kraft,18.0,0.2554116459633363,0.019883673638105392,9.76907730102539,2.342332124710083,0.027272159233689308,-0.4572734832763672,0.4572734832763672,-0.022611255339332836
laenge,cjk_0,frei,nan,0.2803137601975771,0.04913973808288574,7.15203857421875,9.20545768737793,0.05693458020687103,nan,nan,nan
laenge,cjk_0,kond,4.0,0.2793626703002812,0.048913002014160156,7.141534328460693,9.197110176086426,0.056670576333999634,0.7853835821151733,0.7853835821151733,-0.090543378287431
laenge,cjk_0,kraft,4.0,0.26887894241010313,0.060377173125743866,4.029858589172363,9.553905487060547,0.0649033710360527,0.00746464729309082,0.00746464729309082,-0.003662446701420409
laenge,cjk_0,kond+kraft,4.0,0.26858259708629884,0.06022399663925171,4.029567718505859,9.530745506286621,0.06479290127754211,0.007391929626464844,0.007391929626464844,-0.0037570128444321103
laenge,cjk_0,kond,6.0,0.27986512842285094,0.04882865399122238,7.151196479797363,9.19029426574707,0.05657358467578888,0.1918660799662273,0.1918660799662273,-0.5327570915234956
laenge,cjk_0,kraft,6.0,0.27687015568557105,0.05081463232636452,6.009620666503906,8.854044914245605,0.058470629155635834,0.0016034444173176343,0.0016034444173176343,-0.0030143124409649814
laenge,cjk_0,kond+kraft,6.0,0.2768098186110066,0.05057128891348839,6.009524345397949,8.860610008239746,0.05800541862845421,0.0015873908996582031,0.0015873908996582031,-0.003066869101653919
laenge,cjk_0,kond,8.0,0.2800022921815758,0.04873058944940567,7.154428005218506,9.185224533081055,0.05652356147766113,-0.10569649934768677,0.10569649934768677,0.1303523793041595
laenge,cjk_0,kraft,8.0,0.28320965250720426,0.04871726781129837,7.92733097076416,8.450274467468262,0.05670866370201111,-0.00908362865447998,0.00908362865447998,-0.0037352259902597293
laenge,cjk_0,kond+kraft,8.0,0.28352645859206377,0.048460036516189575,7.927223205566406,8.453119277954102,0.05629345402121544,-0.009097099304199219,0.009097099304199219,-0.0041444299390990405
laenge,cjk_0,kond,11.0,0.2797081415960086,0.048711709678173065,7.1504716873168945,9.181306838989258,0.056542377918958664,-0.34995711933482776,0.34995711933482776,-0.38651073083279536
laenge,cjk_0,kraft,11.0,0.2870298521757583,0.048762910068035126,10.12076187133789,7.97663688659668,0.05712943524122238,-0.07993073896928271,0.07993073896928271,-0.0022622829095249653
laenge,cjk_0,kond+kraft,11.0,0.2856021116892137,0.04828988388180733,10.12038803100586,7.969895362854004,0.05668504536151886,-0.07996472445401281,0.07996472445401281,-0.0017815798202414517
laenge,cjk_0,kond,14.0,0.2796345352652423,0.04871789366006851,7.148957252502441,9.1858491897583,0.05655764043331146,-0.48936019624982563,0.48936019624982563,-0.22043298132092043
laenge,cjk_0,kraft,14.0,0.28821585582055487,0.04880031198263168,11.325387001037598,7.603750228881836,0.057593800127506256,-0.19104378564017155,0.19104378564017155,-0.0018934665440817709
laenge,cjk_0,kond+kraft,14.0,0.2866054674018869,0.04830421879887581,11.322494506835938,7.604310989379883,0.05726867541670799,-0.19125039236886165,0.19125039236886165,-0.0015086377379274786
laenge,cjk_0,kond,18.0,0.2798300498603442,0.0487307645380497,7.149532794952393,9.191680908203125,0.05656078830361366,-0.6028037336137559,0.6028037336137559,-0.19303788794454924
laenge,cjk_0,kraft,18.0,0.2899110003009229,0.04897671937942505,11.902164459228516,7.476050853729248,0.05814175307750702,-0.3387686411539713,0.3387686411539713,-0.002020418055368254
laenge,cjk_0,kond+kraft,18.0,0.28840270735386475,0.04851889982819557,11.897367477416992,7.477462291717529,0.057865120470523834,-0.33903514014350045,0.33903514014350045,-0.001704612540310093
laenge,cjk_10,frei,nan,0.2141399455899389,0.03238098695874214,8.019405364990234,4.034082412719727,0.039571359753608704,nan,nan,nan
laenge,cjk_10,kond,4.0,0.2102824359310131,0.032661665230989456,8.011430740356445,4.186316013336182,0.03986617177724838,1.0028576850891113,1.0028576850891113,-0.4837230385216207
laenge,cjk_10,kraft,4.0,0.3135272781112707,0.06884077191352844,4.066277980804443,6.566314697265625,0.07087212055921555,0.01656949520111084,0.01656949520111084,0.025141444446977305
laenge,cjk_10,kond+kraft,4.0,0.32113508906337324,0.06991113722324371,4.065293312072754,6.7840352058410645,0.07188399881124496,0.016323328018188477,0.016323328018188477,0.027059208753198994
laenge,cjk_10,kond,6.0,0.21256420611990431,0.03285872936248779,8.010099411010742,4.1737589836120605,0.039961181581020355,0.3350165685017903,0.3350165685017903,-0.1693259469697671
laenge,cjk_10,kraft,6.0,0.24210645591693247,0.04738710820674896,6.077487945556641,4.872811794281006,0.05152716115117073,0.012914657592773438,0.012914657592773438,0.014401493105278733
laenge,cjk_10,kond+kraft,6.0,0.23944485396433332,0.04685412347316742,6.074431419372559,4.833627700805664,0.051011692732572556,0.012405236562093025,0.012405236562093025,0.013010409949917454
laenge,cjk_10,kond,8.0,0.2119590099152929,0.032788973301649094,8.019680976867676,4.157615661621094,0.03983411192893982,0.0024601221084594727,0.0024601221084594727,7.9130685327944805
laenge,cjk_10,kraft,8.0,0.215449867592827,0.03381005674600601,7.979560852050781,3.780998945236206,0.04109523072838783,-0.0025548934936523438,0.0025548934936523438,0.03287584428196242
laenge,cjk_10,kond+kraft,8.0,0.21497284604323577,0.033303700387477875,7.97367000579834,3.8023226261138916,0.040259040892124176,-0.0032912492752075195,0.0032912492752075195,0.01821130232742287
laenge,cjk_10,kond,11.0,0.20966669205632493,0.03256332129240036,8.018681526184082,4.131773471832275,0.03969995304942131,-0.2710289521650835,0.2710289521650835,-6.179902894944402
laenge,cjk_10,kraft,11.0,0.2187948032501885,0.026201682165265083,10.23222827911377,3.296107530593872,0.036233089864254,-0.06979742917147547,0.06979742917147547,-0.0021035834501439564
laenge,cjk_10,kond+kraft,11.0,0.21909439646109907,0.02650821954011917,10.189921379089355,3.6587421894073486,0.035848431289196014,-0.07364351099187683,0.07364351099187683,-0.0022826142903241975
laenge,cjk_10,kond,14.0,0.20865281931222618,0.03256436809897423,8.010146141052246,4.142612457275391,0.03978291526436806,-0.4278467042105538,0.4278467042105538,-0.5926118986279634
laenge,cjk_10,kraft,14.0,0.2332853237192567,0.025990206748247147,11.523218154907227,3.3598408699035645,0.0371011421084404,-0.17691298893519813,0.17691298893519813,-0.00546415555774353
laenge,cjk_10,kond+kraft,14.0,0.2348894215957402,0.026020321995019913,11.475955963134766,3.679891347885132,0.0363810658454895,-0.18028885977608822,0.18028885977608822,-0.0060029429388187075
laenge,cjk_10,kond,18.0,0.20907405547869626,0.032585497945547104,8.001326560974121,4.142443656921387,0.039765864610672,-0.55548185772366,0.55548185772366,-0.280211572996063
laenge,cjk_10,kraft,18.0,0.24395857581977534,0.026266485452651978,12.206912994384766,3.465222120285034,0.03799426555633545,-0.3218381669786241,0.3218381669786241,-0.007120853946753977
laenge,cjk_10,kond+kraft,18.0,0.24559430999953527,0.026310954242944717,12.16016960144043,3.7131688594818115,0.03744392842054367,-0.3244350221421983,0.3244350221421983,-0.007596270305058867
laenge,cjk_20,frei,nan,0.20363018307540567,0.03382629156112671,6.070747375488281,1.3140004873275757,0.03978800028562546,nan,nan,nan
laenge,cjk_20,kond,4.0,0.20317557586646848,0.03381608799099922,6.058120250701904,1.2930890321731567,0.039764903485774994,0.5145300626754761,0.5145300626754761,-0.03600243259080321
laenge,cjk_20,kraft,4.0,0.1917463605824804,0.03571883589029312,4.043318748474121,1.3143367767333984,0.03924083709716797,0.010829687118530273,0.010829687118530273,-0.00586152446235646
laenge,cjk_20,kond+kraft,4.0,0.19181060528739985,0.03575311601161957,4.04294490814209,1.3032878637313843,0.03927953541278839,0.010736227035522461,0.010736227035522461,-0.005828761912630594
laenge,cjk_20,kond,6.0,0.20310041552343008,0.033863406628370285,6.0585126876831055,1.2960067987442017,0.039795923978090286,0.009752114613850837,0.009752114613850837,-0.04330045526388315
laenge,cjk_20,kraft,6.0,0.20889961356832112,0.03489392250776291,5.98935604095459,1.323514699935913,0.03984334319829941,-0.001773993174234989,0.001773993174234989,0.06474191046387381
laenge,cjk_20,kond+kraft,6.0,0.20845605717624166,0.03497689962387085,5.98903751373291,1.3043056726455688,0.03988806530833244,-0.001827081044515011,0.001827081044515011,0.059061097365260974
laenge,cjk_20,kond,8.0,0.20308774747013197,0.03385875001549721,6.0575714111328125,1.2994221448898315,0.03980836272239685,-0.24280357360839844,0.24280357360839844,-0.04116856957407899
laenge,cjk_20,kraft,8.0,0.2276282105489267,0.03204769641160965,7.772091388702393,1.390496015548706,0.038776375353336334,-0.028488576412200928,0.028488576412200928,-0.014105335127482486
laenge,cjk_20,kond+kraft,8.0,0.2276247864105858,0.03221581503748894,7.767380714416504,1.3847662210464478,0.03889254480600357,-0.02907741069793701,0.02907741069793701,-0.014142480160349628
laenge,cjk_20,kond,11.0,0.20309597366836465,0.03382619470357895,6.0559258460998535,1.3003754615783691,0.03978980332612991,-0.4494612867181952,0.4494612867181952,-0.03604279916336546
laenge,cjk_20,kraft,11.0,0.2487152350623448,0.029649540781974792,9.615904808044434,1.5802783966064453,0.03865613043308258,-0.12582683563232422,0.12582683563232422,-0.012717362442894845
laenge,cjk_20,kond+kraft,11.0,0.248540460374421,0.02989899553358555,9.606647491455078,1.5724728107452393,0.038865119218826294,-0.1266684098677202,0.1266684098677202,-0.012701229057975194
laenge,cjk_20,kond,14.0,0.2030741963728925,0.033807478845119476,6.054633140563965,1.2996001243591309,0.03976450860500336,-0.5675262042454311,0.5675262042454311,-0.03450282964872147
laenge,cjk_20,kraft,14.0,0.2597667042497905,0.030467532575130463,10.473453521728516,1.7062236070632935,0.04047960042953491,-0.2518961770193917,0.2518961770193917,-0.012750458311264663
laenge,cjk_20,kond+kraft,14.0,0.25937745858697564,0.030626315623521805,10.451570510864258,1.692186713218689,0.04058152437210083,-0.25345924922398155,0.25345924922398155,-0.012725297002154723
laenge,cjk_20,kond,18.0,0.20305246521462705,0.03381819278001785,6.0547051429748535,1.299252986907959,0.03975911810994148,-0.6636274920569526,0.6636274920569526,-0.03601231064909804
laenge,cjk_20,kraft,18.0,0.26300218160326433,0.030500441789627075,10.736501693725586,1.7336946725845337,0.04082305729389191,-0.40352768368191194,0.40352768368191194,-0.012725058903291989
laenge,cjk_20,kond+kraft,18.0,0.26259923960161813,0.030634071677923203,10.703971862792969,1.7206947803497314,0.040861859917640686,-0.4053348965115018,0.4053348965115018,-0.012727433494274064
laenge_mitloss,A,frei,nan,0.9840810450491669,0.45816999673843384,0.3608686625957489,291.2916259765625,0.45816415548324585,nan,nan,nan
laenge_mitloss,A,kond,4.0,0.9805723175463494,0.46036040782928467,0.3317401707172394,285.1560974121094,0.4603557586669922,-0.9170649573206902,0.9170649573206902,-0.12045688865224688
laenge_mitloss,A,kraft,4.0,0.9615332504751305,0.27560552954673767,3.999969720840454,267.47064208984375,0.27593645453453064,-7.569789886474609e-06,7.569789886474609e-06,0.006195979230352072
laenge_mitloss,A,kond+kraft,4.0,0.9553306410508097,0.27182263135910034,3.9999685287475586,261.562255859375,0.2719135880470276,-7.867813110351562e-06,7.867813110351562e-06,0.007900416327062652
laenge_mitloss,A,kond,6.0,0.9807932403255221,0.4607369005680084,0.3324393033981323,285.4266662597656,0.46073228120803833,-0.9445934494336446,0.9445934494336446,-0.11564821777342453
laenge_mitloss,A,kraft,6.0,0.9431665491611911,0.22983218729496002,5.982976913452148,249.74876403808594,0.23893676698207855,-0.0028371810913085938,0.0028371810913085938,0.007277429402349806
laenge_mitloss,A,kond+kraft,6.0,0.9409831130472619,0.2280273735523224,5.987741947174072,247.069580078125,0.23238646984100342,-0.002043008804321289,0.002043008804321289,0.007659303812656372
laenge_mitloss,A,kond,8.0,0.9808893578690698,0.4607720971107483,0.3332100212574005,285.4804992675781,0.46076738834381104,-0.9583487473428249,0.9583487473428249,-0.11539566029484842
laenge_mitloss,A,kraft,8.0,0.912653983680726,0.19776928424835205,7.663819313049316,233.2678680419922,0.20599746704101562,-0.04202258586883545,0.04202258586883545,0.00978057565869006
laenge_mitloss,A,kond+kraft,8.0,0.9264201171722399,0.2276100218296051,7.744112014770508,235.0238800048828,0.24507614970207214,-0.03198599815368652,0.03198599815368652,0.007809701661796477
laenge_mitloss,A,kond,11.0,0.9807703432199625,0.4603642523288727,0.33352839946746826,285.3382873535156,0.46035951375961304,-0.9696792364120483,0.9696792364120483,-0.12109253717386062
laenge_mitloss,A,kraft,11.0,0.8716497382966664,0.19888868927955627,8.865405082702637,222.13058471679688,0.2110147625207901,-0.19405408339066943,0.19405408339066943,0.013220157007815777
laenge_mitloss,A,kond+kraft,11.0,0.9114000740335935,0.24434806406497955,9.065666198730469,220.66688537597656,0.2601740062236786,-0.17584852738813916,0.17584852738813916,0.008349530326680836
laenge_mitloss,A,kond,14.0,0.9806196837316618,0.46009016036987305,0.33327946066856384,285.2648620605469,0.4600854218006134,-0.9761943242379597,0.9761943242379597,-0.1254607265059932
laenge_mitloss,A,kraft,14.0,0.8828449545145569,0.20663559436798096,9.101964950561523,221.93309020996094,0.2194320261478424,-0.34985964638846256,0.34985964638846256,0.01158162399766559
laenge_mitloss,A,kond+kraft,14.0,0.8852024658666845,0.2511363625526428,9.069418907165527,217.09402465820312,0.2656378149986267,-0.35218436377389095,0.35218436377389095,0.011354195176647024
laenge_mitloss,A,kond,18.0,0.980575665813489,0.4600754976272583,0.3329315185546875,285.2933349609375,0.4600708484649658,-0.9815038045247396,0.9815038045247396,-0.12547378610089216
laenge_mitloss,A,kraft,18.0,0.8982558966140521,0.21218135952949524,8.425719261169434,228.71409606933594,0.2246585637331009,-0.531904485490587,0.531904485490587,0.010641877042371184
laenge_mitloss,A,kond+kraft,18.0,0.891226530390189,0.2520378828048706,8.351055145263672,224.29315185546875,0.26728492975234985,-0.536052491929796,0.536052491929796,0.011621069778583423
laenge_mitloss,greek_upper_0,frei,nan,0.9840810450491669,0.45816999673843384,0.3608686625957489,291.2916259765625,0.45816415548324585,nan,nan,nan
laenge_mitloss,greek_upper_0,kond,4.0,0.9805723175463494,0.46036040782928467,0.3317401707172394,285.1560974121094,0.4603557586669922,-0.9170649573206902,0.9170649573206902,-0.12045688865224688
laenge_mitloss,greek_upper_0,kraft,4.0,0.9615332504751305,0.27560552954673767,3.999969720840454,267.47064208984375,0.27593645453453064,-7.569789886474609e-06,7.569789886474609e-06,0.006195979230352072
laenge_mitloss,greek_upper_0,kond+kraft,4.0,0.9553306410508097,0.27182263135910034,3.9999685287475586,261.562255859375,0.2719135880470276,-7.867813110351562e-06,7.867813110351562e-06,0.007900416327062652
laenge_mitloss,greek_upper_0,kond,6.0,0.9807932403255221,0.4607369005680084,0.3324393033981323,285.4266662597656,0.46073228120803833,-0.9445934494336446,0.9445934494336446,-0.11564821777342453
laenge_mitloss,greek_upper_0,kraft,6.0,0.9431665491611911,0.22983218729496002,5.982976913452148,249.74876403808594,0.23893676698207855,-0.0028371810913085938,0.0028371810913085938,0.007277429402349806
laenge_mitloss,greek_upper_0,kond+kraft,6.0,0.9409831130472619,0.2280273735523224,5.987741947174072,247.069580078125,0.23238646984100342,-0.002043008804321289,0.002043008804321289,0.007659303812656372
laenge_mitloss,greek_upper_0,kond,8.0,0.9808893578690698,0.4607720971107483,0.3332100212574005,285.4804992675781,0.46076738834381104,-0.9583487473428249,0.9583487473428249,-0.11539566029484842
laenge_mitloss,greek_upper_0,kraft,8.0,0.912653983680726,0.19776928424835205,7.663819313049316,233.2678680419922,0.20599746704101562,-0.04202258586883545,0.04202258586883545,0.00978057565869006
laenge_mitloss,greek_upper_0,kond+kraft,8.0,0.9264201171722399,0.2276100218296051,7.744112014770508,235.0238800048828,0.24507614970207214,-0.03198599815368652,0.03198599815368652,0.007809701661796477
laenge_mitloss,greek_upper_0,kond,11.0,0.9807703432199625,0.4603642523288727,0.33352839946746826,285.3382873535156,0.46035951375961304,-0.9696792364120483,0.9696792364120483,-0.12109253717386062
laenge_mitloss,greek_upper_0,kraft,11.0,0.8716497382966664,0.19888868927955627,8.865405082702637,222.13058471679688,0.2110147625207901,-0.19405408339066943,0.19405408339066943,0.013220157007815777
laenge_mitloss,greek_upper_0,kond+kraft,11.0,0.9114000740335935,0.24434806406497955,9.065666198730469,220.66688537597656,0.2601740062236786,-0.17584852738813916,0.17584852738813916,0.008349530326680836
laenge_mitloss,greek_upper_0,kond,14.0,0.9806196837316618,0.46009016036987305,0.33327946066856384,285.2648620605469,0.4600854218006134,-0.9761943242379597,0.9761943242379597,-0.1254607265059932
laenge_mitloss,greek_upper_0,kraft,14.0,0.8828449545145569,0.20663559436798096,9.101964950561523,221.93309020996094,0.2194320261478424,-0.34985964638846256,0.34985964638846256,0.01158162399766559
laenge_mitloss,greek_upper_0,kond+kraft,14.0,0.8852024658666845,0.2511363625526428,9.069418907165527,217.09402465820312,0.2656378149986267,-0.35218436377389095,0.35218436377389095,0.011354195176647024
laenge_mitloss,greek_upper_0,kond,18.0,0.980575665813489,0.4600754976272583,0.3329315185546875,285.2933349609375,0.4600708484649658,-0.9815038045247396,0.9815038045247396,-0.12547378610089216
laenge_mitloss,greek_upper_0,kraft,18.0,0.8982558966140521,0.21218135952949524,8.425719261169434,228.71409606933594,0.2246585637331009,-0.531904485490587,0.531904485490587,0.010641877042371184
laenge_mitloss,greek_upper_0,kond+kraft,18.0,0.891226530390189,0.2520378828048706,8.351055145263672,224.29315185546875,0.26728492975234985,-0.536052491929796,0.536052491929796,0.011621069778583423
laenge_mitloss,korean_5,frei,nan,0.8970555872470954,0.4816175103187561,0.36358642578125,279.7794494628906,0.48161637783050537,nan,nan,nan
laenge_mitloss,korean_5,kond,4.0,0.8879449353580992,0.4839952886104584,0.3348604440689087,273.74456787109375,0.48399120569229126,-0.9162848889827728,0.9162848889827728,-0.31715719867224434
laenge_mitloss,korean_5,kraft,4.0,0.8708679856993932,0.3106542229652405,3.999971389770508,258.64508056640625,0.31633180379867554,-7.152557373046875e-06,7.152557373046875e-06,0.007201548187839124
laenge_mitloss,korean_5,kond+kraft,4.0,0.8609107941452874,0.30575400590896606,3.9999725818634033,254.77182006835938,0.30932778120040894,-6.854534149169922e-06,6.854534149169922e-06,0.00993975654685434
laenge_mitloss,korean_5,kond,6.0,0.8884453094829434,0.48435622453689575,0.33547425270080566,274.0182800292969,0.48435214161872864,-0.9440876245498657,0.9440876245498657,-0.3062828952964004
laenge_mitloss,korean_5,kraft,6.0,0.8403749899450689,0.2440754771232605,5.981263160705566,243.58094787597656,0.2599951922893524,-0.0031228065490722656,0.0031228065490722656,0.010089686533518593
laenge_mitloss,korean_5,kond+kraft,6.0,0.8380904484759674,0.24522258341312408,5.988396644592285,240.82546997070312,0.25508230924606323,-0.001933892567952511,0.001933892567952511,0.010483045023266946
laenge_mitloss,korean_5,kond,8.0,0.8886448927471123,0.484411358833313,0.33612334728240967,274.0929260253906,0.4844072461128235,-0.9579845815896988,0.9579845815896988,-0.3062546138204521
laenge_mitloss,korean_5,kraft,8.0,0.8147464955741566,0.2117210328578949,7.616302490234375,228.41555786132812,0.22878697514533997,-0.047962188720703125,0.047962188720703125,0.011348726593110495
laenge_mitloss,korean_5,kond+kraft,8.0,0.8241062861333264,0.23216873407363892,7.704501628875732,228.5151824951172,0.26201432943344116,-0.03693729639053345,0.03693729639053345,0.009937357821953601
laenge_mitloss,korean_5,kond,11.0,0.8883946297609924,0.4840194582939148,0.33642494678497314,273.9670104980469,0.48401543498039246,-0.9694159139286388,0.9694159139286388,-0.3188691413781358
laenge_mitloss,korean_5,kraft,11.0,0.794104242461368,0.2081693410873413,8.955309867858887,220.6144256591797,0.2307351976633072,-0.18588092110373755,0.18588092110373755,0.011982618560733363
laenge_mitloss,korean_5,kond+kraft,11.0,0.8007381442839978,0.23045220971107483,9.182671546936035,217.34149169921875,0.26050347089767456,-0.16521167755126953,0.16521167755126953,0.010921477867591517
laenge_mitloss,korean_5,kond,14.0,0.8881249125325555,0.4837402105331421,0.3362320363521576,273.8919372558594,0.48373615741729736,-0.9759834259748459,0.9759834259748459,-0.3264804991421887
laenge_mitloss,korean_5,kraft,14.0,0.7994973464250316,0.2098637968301773,9.116592407226562,220.2679901123047,0.23486994206905365,-0.34881482805524555,0.34881482805524555,0.01114568424023342
laenge_mitloss,korean_5,kond+kraft,14.0,0.7906262506333537,0.2329644411802292,9.205058097839355,216.25128173828125,0.2601211965084076,-0.3424958501543317,0.3424958501543317,0.012037513726373484
laenge_mitloss,korean_5,kond,18.0,0.8880721838429219,0.4837140440940857,0.3359327018260956,273.912353515625,0.4837099313735962,-0.9813370721207725,0.9813370721207725,-0.3248532971089832
laenge_mitloss,korean_5,kraft,18.0,0.8096324490116958,0.21300803124904633,8.45311164855957,225.81243896484375,0.23786115646362305,-0.5303826861911349,0.5303826861911349,0.010806955393282577
laenge_mitloss,korean_5,kond+kraft,18.0,0.7972201046450554,0.23530010879039764,8.396730422973633,221.80284118652344,0.2637694478034973,-0.5335149765014648,0.5335149765014648,0.012427946347897277
laenge_mitloss,digit_5,frei,nan,0.9470538267719152,0.46291396021842957,0.35166850686073303,308.04888916015625,0.46293845772743225,nan,nan,nan
laenge_mitloss,digit_5,kond,4.0,0.939043024087147,0.46421587467193604,0.3248707056045532,301.4230041503906,0.46421128511428833,-0.9187823235988617,0.9187823235988617,-0.2989350733736339
laenge_mitloss,digit_5,kraft,4.0,0.9197915768334287,0.2812093496322632,3.999969959259033,277.6033935546875,0.2812894582748413,-7.510185241699219e-06,7.510185241699219e-06,0.007472586981693896
laenge_mitloss,digit_5,kond+kraft,4.0,0.9089286108203994,0.28331702947616577,3.9999709129333496,270.60040283203125,0.2833706736564636,-7.271766662597656e-06,7.271766662597656e-06,0.010450124937027188
laenge_mitloss,digit_5,kond,6.0,0.9395421449095629,0.4645911157131195,0.3254127502441406,301.81890869140625,0.464586466550827,-0.9457645416259766,0.9457645416259766,-0.2860965681562291
laenge_mitloss,digit_5,kraft,6.0,0.8980907848312857,0.23327329754829407,5.983366966247559,255.525146484375,0.23747223615646362,-0.0027721722920736047,0.0027721722920736047,0.008694187427421417
laenge_mitloss,digit_5,kond+kraft,6.0,0.8900431424766299,0.23828905820846558,5.985963821411133,250.89581298828125,0.24202744662761688,-0.0023393630981445312,0.0023393630981445312,0.010118511918971826
laenge_mitloss,digit_5,kond,8.0,0.9398105508251308,0.46462082862854004,0.3259299397468567,302.0242919921875,0.4646161198616028,-0.9592587575316429,0.9592587575316429,-0.28141721777819484
laenge_mitloss,digit_5,kraft,8.0,0.8813668431246191,0.22490069270133972,7.6559882164001465,234.13954162597656,0.2301640510559082,-0.04300147294998169,0.04300147294998169,0.0089928954727309
laenge_mitloss,digit_5,kond+kraft,8.0,0.8809682139781634,0.23207664489746094,7.732080459594727,236.74497985839844,0.24582579731941223,-0.03348994255065918,0.03348994255065918,0.008954190256178194
laenge_mitloss,digit_5,kond,11.0,0.9395854101703224,0.4642024040222168,0.3261639177799225,301.852783203125,0.46419763565063477,-0.9703487347472798,0.9703487347472798,-0.29282638422165314
laenge_mitloss,digit_5,kraft,11.0,0.8421286313709017,0.22944529354572296,8.955192565917969,222.11448669433594,0.23986953496932983,-0.18589158491654834,0.18589158491654834,0.012195606670101078
laenge_mitloss,digit_5,kond+kraft,11.0,0.8664602581738693,0.24624629318714142,9.116559028625488,219.39576721191406,0.26452675461769104,-0.17122190648859192,0.17122190648859192,0.009195045665193191
laenge_mitloss,digit_5,kond,14.0,0.9392444807606418,0.4639196991920471,0.3259897530078888,301.6180419921875,0.46391502022743225,-0.9767150176422936,0.9767150176422936,-0.30411701658211054
laenge_mitloss,digit_5,kraft,14.0,0.8511678244744266,0.23717105388641357,9.074575424194336,221.97286987304688,0.24912598729133606,-0.351816041128976,0.351816041128976,0.010992436719340663
laenge_mitloss,digit_5,kond+kraft,14.0,0.845753936706961,0.2517825961112976,9.175471305847168,216.281982421875,0.267328679561615,-0.34460919243948795,0.34460919243948795,0.011480298503111407
laenge_mitloss,digit_5,kond,18.0,0.9391337447590913,0.46391332149505615,0.3257334232330322,301.558837890625,0.4639088213443756,-0.981903698709276,0.981903698709276,-0.30538100923509665
laenge_mitloss,digit_5,kraft,18.0,0.8599770971916351,0.2374291718006134,8.41117000579834,229.24961853027344,0.24917206168174744,-0.5327127774556477,0.5327127774556477,0.01080423269252552
laenge_mitloss,digit_5,kond+kraft,18.0,0.8402871837756457,0.24778708815574646,8.36254596710205,223.61709594726562,0.2658325135707855,-0.5354141129387749,0.5354141129387749,0.013327708921545939
laenge_mitloss,a_lc,frei,nan,0.9926639769947357,0.46370285749435425,0.3694763481616974,304.5387268066406,0.46369650959968567,nan,nan,nan
laenge_mitloss,a_lc,kond,4.0,0.991387315489931,0.46756547689437866,0.34081828594207764,298.5329284667969,0.4675593376159668,-0.9147954285144806,0.9147954285144806,-0.0445480749891995
laenge_mitloss,a_lc,kraft,4.0,0.9733612583253918,0.2612098157405853,3.9999711513519287,281.3496398925781,0.2612433433532715,-7.212162017822266e-06,7.212162017822266e-06,0.00531682861861751
laenge_mitloss,a_lc,kond+kraft,4.0,0.9719508877397762,0.26807671785354614,3.9999754428863525,281.1124267578125,0.2681073546409607,-6.139278411865234e-06,6.139278411865234e-06,0.005705300762932828
laenge_mitloss,a_lc,kond,6.0,0.9914600741728838,0.46790996193885803,0.3415547013282776,298.8263854980469,0.4679037928581238,-0.9430742164452871,0.9430742164452871,-0.04311718535208071
laenge_mitloss,a_lc,kraft,6.0,0.963216068113956,0.21924221515655518,5.983458518981934,268.51141357421875,0.22261333465576172,-0.0027569135030111047,0.0027569135030111047,0.005245458212147695
laenge_mitloss,a_lc,kond+kraft,6.0,0.9614180158950378,0.2099706083536148,5.9889326095581055,264.9447021484375,0.21125014126300812,-0.0018445650736490515,0.0018445650736490515,0.005560317519391713
laenge_mitloss,a_lc,kond,8.0,0.9914747379733372,0.4678729772567749,0.3423427641391754,298.8985290527344,0.46786677837371826,-0.9572071544826031,0.9572071544826031,-0.043829043019581994
laenge_mitloss,a_lc,kraft,8.0,0.9382199726456298,0.19562256336212158,7.632335662841797,254.4229736328125,0.20271378755569458,-0.04595804214477539,0.04595804214477539,0.0074962218033138295
laenge_mitloss,a_lc,kond+kraft,8.0,0.952812895485447,0.23180298507213593,7.720039367675781,253.51718139648438,0.24672722816467285,-0.034995079040527344,0.034995079040527344,0.005421500557643424
laenge_mitloss,a_lc,kond,11.0,0.9914324100709345,0.4673992395401001,0.342663049697876,298.7445373535156,0.46739310026168823,-0.9688488136638295,0.9688488136638295,-0.045931198112867215
laenge_mitloss,a_lc,kraft,11.0,0.912266235619174,0.21200454235076904,8.872032165527344,245.80462646484375,0.22122333943843842,-0.19345162131569604,0.19345162131569604,0.009455714623049833
laenge_mitloss,a_lc,kond+kraft,11.0,0.9410310279076468,0.24966056644916534,9.159297943115234,243.96829223632812,0.2628614008426666,-0.16733655062588781,0.16733655062588781,0.005874174865702932
laenge_mitloss,a_lc,kond,14.0,0.9914068609651272,0.4671192467212677,0.3424000144004822,298.6441345214844,0.46711301803588867,-0.9755428561142513,0.9755428561142513,-0.04642859113405019
laenge_mitloss,a_lc,kraft,14.0,0.9260899150068722,0.2196224331855774,9.105650901794434,245.3740234375,0.22991043329238892,-0.3495963641575405,0.3495963641575405,0.007620505013854175
laenge_mitloss,a_lc,kond+kraft,14.0,0.9286000856913065,0.2579643130302429,9.222587585449219,241.28720092773438,0.26879167556762695,-0.3412437438964844,0.3412437438964844,0.0072363138320916
laenge_mitloss,a_lc,kond,18.0,0.9914123714760974,0.4671226739883423,0.3420538902282715,298.6573486328125,0.46711647510528564,-0.9809970060984293,0.9809970060984293,-0.04564162416355577
laenge_mitloss,a_lc,kraft,18.0,0.9389561150942346,0.22163161635398865,8.44881534576416,250.65216064453125,0.2312782108783722,-0.5306213696797688,0.5306213696797688,0.006647556429608772
laenge_mitloss,a_lc,kond+kraft,18.0,0.9249143495075193,0.2566526532173157,8.366796493530273,246.71249389648438,0.26777541637420654,-0.5351779725816515,0.5351779725816515,0.008471541248283247
laenge_mitloss,rand_gmm_10,frei,nan,0.8255528028011621,0.4734051525592804,0.3827236294746399,271.3314208984375,0.4734848141670227,nan,nan,nan
laenge_mitloss,rand_gmm_10,kond,4.0,0.82120969938866,0.4766542315483093,0.3488023281097412,265.846435546875,0.47672146558761597,-0.9127994179725647,0.9127994179725647,-0.12803469317943944
laenge_mitloss,rand_gmm_10,kraft,4.0,0.7823618827622342,0.31680411100387573,3.999971866607666,247.4419708251953,0.3233164846897125,-7.033348083496094e-06,7.033348083496094e-06,0.0119402698425697
laenge_mitloss,rand_gmm_10,kond+kraft,4.0,0.7765363942226788,0.3087294399738312,3.9999711513519287,244.49530029296875,0.31351855397224426,-7.212162017822266e-06,7.212162017822266e-06,0.013550747711355
laenge_mitloss,rand_gmm_10,kond,6.0,0.8214368536559244,0.4769667983055115,0.3495969772338867,266.1340026855469,0.47703415155410767,-0.9417338371276855,0.9417338371276855,-0.1242488711302397
laenge_mitloss,rand_gmm_10,kraft,6.0,0.7541762968573059,0.2624647319316864,5.985299587249756,234.19223022460938,0.2795741558074951,-0.0024500687917073938,0.0024500687917073938,0.01273994435448958
laenge_mitloss,rand_gmm_10,kond+kraft,6.0,0.753086456190076,0.26338037848472595,5.9884419441223145,232.4620819091797,0.271552711725235,-0.0019263426462808875,0.0019263426462808875,0.012927218697688108
laenge_mitloss,rand_gmm_10,kond,8.0,0.8214464257931501,0.47700604796409607,0.35045576095581055,266.1886901855469,0.47707390785217285,-0.9561930298805237,0.9561930298805237,-0.12725901017031138
laenge_mitloss,rand_gmm_10,kraft,8.0,0.716927706847606,0.23661886155605316,7.620876312255859,222.9899139404297,0.26122862100601196,-0.04739046096801758,0.04739046096801758,0.015007295468077567
laenge_mitloss,rand_gmm_10,kond+kraft,8.0,0.7253362872762316,0.23309190571308136,7.722802639007568,220.9581756591797,0.26891595125198364,-0.034649670124053955,0.034649670124053955,0.013653329261820517
laenge_mitloss,rand_gmm_10,kond,11.0,0.8213200496522822,0.47664716839790344,0.3508351147174835,266.0335998535156,0.47671571373939514,-0.968105898662047,0.968105898662047,-0.13273597660831546
laenge_mitloss,rand_gmm_10,kraft,11.0,0.6884593162378022,0.230282723903656,8.90625,216.076904296875,0.2621907591819763,-0.19034090909090906,0.19034090909090906,0.01608412769595384
laenge_mitloss,rand_gmm_10,kond+kraft,11.0,0.6979216328734019,0.22187958657741547,9.160244941711426,212.4443359375,0.2601066529750824,-0.1672504598444159,0.1672504598444159,0.014540684708999668
laenge_mitloss,rand_gmm_10,kond,14.0,0.8213034607521973,0.4763937294483185,0.3505706787109375,265.9378662109375,0.47646260261535645,-0.974959237234933,0.974959237234933,-0.1321602511755116
laenge_mitloss,rand_gmm_10,kraft,14.0,0.6890761905462587,0.2258552610874176,9.038518905639648,215.36903381347656,0.25919467210769653,-0.35439150674002506,0.35439150674002506,0.01576707949998674
laenge_mitloss,rand_gmm_10,kond+kraft,14.0,0.6909385251849527,0.2228464037179947,9.31654167175293,212.52342224121094,0.25894907116889954,-0.3345327377319336,0.3345327377319336,0.015067944856181582
laenge_mitloss,rand_gmm_10,kond,18.0,0.8213535745483793,0.47635921835899353,0.3502122163772583,265.9424133300781,0.47642838954925537,-0.980543765756819,0.980543765756819,-0.12916166517292774
laenge_mitloss,rand_gmm_10,kraft,18.0,0.7047100095500343,0.2255626767873764,8.4151611328125,219.72032165527344,0.25815558433532715,-0.5324910481770833,0.5324910481770833,0.01504434901621231
laenge_mitloss,rand_gmm_10,kond+kraft,18.0,0.6973307066437836,0.2254771739244461,8.508787155151367,215.72314453125,0.2602844834327698,-0.5272896024915907,0.5272896024915907,0.015779115650797267
laenge_mitloss,rand_gmm_20,frei,nan,0.8118361593636984,0.4942742586135864,0.3721165657043457,281.3866271972656,0.494384229183197,nan,nan,nan
laenge_mitloss,rand_gmm_20,kond,4.0,0.809494927146307,0.4971941411495209,0.3405076861381531,278.1697082519531,0.49737295508384705,-0.9148730784654617,0.9148730784654617,-0.07406881387518163
laenge_mitloss,rand_gmm_20,kraft,4.0,0.7719376142553985,0.3057924211025238,3.999971866607666,263.91717529296875,0.3101661205291748,-7.033348083496094e-06,7.033348083496094e-06,0.010997832548162893
laenge_mitloss,rand_gmm_20,kond+kraft,4.0,0.7674678457018158,0.3029438257217407,3.999972343444824,260.61053466796875,0.3076779842376709,-6.9141387939453125e-06,6.9141387939453125e-06,0.012229900078750171
laenge_mitloss,rand_gmm_20,kond,6.0,0.8096853532064758,0.49762052297592163,0.3413233160972595,278.387939453125,0.4977949857711792,-0.9431127806504568,0.9431127806504568,-0.069846676939467
laenge_mitloss,rand_gmm_20,kraft,6.0,0.7474145917121134,0.2278684675693512,5.986424446105957,251.72618103027344,0.2356344610452652,-0.002262592315673828,0.002262592315673828,0.011474534176593217
laenge_mitloss,rand_gmm_20,kond+kraft,6.0,0.7450351236184787,0.25986844301223755,5.9881792068481445,248.9093780517578,0.26666396856307983,-0.0019701321919759485,0.0019701321919759485,0.0118946386487624
laenge_mitloss,rand_gmm_20,kond,8.0,0.8097166648383489,0.49774664640426636,0.3423299193382263,278.4367980957031,0.4979197382926941,-0.9572087600827217,0.9572087600827217,-0.07115586290909992
laenge_mitloss,rand_gmm_20,kraft,8.0,0.7202783341539815,0.22186338901519775,7.7098469734191895,241.19183349609375,0.23644717037677765,-0.03626912832260132,0.03626912832260132,0.012477676355273774
laenge_mitloss,rand_gmm_20,kond+kraft,8.0,0.7250339696394018,0.2781471610069275,7.7767534255981445,240.1546173095703,0.3015570640563965,-0.027905821800231934,0.027905821800231934,0.011722680175505798
laenge_mitloss,rand_gmm_20,kond,11.0,0.8096148557607465,0.49734145402908325,0.3427940309047699,278.322998046875,0.4975161552429199,-0.9688369062813845,0.9688369062813845,-0.07575414670439548
laenge_mitloss,rand_gmm_20,kraft,11.0,0.6958423652838002,0.22989752888679504,9.087102890014648,232.30340576171875,0.24721691012382507,-0.17389973727139563,0.17389973727139563,0.013309693184065649
laenge_mitloss,rand_gmm_20,kond+kraft,11.0,0.7071158991264699,0.29581382870674133,9.272247314453125,232.3375244140625,0.32398712635040283,-0.15706842595880677,0.15706842595880677,0.011766148520003543
laenge_mitloss,rand_gmm_20,kond,14.0,0.8096074666725892,0.4970031976699829,0.34253546595573425,278.27789306640625,0.4971807599067688,-0.9755331810031619,0.9755331810031619,-0.0753417793810645
laenge_mitloss,rand_gmm_20,kraft,14.0,0.697076480909065,0.2414589673280716,9.135723114013672,232.43775939941406,0.2600597143173218,-0.34744834899902344,0.34744834899902344,0.013095028607459874
laenge_mitloss,rand_gmm_20,kond+kraft,14.0,0.7024877349999351,0.30505722761154175,9.446754455566406,231.02415466308594,0.33298856019973755,-0.3252318246023995,0.3252318246023995,0.012049893967220922
laenge_mitloss,rand_gmm_20,kond,18.0,0.8096826078690421,0.4969578981399536,0.34217244386672974,278.32733154296875,0.4971368908882141,-0.9809904197851816,0.9809904197851816,-0.071919006552763
laenge_mitloss,rand_gmm_20,kraft,18.0,0.7088506815179575,0.2480248063802719,8.45907211303711,236.60888671875,0.26625651121139526,-0.5300515492757161,0.5300515492757161,0.012734764923953056
laenge_mitloss,rand_gmm_20,kond+kraft,18.0,0.7048138304232013,0.3064200282096863,8.589014053344727,232.91966247558594,0.3322911262512207,-0.5228325525919597,0.5228325525919597,0.013024664005055059
laenge_mitloss,rand_ana_poly_10,frei,nan,0.9658578096498162,0.4935176968574524,0.35227012634277344,309.37908935546875,0.4935148358345032,nan,nan,nan
laenge_mitloss,rand_ana_poly_10,kond,4.0,0.961367677329997,0.4968189597129822,0.3301961421966553,311.0348815917969,0.4968239665031433,-0.9174509644508362,0.9174509644508362,-0.20341286330989877
laenge_mitloss,rand_ana_poly_10,kraft,4.0,0.9295278784738034,0.3040126860141754,3.999967575073242,281.6006774902344,0.3040085732936859,-8.106231689453125e-06,8.106231689453125e-06,0.009959688731491953
laenge_mitloss,rand_ana_poly_10,kond+kraft,4.0,0.9163369862333187,0.2807355523109436,3.999969005584717,280.8183288574219,0.2807488739490509,-7.748603820800781e-06,7.748603820800781e-06,0.013575907731393866
laenge_mitloss,rand_ana_poly_10,kond,6.0,0.9615580582392084,0.49720948934555054,0.33075156807899475,310.77947998046875,0.49721530079841614,-0.9448747386535009,0.9448747386535009,-0.19981596154819464
laenge_mitloss,rand_ana_poly_10,kraft,6.0,0.9152890701584016,0.2781713902950287,5.986666679382324,264.9569091796875,0.2783138155937195,-0.0022222201029459265,0.0022222201029459265,0.008975005400380386
laenge_mitloss,rand_ana_poly_10,kond+kraft,6.0,0.9032718057436587,0.2397889643907547,5.98936128616333,265.74969482421875,0.23989970982074738,-0.0017731189727783203,0.0017731189727783203,0.011102535355867778
laenge_mitloss,rand_ana_poly_10,kond,8.0,0.9616418787546672,0.49724626541137695,0.33152851462364197,310.705810546875,0.4972522258758545,-0.9585589356720448,0.9585589356720448,-0.20325956112948926
laenge_mitloss,rand_ana_poly_10,kraft,8.0,0.8879270293116582,0.24163037538528442,7.746206283569336,246.7950439453125,0.24207867681980133,-0.03172421455383301,0.03172421455383301,0.010539823266122095
laenge_mitloss,rand_ana_poly_10,kond+kraft,8.0,0.8830804631762674,0.2340371012687683,7.7774763107299805,246.19491577148438,0.23438885807991028,-0.02781546115875244,0.02781546115875244,0.01114815459907397
laenge_mitloss,rand_ana_poly_10,kond,11.0,0.9615872393940438,0.49680212140083313,0.33193323016166687,310.9819641113281,0.49680644273757935,-0.9698242518034849,0.9698242518034849,-0.20999125027445595
laenge_mitloss,rand_ana_poly_10,kraft,11.0,0.8619163480235924,0.28699058294296265,9.054264068603516,229.36251831054688,0.2879981994628906,-0.1768850846724077,0.1768850846724077,0.011944556881548482
laenge_mitloss,rand_ana_poly_10,kond+kraft,11.0,0.8862966648820925,0.2706182599067688,9.28339958190918,234.6204071044922,0.2714388966560364,-0.15605458346280188,0.15605458346280188,0.008908295995881742
laenge_mitloss,rand_ana_poly_10,kond,14.0,0.9615358438107122,0.49648046493530273,0.3317788243293762,311.3846435546875,0.49648356437683105,-0.9763015125479017,0.9763015125479017,-0.2109170923486577
laenge_mitloss,rand_ana_poly_10,kraft,14.0,0.8554760513253538,0.29826509952545166,9.169921875,228.7936248779297,0.2992996573448181,-0.3450055803571429,0.3450055803571429,0.012518271470776967
laenge_mitloss,rand_ana_poly_10,kond+kraft,14.0,0.8765439242060139,0.28477275371551514,9.394293785095215,233.02001953125,0.2854098379611969,-0.3289790153503418,0.3289790153503418,0.00987764341418735
laenge_mitloss,rand_ana_poly_10,kond,18.0,0.9615339095303679,0.49642401933670044,0.3314986824989319,311.5759582519531,0.49642667174339294,-0.9815834065278372,0.9815834065278372,-0.20816560235076068
laenge_mitloss,rand_ana_poly_10,kraft,18.0,0.8637581562760895,0.2931860089302063,8.519640922546387,233.51348876953125,0.29406532645225525,-0.5266866154140897,0.5266866154140897,0.01250092054363259
laenge_mitloss,rand_ana_poly_10,kond+kraft,18.0,0.8724237311580534,0.28379011154174805,8.658269882202148,235.47718811035156,0.28455644845962524,-0.5189850065443251,0.5189850065443251,0.011248986424042541
laenge_mitloss,rand_ana_poly_20,frei,nan,0.9905691425407792,0.44870471954345703,0.3678041696548462,292.4089660644531,0.4486989378929138,nan,nan,nan
laenge_mitloss,rand_ana_poly_20,kond,4.0,0.9890002812706937,0.4506484568119049,0.3411446809768677,285.97857666015625,0.45064276456832886,-0.9147138297557831,0.9147138297557831,-0.05884813805080252
laenge_mitloss,rand_ana_poly_20,kraft,4.0,0.9703338359715459,0.2625048756599426,3.999971628189087,272.1445617675781,0.2642876207828522,-7.092952728271484e-06,7.092952728271484e-06,0.005571138115256196
laenge_mitloss,rand_ana_poly_20,kond+kraft,4.0,0.967186446711294,0.24717065691947937,3.999974250793457,266.7655029296875,0.24864526093006134,-6.4373016357421875e-06,6.4373016357421875e-06,0.006437665447140975
laenge_mitloss,rand_ana_poly_20,kond,6.0,0.9890811530488328,0.4510582685470581,0.3416805863380432,286.288330078125,0.45105260610580444,-0.9430532356103262,0.9430532356103262,-0.05695962433259698
laenge_mitloss,rand_ana_poly_20,kraft,6.0,0.9623383822702902,0.23695765435695648,5.986891746520996,259.1029052734375,0.2401866316795349,-0.0021847089131673547,0.0021847089131673547,0.005024082626281776
laenge_mitloss,rand_ana_poly_20,kond+kraft,6.0,0.9535047717595752,0.18658898770809174,5.988927841186523,253.95315551757812,0.19074907898902893,-0.0018453598022460938,0.0018453598022460938,0.006593765401198607
laenge_mitloss,rand_ana_poly_20,kond,8.0,0.989101779172849,0.45115864276885986,0.34233805537223816,286.3907470703125,0.4511529803276062,-0.9572077430784702,0.9572077430784702,-0.05762023022618393
laenge_mitloss,rand_ana_poly_20,kraft,8.0,0.9435647872398678,0.24617891013622284,7.699893951416016,247.48194885253906,0.25492560863494873,-0.03751325607299805,0.03751325607299805,0.006410771921783662
laenge_mitloss,rand_ana_poly_20,kond+kraft,8.0,0.9508005221716632,0.28170424699783325,7.774379730224609,244.9696502685547,0.3072950839996338,-0.028202533721923828,0.028202533721923828,0.005369366726079377
laenge_mitloss,rand_ana_poly_20,kond,11.0,0.9890690303308366,0.4507565498352051,0.34270811080932617,286.2633056640625,0.4507508873939514,-0.9688447171991522,0.9688447171991522,-0.059774812418819566
laenge_mitloss,rand_ana_poly_20,kraft,11.0,0.9103886411328622,0.2683362364768982,8.970189094543457,238.20004272460938,0.2801215350627899,-0.18452826413241297,0.18452826413241297,0.009320729321927573
laenge_mitloss,rand_ana_poly_20,kond+kraft,11.0,0.9357556665256612,0.30161052942276,9.246522903442383,236.2836456298828,0.32389599084854126,-0.1594070087779652,0.1594070087779652,0.006173579506075347
laenge_mitloss,rand_ana_poly_20,kond,14.0,0.9890529251870241,0.45043158531188965,0.34257638454437256,286.1514587402344,0.4504258930683136,-0.9755302582468305,0.9755302582468305,-0.0601010888239091
laenge_mitloss,rand_ana_poly_20,kraft,14.0,0.9079063011339743,0.2763955891132355,8.988092422485352,238.30238342285156,0.29032301902770996,-0.35799339839390343,0.35799339839390343,0.00958933610829803
laenge_mitloss,rand_ana_poly_20,kond+kraft,14.0,0.9268610811167698,0.307930588722229,9.448436737060547,235.78253173828125,0.3279387354850769,-0.32511166163853233,0.32511166163853233,0.007015817560186839
laenge_mitloss,rand_ana_poly_20,kond,18.0,0.9890573791533482,0.4503558874130249,0.3422938585281372,286.1303405761719,0.45035022497177124,-0.9809836745262146,0.9809836745262146,-0.05926087611876194
laenge_mitloss,rand_ana_poly_20,kraft,18.0,0.9290923015516833,0.27988484501838684,8.384374618530273,242.34091186523438,0.2952391505241394,-0.5342014100816515,0.5342014100816515,0.007668720855277949
laenge_mitloss,rand_ana_poly_20,kond+kraft,18.0,0.9219690733121223,0.30927181243896484,8.602921485900879,237.4942626953125,0.3282630741596222,-0.5220599174499512,0.5220599174499512,0.008330187244973962
laenge_mitloss,rand_ana_poly_30,frei,nan,0.898876106075699,0.43963074684143066,0.3676098585128784,236.71604919433594,0.44049203395843506,nan,nan,nan
laenge_mitloss,rand_ana_poly_30,kond,4.0,0.888110792884576,0.43720653653144836,0.3526941239833832,232.2867889404297,0.4394679665565491,-0.9118264690041542,0.9118264690041542,-0.7217420751110248
laenge_mitloss,rand_ana_poly_30,kraft,4.0,0.8818478351624386,0.2845417857170105,3.9999732971191406,221.04269409179688,0.284883052110672,-6.67572021484375e-06,6.67572021484375e-06,0.00468793148072049
laenge_mitloss,rand_ana_poly_30,kond+kraft,4.0,0.8700149409297736,0.2461376041173935,3.9999747276306152,215.06497192382812,0.2462882697582245,-6.318092346191406e-06,6.318092346191406e-06,0.00794555783514542
laenge_mitloss,rand_ana_poly_30,kond,6.0,0.8888654026776325,0.43769899010658264,0.3529931902885437,232.51019287109375,0.43989408016204834,-0.941167801618576,0.941167801618576,-0.6848827136542722
laenge_mitloss,rand_ana_poly_30,kraft,6.0,0.8680243555558511,0.2097320854663849,5.984918594360352,208.53089904785156,0.2100989818572998,-0.002513567606608036,0.002513567606608036,0.005492265419374951
laenge_mitloss,rand_ana_poly_30,kond+kraft,6.0,0.8502234334413606,0.203474760055542,5.989565372467041,203.69049072265625,0.2071823924779892,-0.0017391045888265344,0.0017391045888265344,0.008654047957793044
laenge_mitloss,rand_ana_poly_30,kond,8.0,0.8893217431100335,0.4379810690879822,0.3533368706703186,232.61065673828125,0.44009459018707275,-0.9558328911662102,0.9558328911662102,-0.6694017448242939
laenge_mitloss,rand_ana_poly_30,kraft,8.0,0.8580298311135232,0.24855683743953705,7.667367458343506,195.1747283935547,0.279448539018631,-0.04157906770706177,0.04157906770706177,0.005595565935384428
laenge_mitloss,rand_ana_poly_30,kond+kraft,8.0,0.8528719792811782,0.2642619013786316,7.768432140350342,195.902587890625,0.3031710386276245,-0.028945982456207275,0.028945982456207275,0.006216083165166748
laenge_mitloss,rand_ana_poly_30,kond,11.0,0.8889854857577654,0.4377518892288208,0.35353270173072815,232.54727172851562,0.4398379325866699,-0.9678606634790247,0.9678606634790247,-0.702600707727776
laenge_mitloss,rand_ana_poly_30,kraft,11.0,0.845264770729082,0.27581700682640076,8.948976516723633,187.10780334472656,0.31036680936813354,-0.18645668029785156,0.18645668029785156,0.006247412269154241
laenge_mitloss,rand_ana_poly_30,kond+kraft,11.0,0.8510252008350374,0.28214359283447266,9.274503707885742,189.4336700439453,0.3295651078224182,-0.15686329928311438,0.15686329928311438,0.005372344843206006
laenge_mitloss,rand_ana_poly_30,kond,14.0,0.8883763932455995,0.4374638795852661,0.353500634431839,232.49119567871094,0.43957653641700745,-0.9747499546834401,0.9747499546834401,-0.7441736533343103
laenge_mitloss,rand_ana_poly_30,kraft,14.0,0.8382969494253408,0.2834761440753937,8.846328735351562,186.1055145263672,0.32036954164505005,-0.36811937604631695,0.36811937604631695,0.007144847886847889
laenge_mitloss,rand_ana_poly_30,kond+kraft,14.0,0.8467230530289563,0.2874331474304199,9.220051765441895,184.8852996826172,0.3353928327560425,-0.3414248738970075,0.3414248738970075,0.0058913747861955735
laenge_mitloss,rand_ana_poly_30,kond,18.0,0.8881045678464629,0.4373937249183655,0.35337507724761963,232.49942016601562,0.43952566385269165,-0.9803680512640212,0.9803680512640212,-0.756705567055324
laenge_mitloss,rand_ana_poly_30,kraft,18.0,0.8390795842021788,0.28686338663101196,8.269275665283203,190.07896423339844,0.323786199092865,-0.5405957963731554,0.5405957963731554,0.007567584270937559
laenge_mitloss,rand_ana_poly_30,kond+kraft,18.0,0.8467676158429505,0.292624294757843,8.55313491821289,187.78025817871094,0.3391849398612976,-0.5248258378770616,0.5248258378770616,0.00636593130589698
laenge_mitloss,rand_gmm_complex_0,frei,nan,0.8447751003098802,0.4763317406177521,0.372969388961792,263.2010192871094,0.4764198660850525,nan,nan,nan
laenge_mitloss,rand_gmm_complex_0,kond,4.0,0.844597621412999,0.4775190055370331,0.33994975686073303,260.0124816894531,0.4776473045349121,-0.9150125607848167,0.9150125607848167,-0.005374950766806175
laenge_mitloss,rand_gmm_complex_0,kraft,4.0,0.8125572432716562,0.330700159072876,3.999969482421875,244.4483642578125,0.33419275283813477,-7.62939453125e-06,7.62939453125e-06,0.008882783625045024
laenge_mitloss,rand_gmm_complex_0,kond+kraft,4.0,0.8080440200235681,0.295763224363327,3.999972343444824,241.89125061035156,0.3004509210586548,-6.9141387939453125e-06,6.9141387939453125e-06,0.010127116174777835
laenge_mitloss,rand_gmm_complex_0,kond,6.0,0.8446397367547692,0.47796115279197693,0.34071770310401917,260.21453857421875,0.47808730602264404,-0.9432137161493301,0.9432137161493301,-0.00419710013634493
laenge_mitloss,rand_gmm_complex_0,kraft,6.0,0.7888609896098377,0.23799805343151093,5.983759880065918,233.09402465820312,0.2511202096939087,-0.0027066866556803015,0.0027066866556803015,0.009965460444244704
laenge_mitloss,rand_gmm_complex_0,kond+kraft,6.0,0.7912909887856984,0.28007209300994873,5.987070560455322,230.4321746826172,0.2879091799259186,-0.0021549065907796594,0.0021549065907796594,0.009526745224285543
laenge_mitloss,rand_gmm_complex_0,kond,8.0,0.844639307077081,0.4781624674797058,0.3415886163711548,260.24395751953125,0.47828930616378784,-0.9573014229536057,0.9573014229536057,-0.004327275002774625
laenge_mitloss,rand_gmm_complex_0,kraft,8.0,0.7680118841928865,0.20822849869728088,7.710089206695557,222.33375549316406,0.23107969760894775,-0.03623884916305542,0.03623884916305542,0.010462309192696792
laenge_mitloss,rand_gmm_complex_0,kond+kraft,8.0,0.7689617768044421,0.2304869443178177,7.775077819824219,220.43255615234375,0.2633157968521118,-0.028115272521972656,0.028115272521972656,0.010242125498910726
laenge_mitloss,rand_gmm_complex_0,kond,11.0,0.8446156162767244,0.4778323769569397,0.34198427200317383,260.12786865234375,0.47796064615249634,-0.9689105207269842,0.9689105207269842,-0.0051471173521402585
laenge_mitloss,rand_gmm_complex_0,kraft,11.0,0.7490953296331193,0.21134167909622192,8.927391052246094,213.21165466308594,0.23965802788734436,-0.1884189952503551,0.1884189952503551,0.011184832177190872
laenge_mitloss,rand_gmm_complex_0,kond+kraft,11.0,0.7530410342579911,0.23896238207817078,9.270994186401367,212.6865997314453,0.27578920125961304,-0.1571823466907848,0.1571823466907848,0.01030948644673207
laenge_mitloss,rand_gmm_complex_0,kond,14.0,0.8446362664305821,0.4774957299232483,0.3417334258556366,260.08868408203125,0.47762471437454224,-0.9755904695817402,0.9755904695817402,-0.004444680601853458
laenge_mitloss,rand_gmm_complex_0,kraft,14.0,0.748695217659376,0.2132386565208435,8.960201263427734,212.38670349121094,0.24215590953826904,-0.3599856240408761,0.3599856240408761,0.011188690844158633
laenge_mitloss,rand_gmm_complex_0,kond+kraft,14.0,0.7499517279314911,0.24600428342819214,9.372831344604492,211.4487762451172,0.2821817398071289,-0.33051204681396484,0.33051204681396484,0.01053609186960219
laenge_mitloss,rand_gmm_complex_0,kond,18.0,0.8446730095858357,0.4774172902107239,0.34138521552085876,260.13555908203125,0.4775466322898865,-0.9810341546932856,0.9810341546932856,-0.0032323380010393318
laenge_mitloss,rand_gmm_complex_0,kraft,18.0,0.7567618009561715,0.21290865540504456,8.492753982543945,216.18153381347656,0.24127283692359924,-0.5281803343031142,0.5281803343031142,0.010839363820473033
laenge_mitloss,rand_gmm_complex_0,kond+kraft,18.0,0.7538100654132617,0.2450515627861023,8.570682525634766,213.40525817871094,0.2789921164512634,-0.5238509707980685,0.5238509707980685,0.011096391564335287
laenge_mitloss,rand_gmm_complex_10,frei,nan,0.9208374212274878,0.5087031722068787,0.3680267035961151,284.9724426269531,0.5087602138519287,nan,nan,nan
laenge_mitloss,rand_gmm_complex_10,kond,4.0,0.919838887677225,0.5086508989334106,0.33690145611763,281.0769958496094,0.5087357759475708,-0.9157746359705925,0.9157746359705925,-0.03208114412433269
laenge_mitloss,rand_gmm_complex_10,kraft,4.0,0.8927209524163149,0.3700897693634033,3.9999680519104004,264.50872802734375,0.37248629331588745,-7.987022399902344e-06,7.987022399902344e-06,0.007741443518690845
laenge_mitloss,rand_gmm_complex_10,kond+kraft,4.0,0.8903408884802494,0.33659985661506653,3.9999728202819824,262.0643615722656,0.33939328789711,-6.794929504394531e-06,6.794929504394531e-06,0.008396747024172908
laenge_mitloss,rand_gmm_complex_10,kond,6.0,0.9199226492654496,0.5091405510902405,0.3375668525695801,281.3170471191406,0.5092228055000305,-0.94373885790507,0.94373885790507,-0.030032056336757873
laenge_mitloss,rand_gmm_complex_10,kraft,6.0,0.873919413896041,0.2872817814350128,5.982136249542236,251.7840576171875,0.2952839434146881,-0.002977291742960575,0.002977291742960575,0.008357159215983897
laenge_mitloss,rand_gmm_complex_10,kond+kraft,6.0,0.8733777710386494,0.28208959102630615,5.988292694091797,249.77337646484375,0.28760117292404175,-0.0019512176513671875,0.0019512176513671875,0.00844437794743103
laenge_mitloss,rand_gmm_complex_10,kond,8.0,0.9199184237285938,0.5093615055084229,0.3382996618747711,281.3656005859375,0.5094423294067383,-0.9577125422656536,0.9577125422656536,-0.030914529185531926
laenge_mitloss,rand_gmm_complex_10,kraft,8.0,0.8507778660297686,0.25729310512542725,7.647279262542725,238.3498077392578,0.2751646637916565,-0.044090092182159424,0.044090092182159424,0.009624553431878402
laenge_mitloss,rand_gmm_complex_10,kond+kraft,8.0,0.8528954633542382,0.2340429723262787,7.755175590515137,237.41014099121094,0.2645028531551361,-0.03060305118560791,0.03060305118560791,0.009197318060498219
laenge_mitloss,rand_gmm_complex_10,kond,11.0,0.9198758596094173,0.5090509653091431,0.33859801292419434,281.24139404296875,0.509131908416748,-0.9692183624614369,0.9692183624614369,-0.032674291520144054
laenge_mitloss,rand_gmm_complex_10,kraft,11.0,0.8270667552978871,0.24883884191513062,8.902442932128906,226.99301147460938,0.2739766836166382,-0.19068700617009948,0.19068700617009948,0.010987355598629088
laenge_mitloss,rand_gmm_complex_10,kond+kraft,11.0,0.8345390188263725,0.23157069087028503,9.239405632019043,227.98143005371094,0.26610517501831055,-0.16005403345281433,0.16005403345281433,0.009727732644203109
laenge_mitloss,rand_gmm_complex_10,kond,14.0,0.9199032674213432,0.5087252259254456,0.3383327126502991,281.180908203125,0.5088074207305908,-0.9758333776678357,0.9758333776678357,-0.03145935512168711
laenge_mitloss,rand_gmm_complex_10,kraft,14.0,0.8276539842143618,0.24154013395309448,8.949213027954102,226.65701293945312,0.26811930537223816,-0.36077049800327843,0.36077049800327843,0.010859039005903149
laenge_mitloss,rand_gmm_complex_10,kond+kraft,14.0,0.82814831004774,0.23745512962341309,9.288670539855957,226.64405822753906,0.2723972797393799,-0.33652353286743164,0.33652353286743164,0.010390405993230363
laenge_mitloss,rand_gmm_complex_10,kond,18.0,0.9199534186982214,0.5086511373519897,0.33797821402549744,281.2091369628906,0.5087341070175171,-0.981223432554139,0.981223432554139,-0.02941920016275135
laenge_mitloss,rand_gmm_complex_10,kraft,18.0,0.8401429232369241,0.23496942222118378,8.384483337402344,231.8749542236328,0.2603709399700165,-0.5341953701443143,0.5341953701443143,0.01006610547236876
laenge_mitloss,rand_gmm_complex_10,kond+kraft,18.0,0.8309416061570061,0.23942001163959503,8.482282638549805,229.7930908203125,0.2721794843673706,-0.528762075636122,0.528762075636122,0.011078750262638194
laenge_mitloss,rand_gmm_complex_20,frei,nan,0.8461966615249884,0.4852517247200012,0.35729995369911194,269.34515380859375,0.4853250980377197,nan,nan,nan
laenge_mitloss,rand_gmm_complex_20,kond,4.0,0.8448066538740409,0.48665881156921387,0.32447993755340576,263.91510009765625,0.48673975467681885,-0.9188800156116486,0.9188800156116486,-0.04235243653679306
laenge_mitloss,rand_gmm_complex_20,kraft,4.0,0.8037337204167629,0.3265702724456787,3.9999725818634033,247.05322265625,0.33443862199783325,-6.854534149169922e-06,6.854534149169922e-06,0.011657084081592167
laenge_mitloss,rand_gmm_complex_20,kond+kraft,4.0,0.7996625405099601,0.31839460134506226,3.9999730587005615,244.2033233642578,0.32532989978790283,-6.735324859619141e-06,6.735324859619141e-06,0.012774717816741828
laenge_mitloss,rand_gmm_complex_20,kond,6.0,0.844839765753872,0.4870114028453827,0.32524192333221436,264.2123107910156,0.4870914816856384,-0.9457930127779642,0.9457930127779642,-0.0423262363778131
laenge_mitloss,rand_gmm_complex_20,kraft,6.0,0.7761280240530413,0.2710740864276886,5.986784934997559,234.01980590820312,0.2856176495552063,-0.0022025108337402344,0.0022025108337402344,0.012446722516308363
laenge_mitloss,rand_gmm_complex_20,kond+kraft,6.0,0.7735459070927175,0.2502935528755188,5.9888505935668945,231.36013793945312,0.26033636927604675,-0.0018582344055175781,0.0018582344055175781,0.012900666100372058
laenge_mitloss,rand_gmm_complex_20,kond,8.0,0.8447683801812412,0.48712071776390076,0.32614409923553467,264.2839050292969,0.48720166087150574,-0.9592319875955582,0.9592319875955582,-0.045843112581518325
laenge_mitloss,rand_gmm_complex_20,kraft,8.0,0.7454827650838084,0.2435399740934372,7.68833065032959,224.2646026611328,0.25970175862312317,-0.03895866870880127,0.03895866870880127,0.013738026835363081
laenge_mitloss,rand_gmm_complex_20,kond+kraft,8.0,0.7475153057514783,0.2592928409576416,7.7495574951171875,220.7281494140625,0.28474733233451843,-0.03130531311035156,0.03130531311035156,0.013349285413908864
laenge_mitloss,rand_gmm_complex_20,kond,11.0,0.844756139427606,0.48680251836776733,0.32656925916671753,264.1234130859375,0.48688483238220215,-0.9703118855302985,0.9703118855302985,-0.04687567656057774
laenge_mitloss,rand_gmm_complex_20,kraft,11.0,0.7188799185967345,0.24493128061294556,8.890970230102539,216.3059539794922,0.2657105624675751,-0.1917299790815874,0.1917299790815874,0.0149193417139984
laenge_mitloss,rand_gmm_complex_20,kond+kraft,11.0,0.7205828119497506,0.2581072449684143,9.186481475830078,212.74703979492188,0.288718044757843,-0.16486532037908386,0.16486532037908386,0.014227122781469361
laenge_mitloss,rand_gmm_complex_20,kond,14.0,0.8448967317978635,0.4865257740020752,0.3263258635997772,264.0135498046875,0.4866085946559906,-0.976691009742873,0.976691009742873,-0.04196829424063741
laenge_mitloss,rand_gmm_complex_20,kraft,14.0,0.7153047905440794,0.2446211725473404,9.021148681640625,215.03530883789062,0.26642322540283203,-0.3556322370256696,0.3556322370256696,0.015107820449216026
laenge_mitloss,rand_gmm_complex_20,kond+kraft,14.0,0.7157571855367948,0.2593995928764343,9.340898513793945,212.2698974609375,0.2887846529483795,-0.3327929633004325,0.3327929633004325,0.014519735617707372
laenge_mitloss,rand_gmm_complex_20,kond,18.0,0.8450152595829301,0.48645323514938354,0.3259822130203247,264.0203857421875,0.4865359961986542,-0.9818898770544264,0.9818898770544264,-0.037723089739308754
laenge_mitloss,rand_gmm_complex_20,kraft,18.0,0.7296051656449369,0.24640753865242004,8.51887321472168,218.84600830078125,0.26797980070114136,-0.5267292658487956,0.5267292658487956,0.014285419263080126
laenge_mitloss,rand_gmm_complex_20,kond+kraft,18.0,0.7243756513472347,0.2602064311504364,8.556859970092773,215.1785125732422,0.28822794556617737,-0.5246188905504015,0.5246188905504015,0.014857017929522168
laenge_mitloss,rand_gmm_complex_30,frei,nan,0.9012984885437655,0.47918009757995605,0.38161730766296387,257.6383056640625,0.479250967502594,nan,nan,nan
laenge_mitloss,rand_gmm_complex_30,kond,4.0,0.8998214826770288,0.48218831419944763,0.34823235869407654,254.07859802246094,0.4822846055030823,-0.9129419103264809,0.9129419103264809,-0.04424166914597324
laenge_mitloss,rand_gmm_complex_30,kraft,4.0,0.8693141115657571,0.3185833990573883,3.999971866607666,238.24444580078125,0.3295767307281494,-7.033348083496094e-06,7.033348083496094e-06,0.00883948116663743
laenge_mitloss,rand_gmm_complex_30,kond+kraft,4.0,0.8658572523032243,0.3047570288181305,3.999972105026245,236.45654296875,0.3122943639755249,-6.973743438720703e-06,6.973743438720703e-06,0.009794848273687104
laenge_mitloss,rand_gmm_complex_30,kond,6.0,0.8999859659788332,0.4824783205986023,0.34904834628105164,254.28607177734375,0.4825725555419922,-0.9418252756198248,0.9418252756198248,-0.04029979800526397
laenge_mitloss,rand_gmm_complex_30,kraft,6.0,0.8474373606610834,0.26273199915885925,5.985440731048584,226.1968231201172,0.28592193126678467,-0.0024265448252359656,0.0024265448252359656,0.009611496261268913
laenge_mitloss,rand_gmm_complex_30,kond+kraft,6.0,0.8453338616843661,0.24359796941280365,5.98823356628418,224.13323974609375,0.25641965866088867,-0.001961072285970089,0.001961072285970089,0.009981890016700069
laenge_mitloss,rand_gmm_complex_30,kond,8.0,0.9000639141362142,0.4825747013092041,0.3499855399131775,254.31597900390625,0.48266857862472534,-0.9562518075108528,0.9562518075108528,-0.0390295736019874
laenge_mitloss,rand_gmm_complex_30,kraft,8.0,0.8270249315842222,0.24077942967414856,7.680722236633301,215.76303100585938,0.2758525609970093,-0.0399097204208374,0.0399097204208374,0.010175707526103594
laenge_mitloss,rand_gmm_complex_30,kond+kraft,8.0,0.8266949522998406,0.25022315979003906,7.756059646606445,213.86378479003906,0.2937873601913452,-0.030492544174194336,0.030492544174194336,0.01011649868763001
laenge_mitloss,rand_gmm_complex_30,kond,11.0,0.8999714446697469,0.48230940103530884,0.35039618611335754,254.20477294921875,0.4824042022228241,-0.968145801262422,0.968145801262422,-0.04250468298872949
laenge_mitloss,rand_gmm_complex_30,kraft,11.0,0.8118401165570595,0.23477748036384583,8.944384574890137,208.8063201904297,0.2764931917190552,-0.18687412955544214,0.18687412955544214,0.010447366977857237
laenge_mitloss,rand_gmm_complex_30,kond+kraft,11.0,0.8070416144433197,0.2447616010904312,9.239700317382812,206.36373901367188,0.29404422640800476,-0.1600272438742898,0.1600272438742898,0.010640775661846822
laenge_mitloss,rand_gmm_complex_30,kond,14.0,0.899862332304464,0.4820992350578308,0.3501098155975342,254.1721649169922,0.4821951985359192,-0.9749921560287476,0.9749921560287476,-0.0455814203275561
laenge_mitloss,rand_gmm_complex_30,kraft,14.0,0.8114258151329113,0.24011455476284027,8.957006454467773,208.99327087402344,0.28321945667266846,-0.3602138246808734,0.3602138246808734,0.010480302627938547
laenge_mitloss,rand_gmm_complex_30,kond+kraft,14.0,0.8046259450316633,0.246841162443161,9.37606143951416,206.32740783691406,0.2961347699165344,-0.3302813257489886,0.3302813257489886,0.01074802868248018
laenge_mitloss,rand_gmm_complex_30,kond,18.0,0.8998405382462656,0.48206114768981934,0.34972622990608215,254.21881103515625,0.48215749859809875,-0.9805707650052177,0.9805707650052177,-0.04571655773487415
laenge_mitloss,rand_gmm_complex_30,kraft,18.0,0.817905833651897,0.23895646631717682,8.35599136352539,212.17129516601562,0.2807575762271881,-0.5357782575819228,0.5357782575819228,0.010457580031696875
laenge_mitloss,rand_gmm_complex_30,kond+kraft,18.0,0.8114655589595889,0.24896183609962463,8.536632537841797,208.6612091064453,0.2954217195510864,-0.5257426367865669,0.5257426367865669,0.011015666684684608
laenge_mitloss,rand_ana_poly_complex_0,frei,nan,0.9871510921056321,0.4475581645965576,0.3869914412498474,273.5924072265625,0.4475550651550293,nan,nan,nan
laenge_mitloss,rand_ana_poly_complex_0,kond,4.0,0.9851133477446502,0.4516138434410095,0.36235955357551575,267.85870361328125,0.4516103267669678,-0.9094101116061211,0.9094101116061211,-0.0827279008382864
laenge_mitloss,rand_ana_poly_complex_0,kraft,4.0,0.9665018841978701,0.2522463798522949,3.9999704360961914,257.2098388671875,0.25416451692581177,-7.3909759521484375e-06,7.3909759521484375e-06,0.005715285900420858
laenge_mitloss,rand_ana_poly_complex_0,kond+kraft,4.0,0.9623777908371494,0.2491406500339508,3.999973773956299,250.43603515625,0.25109803676605225,-6.556510925292969e-06,6.556510925292969e-06,0.006856745753839685
laenge_mitloss,rand_ana_poly_complex_0,kond,6.0,0.9852292013168853,0.4519096612930298,0.3629950284957886,268.14013671875,0.4519059658050537,-0.9395008285840353,0.9395008285840353,-0.08009075391578067
laenge_mitloss,rand_ana_poly_complex_0,kraft,6.0,0.9584637307291038,0.20660996437072754,5.9845075607299805,242.17210388183594,0.2154761701822281,-0.002582073211669922,0.002582073211669922,0.005125016304409071
laenge_mitloss,rand_ana_poly_complex_0,kond+kraft,6.0,0.9530933799326436,0.20094676315784454,5.9886603355407715,237.8832550048828,0.207258939743042,-0.001889944076538086,0.001889944076538086,0.006079922397358975
laenge_mitloss,rand_ana_poly_complex_0,kond,8.0,0.985282328189189,0.45186930894851685,0.36374330520629883,268.279052734375,0.451865553855896,-0.9545320868492126,0.9545320868492126,-0.0803833869925099
laenge_mitloss,rand_ana_poly_complex_0,kraft,8.0,0.9363701358729755,0.20975813269615173,7.700799942016602,231.4123077392578,0.23182502388954163,-0.037400007247924805,0.037400007247924805,0.006943161859834444
laenge_mitloss,rand_ana_poly_complex_0,kond+kraft,8.0,0.9428070378026255,0.24293091893196106,7.775445938110352,229.454833984375,0.2771835923194885,-0.028069257736206055,0.028069257736206055,0.006001803803738552
laenge_mitloss,rand_ana_poly_complex_0,kond,11.0,0.9852434506310268,0.4514240324497223,0.36408212780952454,268.1998596191406,0.45142000913619995,-0.9669016247445886,0.9669016247445886,-0.08326925551804878
laenge_mitloss,rand_ana_poly_complex_0,kraft,11.0,0.9120208753591321,0.2306016981601715,8.907365798950195,221.02017211914062,0.25512558221817017,-0.19023947282270948,0.19023947282270948,0.008817713118274027
laenge_mitloss,rand_ana_poly_complex_0,kond+kraft,11.0,0.9333234026341185,0.263289213180542,9.266580581665039,221.19589233398438,0.29655736684799194,-0.15758358348499646,0.15758358348499646,0.006061957216749867
laenge_mitloss,rand_ana_poly_complex_0,kond,14.0,0.9852092285243572,0.4511674642562866,0.3638734221458435,268.1203308105469,0.45116356015205383,-0.9740090412752969,0.9740090412752969,-0.08399783617008023
laenge_mitloss,rand_ana_poly_complex_0,kraft,14.0,0.91615717164767,0.23908767104148865,9.010540008544922,221.911376953125,0.26456689834594727,-0.35638999938964844,0.35638999938964844,0.008232564576398116
laenge_mitloss,rand_ana_poly_complex_0,kond+kraft,14.0,0.9273455169497907,0.2743035554885864,9.346359252929688,219.3538818359375,0.3063647150993347,-0.33240291050502235,0.33240291050502235,0.006675200350394826
laenge_mitloss,rand_ana_poly_complex_0,kond,18.0,0.9852163745622593,0.4511910080909729,0.36355382204055786,268.1322021484375,0.4511871039867401,-0.9798025654421912,0.9798025654421912,-0.0825475286587979
laenge_mitloss,rand_ana_poly_complex_0,kraft,18.0,0.9313053149937328,0.24198460578918457,8.504220962524414,226.74172973632812,0.2674420177936554,-0.5275432798597548,0.5275432798597548,0.006879906126287582
laenge_mitloss,rand_ana_poly_complex_0,kond+kraft,18.0,0.9257786492378707,0.2769014835357666,8.578452110290527,221.35980224609375,0.30558255314826965,-0.5234193272060819,0.5234193272060819,0.007492246541537617
laenge_mitloss,rand_ana_poly_complex_10,frei,nan,0.9432257281013112,0.45729267597198486,0.3638983368873596,261.77520751953125,0.4572952389717102,nan,nan,nan
laenge_mitloss,rand_ana_poly_complex_10,kond,4.0,0.9382273237444586,0.46012750267982483,0.3384636640548706,256.86065673828125,0.46015915274620056,-0.9153840839862823,0.9153840839862823,-0.19651931006825832
laenge_mitloss,rand_ana_poly_complex_10,kraft,4.0,0.9152109317705901,0.2923157215118408,3.9999709129333496,241.5565643310547,0.2990398108959198,-7.271766662597656e-06,7.271766662597656e-06,0.007704685686220689
laenge_mitloss,rand_ana_poly_complex_10,kond+kraft,4.0,0.9072121925196721,0.2889498174190521,3.9999754428863525,238.73178100585938,0.2943870425224304,-6.139278411865234e-06,6.139278411865234e-06,0.009904502718664042
laenge_mitloss,rand_ana_poly_complex_10,kond,6.0,0.9385336037232055,0.460457980632782,0.33900922536849976,257.1250915527344,0.46048614382743835,-0.9434984624385834,0.9434984624385834,-0.18852116816424924
laenge_mitloss,rand_ana_poly_complex_10,kraft,6.0,0.8933485245267064,0.2404981106519699,5.985025882720947,229.8350372314453,0.25824588537216187,-0.0024956862131754187,0.0024956862131754187,0.008873167023504753
laenge_mitloss,rand_ana_poly_complex_10,kond+kraft,6.0,0.8886376817801565,0.23053663969039917,5.988796234130859,225.07835388183594,0.24151916801929474,-0.0018672943115234375,0.0018672943115234375,0.009704717724370752
laenge_mitloss,rand_ana_poly_complex_10,kond,8.0,0.9386527388413681,0.4605015516281128,0.3396528363227844,257.22454833984375,0.46052783727645874,-0.957543395459652,0.957543395459652,-0.18861187244880534
laenge_mitloss,rand_ana_poly_complex_10,kraft,8.0,0.8529792238387811,0.20404328405857086,7.656251907348633,217.03208923339844,0.23044514656066895,-0.0429685115814209,0.0429685115814209,0.012375497620971994
laenge_mitloss,rand_ana_poly_complex_10,kond+kraft,8.0,0.8582785678708083,0.2370777726173401,7.734548091888428,214.7234344482422,0.2768043577671051,-0.03318148851394653,0.03318148851394653,0.011525057227534842
laenge_mitloss,rand_ana_poly_complex_10,kond,11.0,0.9385157064794346,0.46011775732040405,0.3399829864501953,257.11749267578125,0.4601443409919739,-0.969092455777255,0.969092455777255,-0.19694554065815695
laenge_mitloss,rand_ana_poly_complex_10,kraft,11.0,0.8053216784500717,0.20734290778636932,8.911935806274414,206.6343231201172,0.23890218138694763,-0.18982401761141687,0.18982401761141687,0.01613283167570486
laenge_mitloss,rand_ana_poly_complex_10,kond+kraft,11.0,0.834240828061362,0.24794530868530273,9.245318412780762,206.10243225097656,0.29101163148880005,-0.1595165079290216,0.1595165079290216,0.012271111951540719
laenge_mitloss,rand_ana_poly_complex_10,kond,14.0,0.9383998183204623,0.45985546708106995,0.33981621265411377,257.0369873046875,0.4598836302757263,-0.975727413381849,0.975727413381849,-0.20039385787183567
laenge_mitloss,rand_ana_poly_complex_10,kraft,14.0,0.807706344725636,0.21409553289413452,8.965792655944824,206.6656951904297,0.2472587525844574,-0.359586238861084,0.359586238861084,0.015754597574563614
laenge_mitloss,rand_ana_poly_complex_10,kond+kraft,14.0,0.8207272952200133,0.256902813911438,9.26909351348877,204.17990112304688,0.2991420328617096,-0.3379218918936593,0.3379218918936593,0.013755839198579853
laenge_mitloss,rand_ana_poly_complex_10,kond,18.0,0.9384074375329079,0.45985209941864014,0.3395354747772217,257.05145263671875,0.4598808288574219,-0.9811369180679321,0.9811369180679321,-0.19777194266507495
laenge_mitloss,rand_ana_poly_complex_10,kraft,18.0,0.8328004889615754,0.2196628451347351,8.505403518676758,211.3529815673828,0.2526407539844513,-0.5274775822957356,0.5274775822957356,0.013563246190241414
laenge_mitloss,rand_ana_poly_complex_10,kond+kraft,18.0,0.8227806500766045,0.259950190782547,8.508383750915527,207.67550659179688,0.3004979193210602,-0.5273120138380263,0.5273120138380263,0.014788543646631198
laenge_mitloss,rand_ana_poly_complex_20,frei,nan,0.9700491782844458,0.4293845593929291,0.3642467260360718,240.90919494628906,0.42946815490722656,nan,nan,nan
laenge_mitloss,rand_ana_poly_complex_20,kond,4.0,0.9643288564812178,0.43069028854370117,0.34490472078323364,236.2725372314453,0.43112045526504517,-0.9137738198041916,0.9137738198041916,-0.29574605778729407
laenge_mitloss,rand_ana_poly_complex_20,kraft,4.0,0.9542779069733415,0.251315176486969,3.999969482421875,224.54518127441406,0.2514188587665558,-7.62939453125e-06,7.62939453125e-06,0.004337864124376259
laenge_mitloss,rand_ana_poly_complex_20,kond+kraft,4.0,0.9446044226971567,0.23806801438331604,3.999974250793457,222.25938415527344,0.24018248915672302,-6.4373016357421875e-06,6.4373016357421875e-06,0.006998532044556072
laenge_mitloss,rand_ana_poly_complex_20,kond,6.0,0.9647628613807766,0.431086003780365,0.34539639949798584,236.5459747314453,0.43149736523628235,-0.9424339334170023,0.9424339334170023,-0.28043635705665504
laenge_mitloss,rand_ana_poly_complex_20,kraft,6.0,0.9316001651159395,0.20775125920772552,5.98469352722168,212.9921417236328,0.21138140559196472,-0.0025510787963867188,0.0025510787963867188,0.006840917551322736
laenge_mitloss,rand_ana_poly_complex_20,kond+kraft,6.0,0.9169645433918335,0.1717616617679596,5.989562511444092,207.205078125,0.1719912886619568,-0.0017395814259847375,0.0017395814259847375,0.009436738650355058
laenge_mitloss,rand_ana_poly_complex_20,kond,8.0,0.9650035937325574,0.4311785101890564,0.34600594639778137,236.67361450195312,0.43156832456588745,-0.9567492567002773,0.9567492567002773,-0.2766101368439812
laenge_mitloss,rand_ana_poly_complex_20,kraft,8.0,0.9256996700420392,0.24870789051055908,7.708094120025635,201.49903869628906,0.2663482427597046,-0.036488234996795654,0.036488234996795654,0.006039001883223175
laenge_mitloss,rand_ana_poly_complex_20,kond+kraft,8.0,0.9175642942056885,0.2617816925048828,7.781764507293701,200.42259216308594,0.2911461293697357,-0.027279436588287354,0.027279436588287354,0.007075801585723809
laenge_mitloss,rand_ana_poly_complex_20,kond,11.0,0.96478226046406,0.4308212995529175,0.3463093936443329,236.56997680664062,0.43120378255844116,-0.9685173278505151,0.9685173278505151,-0.29362882425100717
laenge_mitloss,rand_ana_poly_complex_20,kraft,11.0,0.9068115870099975,0.2718436121940613,8.934505462646484,191.7355499267578,0.29246819019317627,-0.18777223066850146,0.18777223066850146,0.0073787260359258556
laenge_mitloss,rand_ana_poly_complex_20,kond+kraft,11.0,0.9093707008556201,0.28070420026779175,9.27346420288086,192.64239501953125,0.30859237909317017,-0.15695779973810364,0.15695779973810364,0.006810752749781912
laenge_mitloss,rand_ana_poly_complex_20,kond,14.0,0.9644400694034078,0.43053996562957764,0.3461795151233673,236.46107482910156,0.4309297800064087,-0.9752728917769024,0.9752728917769024,-0.31045792890444684
laenge_mitloss,rand_ana_poly_complex_20,kraft,14.0,0.8929752215526395,0.2761693000793457,8.971295356750488,191.1604461669922,0.29855576157569885,-0.35919318880353657,0.35919318880353657,0.00895474860648125
laenge_mitloss,rand_ana_poly_complex_20,kond+kraft,14.0,0.9006356516930174,0.2844487726688385,9.285923957824707,189.5266876220703,0.3112418055534363,-0.33671971729823524,0.33671971729823524,0.007780322554609191
laenge_mitloss,rand_ana_poly_complex_20,kond,18.0,0.96432325328802,0.4305114150047302,0.3459291160106659,236.46104431152344,0.43090444803237915,-0.9807817157771852,0.9807817157771852,-0.3125912708308623
laenge_mitloss,rand_ana_poly_complex_20,kraft,18.0,0.8928940977183946,0.27655863761901855,8.4168701171875,195.08380126953125,0.29907748103141785,-0.5323961046006944,0.5323961046006944,0.00958135961639937
laenge_mitloss,rand_ana_poly_complex_20,kond+kraft,18.0,0.9051367921128194,0.28808102011680603,8.568756103515625,191.93397521972656,0.31277212500572205,-0.5239579942491319,0.5239579942491319,0.007911793769144021
laenge_mitloss,rand_ana_poly_complex_30,frei,nan,0.9888767790908741,0.49077802896499634,0.37285518646240234,348.0298156738281,0.4907737076282501,nan,nan,nan
laenge_mitloss,rand_ana_poly_complex_30,kond,4.0,0.9863567002712507,0.49566885828971863,0.3455497622489929,339.5615234375,0.49566560983657837,-0.9136125594377518,0.9136125594377518,-0.09229224200757428
laenge_mitloss,rand_ana_poly_complex_30,kraft,4.0,0.973595503300025,0.2956957519054413,3.9999682903289795,321.887939453125,0.2991798520088196,-7.927417755126953e-06,7.927417755126953e-06,0.0042130684523068755
laenge_mitloss,rand_ana_poly_complex_30,kond+kraft,4.0,0.9700244158140459,0.2801254391670227,3.9999747276306152,317.0593566894531,0.2808994650840759,-6.318092346191406e-06,6.318092346191406e-06,0.00519761288891966
laenge_mitloss,rand_ana_poly_complex_30,kond,6.0,0.9864938952501153,0.4959743022918701,0.34622707962989807,339.9220275878906,0.49597102403640747,-0.9422954867283503,0.9422954867283503,-0.08948754245833469
laenge_mitloss,rand_ana_poly_complex_30,kraft,6.0,0.9618181463016139,0.22242619097232819,5.984931945800781,307.29205322265625,0.23000986874103546,-0.0025113423665364953,0.0025113423665364953,0.004821500836430157
laenge_mitloss,rand_ana_poly_complex_30,kond+kraft,6.0,0.9563877785612216,0.20669780671596527,5.989269733428955,303.1296081542969,0.21120800077915192,-0.0017883777618408203,0.0017883777618408203,0.005784651445858812
laenge_mitloss,rand_ana_poly_complex_30,kond,8.0,0.9865497776586274,0.49589234590530396,0.34699398279190063,340.0540771484375,0.4958890974521637,-0.9566257521510124,0.9566257521510124,-0.08998039928439222
laenge_mitloss,rand_ana_poly_complex_30,kraft,8.0,0.9471104614776626,0.20898889005184174,7.632305145263672,291.3504333496094,0.21743062138557434,-0.045961856842041016,0.045961856842041016,0.00575337220453934
laenge_mitloss,rand_ana_poly_complex_30,kond+kraft,8.0,0.9567834995744586,0.2428618222475052,7.743622303009033,289.4674072265625,0.2555393576622009,-0.03204721212387085,0.03204721212387085,0.004354130175184793
laenge_mitloss,rand_ana_poly_complex_30,kond,11.0,0.9864872330988306,0.49541008472442627,0.34734147787094116,339.929443359375,0.49540677666664124,-0.9684235020117327,0.9684235020117327,-0.09365733654429503
laenge_mitloss,rand_ana_poly_complex_30,kraft,11.0,0.9307913624917329,0.235794335603714,8.943224906921387,282.17315673828125,0.24823583662509918,-0.18697955391623755,0.18697955391623755,0.0067774691750440005
laenge_mitloss,rand_ana_poly_complex_30,kond+kraft,11.0,0.9529009257790971,0.2613828480243683,9.216201782226562,279.5770263671875,0.27640920877456665,-0.1621634743430398,0.1621634743430398,0.004068126576539353
laenge_mitloss,rand_ana_poly_complex_30,kond,14.0,0.9864062871089649,0.4951435625553131,0.34713214635849,339.80718994140625,0.49514028429985046,-0.9752048466886792,0.9752048466886792,-0.09604199083503485
laenge_mitloss,rand_ana_poly_complex_30,kraft,14.0,0.9353969069694644,0.2455410361289978,9.114242553710938,280.9176330566406,0.2591114640235901,-0.34898267473493305,0.34898267473493305,0.006118007345353828
laenge_mitloss,rand_ana_poly_complex_30,kond+kraft,14.0,0.9420947172223139,0.2719072699546814,9.17502498626709,277.27490234375,0.2843036949634552,-0.3446410724094936,0.3446410724094936,0.005314832925581408
laenge_mitloss,rand_ana_poly_complex_30,kond,18.0,0.9863745457526735,0.49514102935791016,0.3468453288078308,339.7696533203125,0.49513769149780273,-0.9807308150662316,0.9807308150662316,-0.09620326921554137
laenge_mitloss,rand_ana_poly_complex_30,kraft,18.0,0.945998213232262,0.2454814612865448,8.427926063537598,287.3171691894531,0.2591707706451416,-0.5317818853590224,0.5317818853590224,0.00532317673090189
laenge_mitloss,rand_ana_poly_complex_30,kond+kraft,18.0,0.943660062982117,0.2700234055519104,8.445682525634766,282.6946105957031,0.2821406126022339,-0.530795415242513,0.530795415242513,0.005601100359145397
laenge_mitloss,organic_0,frei,nan,0.9033973308090673,0.47055917978286743,0.3462774455547333,245.3238983154297,0.47061818838119507,nan,nan,nan
laenge_mitloss,organic_0,kond,4.0,0.8950289276114253,0.47276949882507324,0.31973129510879517,240.765380859375,0.4730963110923767,-0.9200671762228012,0.9200671762228012,-0.31523980151790526
laenge_mitloss,organic_0,kraft,4.0,0.8708613763454797,0.3121604323387146,3.999974250793457,228.15306091308594,0.3195306360721588,-6.4373016357421875e-06,6.4373016357421875e-06,0.008904940994812998
laenge_mitloss,organic_0,kond+kraft,4.0,0.8582269978366447,0.3085828423500061,3.999973773956299,223.488037109375,0.31746596097946167,-6.556510925292969e-06,6.556510925292969e-06,0.012362913858301922
laenge_mitloss,organic_0,kond,6.0,0.8956428209279281,0.47312384843826294,0.32033488154411316,241.01571655273438,0.4734371304512024,-0.9466108530759811,0.9466108530759811,-0.2989106966437342
laenge_mitloss,organic_0,kraft,6.0,0.8446357378867846,0.2566508650779724,5.985150337219238,215.22515869140625,0.2734335660934448,-0.002474943796793583,0.002474943796793583,0.010420804662780258
laenge_mitloss,organic_0,kond+kraft,6.0,0.8380126304626957,0.24088023602962494,5.9893059730529785,210.29934692382812,0.2538861334323883,-0.0017823378245035437,0.0017823378245035437,0.011586810172543805
laenge_mitloss,organic_0,kond,8.0,0.8959765532661725,0.4732431173324585,0.3210541903972626,241.097900390625,0.4735477864742279,-0.9598682262003422,0.9598682262003422,-0.2942038010782605
laenge_mitloss,organic_0,kraft,8.0,0.8157576443692468,0.22535568475723267,7.696352958679199,203.52931213378906,0.24780629575252533,-0.0379558801651001,0.0379558801651001,0.01192364436029657
laenge_mitloss,organic_0,kond+kraft,8.0,0.8120751599332549,0.24616602063179016,7.758685111999512,200.47438049316406,0.28084492683410645,-0.030164361000061035,0.030164361000061035,0.012320176518247728
laenge_mitloss,organic_0,kond,11.0,0.8956589123943998,0.47292399406433105,0.3213954567909241,240.98521423339844,0.47322985529899597,-0.9707822312008251,0.9707822312008251,-0.31100481911329386
laenge_mitloss,organic_0,kraft,11.0,0.788494468120368,0.22932623326778412,8.895522117614746,192.30422973632812,0.2587360739707947,-0.19131617112593213,0.19131617112593213,0.013440118641617071
laenge_mitloss,organic_0,kond+kraft,11.0,0.7869044051181086,0.2478683590888977,9.179474830627441,191.30104064941406,0.2844584286212921,-0.16550228812477807,0.16550228812477807,0.013188081349548584
laenge_mitloss,organic_0,kond,14.0,0.8951776868179955,0.4726565480232239,0.3211934566497803,240.91099548339844,0.472969114780426,-0.9770576102393014,0.9770576102393014,-0.3276848838602681
laenge_mitloss,organic_0,kraft,14.0,0.783899401412449,0.2324986308813095,8.960966110229492,192.79678344726562,0.26418203115463257,-0.35993099212646484,0.35993099212646484,0.013871415909274749
laenge_mitloss,organic_0,kond+kraft,14.0,0.7793652749792359,0.25389546155929565,9.291698455810547,190.78799438476562,0.2884039282798767,-0.33630725315638954,0.33630725315638954,0.013865424074242022
laenge_mitloss,organic_0,kond,18.0,0.895007420046488,0.47261083126068115,0.3208808898925781,240.93260192871094,0.47292560338974,-0.9821732838948568,0.9821732838948568,-0.3303562449250354
laenge_mitloss,organic_0,kraft,18.0,0.7935309824922321,0.23485645651817322,8.52876091003418,197.3728790283203,0.2672000527381897,-0.5261799494425456,0.5261799494425456,0.01342701745671351
laenge_mitloss,organic_0,kond+kraft,18.0,0.7880403691120477,0.2579948902130127,8.527275085449219,193.96165466308594,0.2922012507915497,-0.5262624952528212,0.5262624952528212,0.01410059833466807
laenge_mitloss,organic_10,frei,nan,0.9965350768324225,0.4899037480354309,0.3624987006187439,324.4097595214844,0.48990243673324585,nan,nan,nan
laenge_mitloss,organic_10,kond,4.0,0.995514993914881,0.4949207007884979,0.33402538299560547,315.8689270019531,0.4949195683002472,-0.9164936542510986,0.9164936542510986,-0.03582592415267285
laenge_mitloss,organic_10,kraft,4.0,0.980443872012275,0.30336815118789673,3.999969482421875,299.029541015625,0.31006279587745667,-7.62939453125e-06,7.62939453125e-06,0.004423734453248557
laenge_mitloss,organic_10,kond+kraft,4.0,0.9792608437466971,0.31338798999786377,3.9999759197235107,295.0673828125,0.3200379014015198,-6.020069122314453e-06,6.020069122314453e-06,0.0047489597996648964
laenge_mitloss,organic_10,kond,6.0,0.9955831508296381,0.495181143283844,0.3347286581993103,316.25848388671875,0.49518001079559326,-0.944211890300115,0.944211890300115,-0.034278881839885623
laenge_mitloss,organic_10,kraft,6.0,0.9676059630930819,0.24912625551223755,5.981850624084473,281.4736633300781,0.26403769850730896,-0.003024895985921261,0.003024895985921261,0.005148122796605092
laenge_mitloss,organic_10,kond+kraft,6.0,0.9674746323038255,0.23904353380203247,5.989326477050781,278.15252685546875,0.25047194957733154,-0.0017789204915364953,0.0017789204915364953,0.005164623067071052
laenge_mitloss,organic_10,kond,8.0,0.9956162076153168,0.4951109290122986,0.33552104234695435,316.41851806640625,0.4951097369194031,-0.9580598697066307,0.9580598697066307,-0.03406037721467358
laenge_mitloss,organic_10,kraft,8.0,0.9491409640486944,0.21457716822624207,7.618100166320801,264.51214599609375,0.22851228713989258,-0.0477374792098999,0.0477374792098999,0.006532072221409171
laenge_mitloss,organic_10,kond+kraft,8.0,0.9555986273569692,0.24833929538726807,7.714421272277832,263.8709411621094,0.26550397276878357,-0.035697340965270996,0.035697340965270996,0.005568128482916716
laenge_mitloss,organic_10,kond,11.0,0.9955848831773415,0.49468815326690674,0.3358778655529022,316.2838439941406,0.49468696117401123,-0.9694656485860998,0.9694656485860998,-0.035693608135539345
laenge_mitloss,organic_10,kraft,11.0,0.9251364129563355,0.22296978533267975,8.930992126464844,255.22653198242188,0.23874717950820923,-0.1880916248668324,0.1880916248668324,0.008332697514911924
laenge_mitloss,organic_10,kond+kraft,11.0,0.939672569568652,0.253281831741333,9.210453987121582,252.10635375976562,0.27226659655570984,-0.16268600117076526,0.16268600117076526,0.006426626878473464
laenge_mitloss,organic_10,kond,14.0,0.9955394556413643,0.49446743726730347,0.3356485068798065,316.1496276855469,0.49446621537208557,-0.9760251066514424,0.9760251066514424,-0.037080596167706814
laenge_mitloss,organic_10,kraft,14.0,0.923977677231485,0.22889050841331482,9.137055397033691,254.41539001464844,0.24546343088150024,-0.34735318592616493,0.34735318592616493,0.008269067271578799
laenge_mitloss,organic_10,kond+kraft,14.0,0.9274773500329517,0.257453978061676,9.13499641418457,249.55288696289062,0.276248037815094,-0.3475002561296735,0.3475002561296735,0.007872071222393093
laenge_mitloss,organic_10,kond,18.0,0.995523027392857,0.4944886863231659,0.33532214164733887,316.13079833984375,0.4944875240325928,-0.9813709921307034,0.9813709921307034,-0.0372397933318315
laenge_mitloss,organic_10,kraft,18.0,0.9361730870686319,0.23571273684501648,8.550592422485352,262.2260437011719,0.2518858015537262,-0.5249670876397027,0.5249670876397027,0.007371922185330104
laenge_mitloss,organic_10,kond+kraft,18.0,0.9375757839815407,0.2627946138381958,8.43675422668457,256.4852600097656,0.2811084985733032,-0.5312914318508573,0.5312914318508573,0.007302133634555607
laenge_mitloss,organic_20,frei,nan,0.9642838409759824,0.45919710397720337,0.37248221039772034,262.5811462402344,0.45919036865234375,nan,nan,nan
laenge_mitloss,organic_20,kond,4.0,0.9595659739117173,0.45980051159858704,0.34489893913269043,257.7837219238281,0.4597935676574707,-0.9137752652168274,0.9137752652168274,-0.17104088267610415
laenge_mitloss,organic_20,kraft,4.0,0.9413961503041135,0.27111637592315674,3.9999711513519287,247.95208740234375,0.2715035080909729,-7.212162017822266e-06,7.212162017822266e-06,0.006309513562803122
laenge_mitloss,organic_20,kond+kraft,4.0,0.9319437167386744,0.26571422815322876,3.9999732971191406,240.30316162109375,0.2662142515182495,-6.67572021484375e-06,6.67572021484375e-06,0.008915287030115768
laenge_mitloss,organic_20,kond,6.0,0.9598624855968777,0.4602743983268738,0.34547874331474304,258.0496826171875,0.4602675139904022,-0.9424202094475428,0.9424202094475428,-0.16373287791225463
laenge_mitloss,organic_20,kraft,6.0,0.9251873413926048,0.22654418647289276,5.986483573913574,232.67698669433594,0.23298387229442596,-0.0022527376810709265,0.0022527376810709265,0.006964105822534534
laenge_mitloss,organic_20,kond+kraft,6.0,0.9127872310509022,0.20415610074996948,5.988470077514648,228.34291076660156,0.20631203055381775,-0.0019216537475585938,0.0019216537475585938,0.009169644084633137
laenge_mitloss,organic_20,kond,8.0,0.9599872861942497,0.4604704678058624,0.34621867537498474,258.1579284667969,0.46046358346939087,-0.9567226655781269,0.9567226655781269,-0.16359392511378748
laenge_mitloss,organic_20,kraft,8.0,0.9033262322515023,0.23176659643650055,7.725157737731934,223.27545166015625,0.25444406270980835,-0.0343552827835083,0.0343552827835083,0.008290534309295283
laenge_mitloss,organic_20,kond+kraft,8.0,0.9043055151981395,0.25957345962524414,7.781733989715576,220.86375427246094,0.2946094870567322,-0.02728325128555298,0.02728325128555298,0.008095058389737283
laenge_mitloss,organic_20,kond,11.0,0.9598542213611664,0.46009689569473267,0.3466164767742157,258.0538024902344,0.46008989214897156,-0.968489411202344,0.968489411202344,-0.17125435834500188
laenge_mitloss,organic_20,kraft,11.0,0.877484472685996,0.24563437700271606,9.056108474731445,213.6477508544922,0.2698482871055603,-0.17671741138805042,0.17671741138805042,0.009995751273462514
laenge_mitloss,organic_20,kond+kraft,11.0,0.8961202378996609,0.27925753593444824,9.272160530090332,213.12142944335938,0.31347042322158813,-0.1570763154463335,0.1570763154463335,0.007659108636038414
laenge_mitloss,organic_20,kond,14.0,0.9597124308093726,0.45973634719848633,0.34644800424575806,257.9611511230469,0.4597293734550476,-0.9752537139824459,0.9752537139824459,-0.1755924547853063
laenge_mitloss,organic_20,kraft,14.0,0.867991313321809,0.2521149218082428,9.009651184082031,213.2272491455078,0.276808500289917,-0.35645348685128353,0.35645348685128353,0.011148621492477114
laenge_mitloss,organic_20,kond+kraft,14.0,0.8895470582228433,0.28742486238479614,9.418546676635742,211.59674072265625,0.3207140564918518,-0.32724666595458984,0.32724666595458984,0.008261800812062953
laenge_mitloss,organic_20,kond,18.0,0.9596920118083289,0.45964884757995605,0.34612831473350525,257.9642333984375,0.45964184403419495,-0.9807706491814719,0.9807706491814719,-0.17423720675530383
laenge_mitloss,organic_20,kraft,18.0,0.8772610019290357,0.251997709274292,8.394499778747559,217.93368530273438,0.27674269676208496,-0.5336389011806912,0.5336389011806912,0.010847999060770904
laenge_mitloss,organic_20,kond+kraft,18.0,0.8856669346879066,0.288638174533844,8.587052345275879,213.3055877685547,0.3182399570941925,-0.5229415363735623,0.5229415363735623,0.009570422432000077
laenge_mitloss,organic_30,frei,nan,0.9947097386454521,0.4122777581214905,0.3632546067237854,272.63983154296875,0.41227149963378906,nan,nan,nan
laenge_mitloss,organic_30,kond,4.0,0.993839564778333,0.4129074811935425,0.3335150182247162,268.45184326171875,0.4129011034965515,-0.916621245443821,0.916621245443821,-0.029259781692887493
laenge_mitloss,organic_30,kraft,4.0,0.9879734724930629,0.3043020963668823,3.9999680519104004,252.71157836914062,0.30446499586105347,-7.987022399902344e-06,7.987022399902344e-06,0.00185229500589468
laenge_mitloss,organic_30,kond+kraft,4.0,0.975937494112997,0.2035251259803772,3.999976396560669,249.0349578857422,0.20351016521453857,-5.900859832763672e-06,5.900859832763672e-06,0.005161858843565006
laenge_mitloss,organic_30,kond,6.0,0.9938931551688419,0.41348761320114136,0.3342288136482239,268.6647644042969,0.41348129510879517,-0.944295197725296,0.944295197725296,-0.02813302894030847
laenge_mitloss,organic_30,kraft,6.0,0.9684699532173654,0.15368443727493286,5.985522747039795,240.08541870117188,0.15382778644561768,-0.00241287549336755,0.00241287549336755,0.004667117393410525
laenge_mitloss,organic_30,kond+kraft,6.0,0.9661581085471109,0.1728590428829193,5.988100528717041,235.21365356445312,0.17315223813056946,-0.0019832452138265344,0.0019832452138265344,0.00507598439038192
laenge_mitloss,organic_30,kond,8.0,0.9939045623260443,0.4137571454048157,0.33501508831977844,268.6967468261719,0.41375088691711426,-0.9581231139600277,0.9581231139600277,-0.02851239556881213
laenge_mitloss,organic_30,kraft,8.0,0.9547098829472969,0.16945311427116394,7.687103748321533,224.63038635253906,0.17152783274650574,-0.03911203145980835,0.03911203145980835,0.005461589244235714
laenge_mitloss,organic_30,kond+kraft,8.0,0.963429136958059,0.21789883077144623,7.734395503997803,224.5189666748047,0.22649769484996796,-0.03320056200027466,0.03320056200027466,0.004243658088120558
laenge_mitloss,organic_30,kond,11.0,0.9938761444233019,0.41339221596717834,0.33532828092575073,268.594482421875,0.41338592767715454,-0.9695156108249318,0.9695156108249318,-0.02984976355926136
laenge_mitloss,organic_30,kraft,11.0,0.9325606906414994,0.2051662802696228,8.905389785766602,214.2940673828125,0.2065153419971466,-0.19041911038485437,0.19041911038485437,0.007275587040161636
laenge_mitloss,organic_30,kond+kraft,11.0,0.9581212467851529,0.2553943991661072,9.219581604003906,215.34666442871094,0.2609175443649292,-0.16185621781782666,0.16185621781782666,0.004131339309347539
laenge_mitloss,organic_30,kond,14.0,0.9938583624479694,0.41302725672721863,0.3350532650947571,268.5593566894531,0.41302087903022766,-0.976067623921803,0.976067623921803,-0.03018920903416574
laenge_mitloss,organic_30,kraft,14.0,0.93967730723105,0.21429544687271118,8.94064998626709,216.0993194580078,0.21533598005771637,-0.361382143838065,0.361382143838065,0.006415983988059113
laenge_mitloss,organic_30,kond+kraft,14.0,0.9495711063360097,0.2675968408584595,9.180639266967773,212.80471801757812,0.2713898718357086,-0.34424005235944477,0.34424005235944477,0.005119276752545956
laenge_mitloss,organic_30,kond,18.0,0.9938611330753228,0.41296717524528503,0.3346852958202362,268.58917236328125,0.41296082735061646,-0.9814063724544313,0.9814063724544313,-0.029703396522032032
laenge_mitloss,organic_30,kraft,18.0,0.9523236621775986,0.20188628137111664,8.393115997314453,220.7384490966797,0.20305967330932617,-0.5337157779269748,0.5337157779269748,0.005278556429071269
laenge_mitloss,organic_30,kond+kraft,18.0,0.9475009901192772,0.2648646831512451,8.471437454223633,217.38427734375,0.26734891533851624,-0.5293645858764648,0.5293645858764648,0.005822358648551153
laenge_mitloss,cjk_0,frei,nan,0.9031044483755504,0.48546040058135986,0.37748876214027405,273.4707946777344,0.4855026304721832,nan,nan,nan
laenge_mitloss,cjk_0,kond,4.0,0.8977722001060051,0.4875396490097046,0.3467021882534027,267.3984069824219,0.4875779151916504,-0.9133244529366493,0.9133244529366493,-0.1732004441007042
laenge_mitloss,cjk_0,kraft,4.0,0.8803882850015067,0.32039910554885864,3.999971866607666,256.30810546875,0.32608580589294434,-7.033348083496094e-06,7.033348083496094e-06,0.006270881800947314
laenge_mitloss,cjk_0,kond+kraft,4.0,0.8696804989858141,0.3087114095687866,3.999973773956299,249.73931884765625,0.3122153878211975,-6.556510925292969e-06,6.556510925292969e-06,0.00922680129267951
laenge_mitloss,cjk_0,kond,6.0,0.8980339624716711,0.48787134885787964,0.34744712710380554,267.7038879394531,0.4879094958305359,-0.942092145482699,0.942092145482699,-0.16878195536707763
laenge_mitloss,cjk_0,kraft,6.0,0.8574104881661176,0.2620260715484619,5.984707832336426,240.7056427001953,0.27955496311187744,-0.002548694610595703,0.002548694610595703,0.008149130547138452
laenge_mitloss,cjk_0,kond+kraft,6.0,0.8518345037588899,0.2466546595096588,5.9886155128479,236.29383850097656,0.2536261975765228,-0.001897414525349972,0.001897414525349972,0.009137192384790584
laenge_mitloss,cjk_0,kond,8.0,0.8981073478502062,0.4879409372806549,0.3482969105243683,267.8156433105469,0.48797929286956787,-0.956462886184454,0.956462886184454,-0.17118134851786584
laenge_mitloss,cjk_0,kraft,8.0,0.8318080376850294,0.2378598004579544,7.612751007080078,227.82176208496094,0.2628350257873535,-0.048406124114990234,0.048406124114990234,0.009854018869928899
laenge_mitloss,cjk_0,kond+kraft,8.0,0.8407733354132578,0.2595101594924927,7.734442710876465,225.85853576660156,0.29490363597869873,-0.033194661140441895,0.033194661140441895,0.008472407656296402
laenge_mitloss,cjk_0,kond,11.0,0.8980025364510347,0.4876009225845337,0.34867599606513977,267.6910400390625,0.4876396059989929,-0.9683021821758964,0.9683021821758964,-0.17707122985733414
laenge_mitloss,cjk_0,kraft,11.0,0.8110711709722712,0.24170491099357605,8.9137544631958,221.3473663330078,0.270036906003952,-0.18965868516401807,0.18965868516401807,0.010781444794050759
laenge_mitloss,cjk_0,kond+kraft,11.0,0.8225121619382594,0.26178306341171265,9.184191703796387,218.3085479736328,0.30009377002716064,-0.16507348147305578,0.16507348147305578,0.009151243884483233
laenge_mitloss,cjk_0,kond,14.0,0.8979624646706651,0.48734116554260254,0.3484202027320862,267.5909423828125,0.48738014698028564,-0.9751128426619938,0.9751128426619938,-0.17689159041837185
laenge_mitloss,cjk_0,kraft,14.0,0.8109149085329224,0.2436176836490631,9.066570281982422,220.42295837402344,0.27335095405578613,-0.35238783700125553,0.35238783700125553,0.010609814125014999
laenge_mitloss,cjk_0,kond+kraft,14.0,0.8148323507587538,0.26515600085258484,9.298331260681152,217.3687286376953,0.3004823625087738,-0.33583348137991764,0.33583348137991764,0.009895040477537254
laenge_mitloss,cjk_0,kond,18.0,0.8980027319060219,0.4872913360595703,0.34807074069976807,267.5960998535156,0.4873307943344116,-0.9806627366277907,0.9806627366277907,-0.17342146819241552
laenge_mitloss,cjk_0,kraft,18.0,0.8237339544459239,0.24445673823356628,8.437204360961914,224.73939514160156,0.2736034095287323,-0.5312664243910048,0.5312664243910048,0.009847803307256988
laenge_mitloss,cjk_0,kond+kraft,18.0,0.8156700439927487,0.26524460315704346,8.49575424194336,220.47315979003906,0.30002033710479736,-0.528013653225369,0.528013653225369,0.010770084397994149
laenge_mitloss,cjk_10,frei,nan,0.8665016664521971,0.4905901551246643,0.3620949685573578,265.2905578613281,0.4905959963798523,nan,nan,nan
laenge_mitloss,cjk_10,kond,4.0,0.8529294927511468,0.49297600984573364,0.334339439868927,258.04815673828125,0.49298030138015747,-0.9164151400327682,0.9164151400327682,-0.48898991813142684
laenge_mitloss,cjk_10,kraft,4.0,0.8406731743890051,0.3607743978500366,3.9999747276306152,247.54579162597656,0.3686510920524597,-6.318092346191406e-06,6.318092346191406e-06,0.007099875139845658
laenge_mitloss,cjk_10,kond+kraft,4.0,0.8240096396607615,0.34037238359451294,3.9999709129333496,240.4552459716797,0.341443806886673,-7.271766662597656e-06,7.271766662597656e-06,0.011680449647307667
laenge_mitloss,cjk_10,kond,6.0,0.8537199618833323,0.4933236837387085,0.3349892497062683,258.4141540527344,0.4933278560638428,-0.9441684583822886,0.9441684583822886,-0.4715501049458791
laenge_mitloss,cjk_10,kraft,6.0,0.811942479556842,0.2816142439842224,5.985401630401611,232.2732696533203,0.2904520034790039,-0.0024330615997314453,0.0024330615997314453,0.009702331773146005
laenge_mitloss,cjk_10,kond+kraft,6.0,0.7985636909429837,0.2570827603340149,5.989194393157959,226.59165954589844,0.2603868842124939,-0.0018009344736734656,0.0018009344736734656,0.012073356161471309
laenge_mitloss,cjk_10,kond,8.0,0.854085305983855,0.4933638572692871,0.3357555866241455,258.5614318847656,0.4933679699897766,-0.9580305516719818,0.9580305516719818,-0.4713990821738231
laenge_mitloss,cjk_10,kraft,8.0,0.7742600972209167,0.23711758852005005,7.664532661437988,219.36326599121094,0.2527480125427246,-0.041933417320251465,0.041933417320251465,0.01263161332019436
laenge_mitloss,cjk_10,kond+kraft,8.0,0.7789234486850549,0.2596229314804077,7.745883464813232,216.7012481689453,0.2882159948348999,-0.03176456689834595,0.03176456689834595,0.01186087843815553
laenge_mitloss,cjk_10,kond,11.0,0.8537196998450932,0.4929778575897217,0.3361203670501709,258.4173889160156,0.4929821491241455,-0.969443602995439,0.969443602995439,-0.49209481052354986
laenge_mitloss,cjk_10,kraft,11.0,0.7381145636536226,0.23481139540672302,8.89657211303711,211.84971618652344,0.25585484504699707,-0.19122071699662646,0.19122071699662646,0.015043347193403344
laenge_mitloss,cjk_10,kond+kraft,11.0,0.7615126607553222,0.2585439682006836,9.155556678771973,208.08554077148438,0.2849598824977875,-0.16767666556618432,0.16767666556618432,0.011939439683340871
laenge_mitloss,cjk_10,kond,14.0,0.8532328520649424,0.49270206689834595,0.3359088897705078,258.272216796875,0.49270665645599365,-0.9760065078735352,0.9760065078735352,-0.506712535895904
laenge_mitloss,cjk_10,kraft,14.0,0.7386351541056019,0.23915748298168182,9.016069412231445,211.8710174560547,0.26116299629211426,-0.3559950419834682,0.3559950419834682,0.014775466830741971
laenge_mitloss,cjk_10,kond+kraft,14.0,0.7461345724664952,0.26348575949668884,9.263599395751953,206.9691162109375,0.28630101680755615,-0.33831432887486046,0.33831432887486046,0.013522106849486439
laenge_mitloss,cjk_10,kond,18.0,0.8530762033275577,0.4926641583442688,0.33557599782943726,258.2511291503906,0.4926687479019165,-0.9813568890094757,0.9813568890094757,-0.5062588311734252
laenge_mitloss,cjk_10,kraft,18.0,0.7519689089828199,0.24402260780334473,8.500511169433594,215.48736572265625,0.26660990715026855,-0.5277493794759114,0.5277493794759114,0.01407310152767142
laenge_mitloss,cjk_10,kond+kraft,18.0,0.7449117023836742,0.26583331823349,8.54275131225586,210.56617736816406,0.28829923272132874,-0.5254027048746746,0.5254027048746746,0.014863106205675379
laenge_mitloss,cjk_20,frei,nan,0.8002041649639957,0.47364312410354614,0.3408210277557373,260.0402526855469,0.4736977219581604,nan,nan,nan
laenge_mitloss,cjk_20,kond,4.0,0.7981815141434159,0.47447407245635986,0.312582790851593,254.33921813964844,0.47453463077545166,-0.9218543022871017,0.9218543022871017,-0.07162808455236784
laenge_mitloss,cjk_20,kraft,4.0,0.7949211735762608,0.31640157103538513,3.999974250793457,238.02737426757812,0.32540279626846313,-6.4373016357421875e-06,6.4373016357421875e-06,0.0014437743012436994
laenge_mitloss,cjk_20,kond+kraft,4.0,0.7925610251926761,0.2927555441856384,3.9999749660491943,234.22280883789062,0.2954487204551697,-6.258487701416016e-06,6.258487701416016e-06,0.0020887724048265005
laenge_mitloss,cjk_20,kond,6.0,0.7982903879470475,0.47489312291145325,0.31314465403556824,254.63388061523438,0.47495362162590027,-0.9478092243274053,0.9478092243274053,-0.0691484020377103
laenge_mitloss,cjk_20,kraft,6.0,0.7869906345992478,0.24148061871528625,5.9833598136901855,226.3213653564453,0.2529697120189667,-0.0027733643849691125,0.0027733643849691125,0.002341770409746446
laenge_mitloss,cjk_20,kond+kraft,6.0,0.7851387134503769,0.2167825698852539,5.9891533851623535,223.4820556640625,0.22233664989471436,-0.0018077691396077844,0.0018077691396077844,0.0026672388521655614
laenge_mitloss,cjk_20,kond,8.0,0.7983446419141254,0.4750487804412842,0.31383830308914185,254.71951293945312,0.47511059045791626,-0.9607702121138573,0.9607702121138573,-0.06891531796166027
laenge_mitloss,cjk_20,kraft,8.0,0.790720411738784,0.23578302562236786,7.683348178863525,217.04881286621094,0.2495603710412979,-0.039581477642059326,0.039581477642059326,0.0012916197693298042
laenge_mitloss,cjk_20,kond+kraft,8.0,0.7956811540219269,0.27248281240463257,7.7483086585998535,214.4828643798828,0.2969588339328766,-0.03146141767501831,0.03146141767501831,0.0006105998642826547
laenge_mitloss,cjk_20,kond,11.0,0.7982852914564842,0.47471269965171814,0.31420308351516724,254.57858276367188,0.4747745096683502,-0.971436083316803,0.971436083316803,-0.07208947055298304
laenge_mitloss,cjk_20,kraft,11.0,0.7873504593284854,0.25645220279693604,8.893814086914062,208.72711181640625,0.27486443519592285,-0.19147144664417615,0.19147144664417615,0.001502831295033841
laenge_mitloss,cjk_20,kond+kraft,11.0,0.7935097349235982,0.29469984769821167,9.13536262512207,206.14930725097656,0.31832754611968994,-0.16951248862526636,0.16951248862526636,0.0007612028399981924
laenge_mitloss,cjk_20,kond,14.0,0.7981984714331063,0.47440600395202637,0.31402382254600525,254.47373962402344,0.47446656227111816,-0.9775697269609996,0.9775697269609996,-0.07484711615228451
laenge_mitloss,cjk_20,kraft,14.0,0.787111970301414,0.2632981538772583,9.003135681152344,208.37228393554688,0.2825024724006653,-0.3569188799176898,0.3569188799176898,0.001511396801713742
laenge_mitloss,cjk_20,kond+kraft,14.0,0.7889113136020123,0.2991745173931122,9.288616180419922,205.3023223876953,0.32029861211776733,-0.33652741568429134,0.33652741568429134,0.0012620820178947678
laenge_mitloss,cjk_20,kond,18.0,0.798164122941087,0.4743342697620392,0.31370675563812256,254.4761962890625,0.47439563274383545,-0.9825718469089932,0.9825718469089932,-0.07523867924831514
laenge_mitloss,cjk_20,kraft,18.0,0.7914231161324851,0.2659107446670532,8.524930953979492,212.1199951171875,0.2853124141693115,-0.5263927247789171,0.5263927247789171,0.0010729387692330681
laenge_mitloss,cjk_20,kond+kraft,18.0,0.7906568301721073,0.2978634834289551,8.450899124145508,208.34042358398438,0.31904366612434387,-0.5305056042141385,0.5305056042141385,0.0011772186011548317
startpunkt,A,frei,nan,0.08633840487263338,0.03555337339639664,3.5699446201324463,3.4845199584960938,0.03820852190256119,nan,nan,nan
startpunkt,A,kraft,4.0,0.08958482867844832,0.034249767661094666,3.9413766860961914,3.4597465991973877,0.0373900830745697,-0.014655828475952148,0.014655828475952148,-0.008740289553061418
startpunkt,A,kraft,6.0,0.13443165062042478,0.03470982611179352,5.069097518920898,4.176209926605225,0.03873196989297867,-0.1551504135131836,0.1551504135131836,-0.03208028066160443
startpunkt,A,kraft,8.0,0.1462974885484653,0.03488130122423172,5.513020992279053,4.456038951873779,0.03941057622432709,-0.3108723759651184,0.3108723759651184,-0.030857811116087194
startpunkt,A,kraft,11.0,0.14621655377110754,0.03465759754180908,5.540981292724609,4.453617572784424,0.039379678666591644,-0.49627442793412646,0.49627442793412646,-0.030379013100617153
startpunkt,A,kraft,14.0,0.14091560989202945,0.03482519090175629,5.3709306716918945,4.347250938415527,0.03900611028075218,-0.6163620948791504,0.6163620948791504,-0.030304068691780508
startpunkt,A,kraft,18.0,0.13290300612713352,0.034692686051130295,5.118753433227539,4.180338382720947,0.038504138588905334,-0.7156248092651367,0.7156248092651367,-0.030064783245549107
startpunkt,greek_upper_0,frei,nan,0.08633840487263338,0.03555337339639664,3.5699446201324463,3.4845199584960938,0.03820852190256119,nan,nan,nan
startpunkt,greek_upper_0,kraft,4.0,0.08958482867844832,0.034249767661094666,3.9413766860961914,3.4597465991973877,0.0373900830745697,-0.014655828475952148,0.014655828475952148,-0.008740289553061418
startpunkt,greek_upper_0,kraft,6.0,0.13443165062042478,0.03470982611179352,5.069097518920898,4.176209926605225,0.03873196989297867,-0.1551504135131836,0.1551504135131836,-0.03208028066160443
startpunkt,greek_upper_0,kraft,8.0,0.1462974885484653,0.03488130122423172,5.513020992279053,4.456038951873779,0.03941057622432709,-0.3108723759651184,0.3108723759651184,-0.030857811116087194
startpunkt,greek_upper_0,kraft,11.0,0.14621655377110754,0.03465759754180908,5.540981292724609,4.453617572784424,0.039379678666591644,-0.49627442793412646,0.49627442793412646,-0.030379013100617153
startpunkt,greek_upper_0,kraft,14.0,0.14091560989202945,0.03482519090175629,5.3709306716918945,4.347250938415527,0.03900611028075218,-0.6163620948791504,0.6163620948791504,-0.030304068691780508
startpunkt,greek_upper_0,kraft,18.0,0.13290300612713352,0.034692686051130295,5.118753433227539,4.180338382720947,0.038504138588905334,-0.7156248092651367,0.7156248092651367,-0.030064783245549107
startpunkt,korean_5,frei,nan,0.2718526656954379,0.049445658922195435,3.9734647274017334,11.015664100646973,0.0523366704583168,nan,nan,nan
startpunkt,korean_5,kraft,4.0,0.2710808448972346,0.04823964089155197,3.991154432296753,10.76483154296875,0.05127463489770889,-0.0022113919258117676,0.0022113919258117676,0.04363107258056174
startpunkt,korean_5,kraft,6.0,0.2918864150919603,0.045964695513248444,5.225982189178467,12.127636909484863,0.05134299397468567,-0.1290029684702555,0.1290029684702555,-0.015994786506292605
startpunkt,korean_5,kraft,8.0,0.30528787389518686,0.04695950448513031,5.670871734619141,12.6842041015625,0.05223992466926575,-0.2911410331726074,0.2911410331726074,-0.01969781440608044
startpunkt,korean_5,kraft,11.0,0.3076320744219011,0.04715338349342346,5.742128372192383,12.785989761352539,0.05253860726952553,-0.4779883298006925,0.4779883298006925,-0.020229628641854208
startpunkt,korean_5,kraft,14.0,0.3038447966818495,0.047008857131004333,5.613466739654541,12.631717681884766,0.05233316868543625,-0.5990380900246757,0.5990380900246757,-0.01950737300771065
startpunkt,korean_5,kraft,18.0,0.29769199853968437,0.046670518815517426,5.405039310455322,12.389779090881348,0.05206206440925598,-0.6997200383080376,0.6997200383080376,-0.01804958899810195
startpunkt,digit_5,frei,nan,0.158868803263818,0.03757762536406517,3.7038345336914062,4.63574743270874,0.04070551320910454,nan,nan,nan
startpunkt,digit_5,kraft,4.0,0.15140234665873958,0.03458793833851814,3.9488189220428467,4.280510902404785,0.037912361323833466,-0.01279526948928833,0.01279526948928833,0.03047727512484374
startpunkt,digit_5,kraft,6.0,0.17307690799982617,0.03348175436258316,5.175548076629639,3.650503396987915,0.038171350955963135,-0.13740865389506018,0.13740865389506018,-0.009654123796158124
startpunkt,digit_5,kraft,8.0,0.18744592406946542,0.0339389406144619,5.597884654998779,3.592048168182373,0.03889526426792145,-0.3002644181251526,0.3002644181251526,-0.01508783768928036
startpunkt,digit_5,kraft,11.0,0.18910286770324858,0.033994410187006,5.6392059326171875,3.5888493061065674,0.038967717438936234,-0.48734491521661927,0.48734491521661927,-0.015621841087561723
startpunkt,digit_5,kraft,14.0,0.183767857000428,0.033754948526620865,5.486870765686035,3.6055169105529785,0.03861783444881439,-0.6080806595938546,0.6080806595938546,-0.013964412662975547
startpunkt,digit_5,kraft,18.0,0.17614472550885565,0.033464215695858,5.254735946655273,3.6498570442199707,0.03808623552322388,-0.7080702251858182,0.7080702251858182,-0.011139278164704431
startpunkt,a_lc,frei,nan,0.1050818240277069,0.034920237958431244,2.9050869941711426,3.4788284301757812,0.0372486412525177,nan,nan,nan
startpunkt,a_lc,kraft,4.0,0.14878235277276244,0.03300585225224495,3.839675188064575,4.170778751373291,0.03666674718260765,-0.0400812029838562,0.0400812029838562,-0.04675912774267139
startpunkt,a_lc,kraft,6.0,0.20525656328386405,0.034614283591508865,4.724178791046143,5.514373779296875,0.0388568714261055,-0.2126368681589762,0.2126368681589762,-0.05506854542923362
startpunkt,a_lc,kraft,8.0,0.21787179663401346,0.03525269404053688,4.9139604568481445,5.856247901916504,0.039216138422489166,-0.38575494289398193,0.38575494289398193,-0.05614588210847483
startpunkt,a_lc,kraft,11.0,0.2091359456815805,0.03475699573755264,4.786257266998291,5.611214637756348,0.03878592699766159,-0.5648857030001553,0.5648857030001553,-0.055313505192432215
startpunkt,a_lc,kraft,14.0,0.1944529566635448,0.034234486520290375,4.568151950836182,5.217726230621338,0.03823275864124298,-0.6737034320831299,0.6737034320831299,-0.05373881054835931
startpunkt,a_lc,kraft,18.0,0.17716984147286538,0.033899299800395966,4.308294773101807,4.789475440979004,0.0377168282866478,-0.760650290383233,0.760650290383233,-0.05137372991196946
startpunkt,rand_gmm_10,frei,nan,0.11579395676534315,0.06326887011528015,4.9147844314575195,6.679442405700684,0.0658150315284729,nan,nan,nan
startpunkt,rand_gmm_10,kraft,4.0,0.11317848923170694,0.06861136108636856,4.120540618896484,6.608345031738281,0.07060705125331879,0.030135154724121094,0.030135154724121094,-0.0032930285288627595
startpunkt,rand_gmm_10,kraft,6.0,0.11457058450478926,0.0593944750726223,5.62307071685791,6.963453769683838,0.06252466142177582,-0.06282154719034827,0.06282154719034827,0.0017272285031783895
startpunkt,rand_gmm_10,kraft,8.0,0.12160532842742929,0.05930507183074951,6.321486473083496,7.5868072509765625,0.06382835656404495,-0.209814190864563,0.209814190864563,-0.004131202976977905
startpunkt,rand_gmm_10,kraft,11.0,0.12471549578988408,0.058887358754873276,6.600358486175537,7.865517616271973,0.06415040791034698,-0.39996741034767846,0.39996741034767846,-0.0052928787077429415
startpunkt,rand_gmm_10,kraft,14.0,0.12472141798725087,0.05905374884605408,6.5627946853637695,7.820496559143066,0.06424841284751892,-0.5312289510454451,0.5312289510454451,-0.00541711509424599
startpunkt,rand_gmm_10,kraft,18.0,0.1233994557860759,0.059474412351846695,6.402732849121094,7.655887126922607,0.06427741795778275,-0.6442926194932725,0.6442926194932725,-0.005111399649643202
startpunkt,rand_gmm_20,frei,nan,0.1037358674739749,0.05626049265265465,5.8463850021362305,2.2637882232666016,0.06039382517337799,nan,nan,nan
startpunkt,rand_gmm_20,kraft,4.0,0.12429405161818086,0.06751472502946854,4.364071846008301,3.3560290336608887,0.07000564783811569,0.0910179615020752,0.0910179615020752,0.013868988519205792
startpunkt,rand_gmm_20,kraft,6.0,0.10213679198511535,0.0556652694940567,5.945400714874268,2.225156307220459,0.06004631891846657,-0.0090998808542887,0.0090998808542887,0.016149714470976614
startpunkt,rand_gmm_20,kraft,8.0,0.0989481600713344,0.05234880745410919,6.847078800201416,2.571760654449463,0.05830509215593338,-0.144115149974823,0.144115149974823,0.004784388003500567
startpunkt,rand_gmm_20,kraft,11.0,0.10016259767285678,0.051696885377168655,7.306891441345215,2.9602651596069336,0.05832049623131752,-0.33573714169588953,0.33573714169588953,0.002446596403267771
startpunkt,rand_gmm_20,kraft,14.0,0.10040489672340883,0.05166824534535408,7.363556861877441,3.018324375152588,0.05836532264947891,-0.47403165272303993,0.47403165272303993,0.0021955131379343172
startpunkt,rand_gmm_20,kraft,18.0,0.10000459321504952,0.05170873552560806,7.26767635345459,2.924008846282959,0.058263808488845825,-0.5962402025858562,0.5962402025858562,0.0026252705016915246
startpunkt,rand_ana_poly_10,frei,nan,0.2464785596262031,0.04082302749156952,2.8750734329223633,2.7061471939086914,0.04329848289489746,nan,nan,nan
startpunkt,rand_ana_poly_10,kraft,4.0,0.270636956257944,0.034337978810071945,3.871753692626953,3.6232380867004395,0.0376947745680809,-0.03206157684326172,0.03206157684326172,-0.024238863363162513
startpunkt,rand_ana_poly_10,kraft,6.0,0.3003975846056818,0.03178108111023903,4.8476643562316895,5.157718658447266,0.035795606672763824,-0.19205594062805176,0.19205594062805176,-0.02733411390184295
startpunkt,rand_ana_poly_10,kraft,8.0,0.30976468584064726,0.03187410533428192,5.086191177368164,5.661097049713135,0.036134250462055206,-0.3642261028289795,0.3642261028289795,-0.028621780261777204
startpunkt,rand_ana_poly_10,kraft,11.0,0.306623076539066,0.03195782005786896,4.969131946563721,5.480905055999756,0.036134712398052216,-0.5482607321305708,0.5482607321305708,-0.02872150731274344
startpunkt,rand_ana_poly_10,kraft,14.0,0.29938324584207066,0.03221313655376434,4.737198829650879,5.090838432312012,0.03626064211130142,-0.6616286550249373,0.6616286550249373,-0.028410914919485775
startpunkt,rand_ana_poly_10,kraft,18.0,0.2906515485381073,0.03281550109386444,4.453011512756348,4.636163711547852,0.036687515676021576,-0.7526104715135362,0.7526104715135362,-0.02799412060361182
startpunkt,rand_ana_poly_20,frei,nan,0.1586061376114383,0.030408278107643127,3.0888619422912598,1.8527430295944214,0.03238244354724884,nan,nan,nan
startpunkt,rand_ana_poly_20,kraft,4.0,0.18443544307621396,0.026587706059217453,3.9011902809143066,2.435328960418701,0.030855845659971237,-0.02470242977142334,0.02470242977142334,-0.03179663226886573
startpunkt,rand_ana_poly_20,kraft,6.0,0.23475720442419903,0.026469755917787552,4.95573616027832,3.8222830295562744,0.029646899551153183,-0.17404397328694665,0.17404397328694665,-0.04079067892151294
startpunkt,rand_ana_poly_20,kraft,8.0,0.25010934423177716,0.026546213775873184,5.250247955322266,4.296361446380615,0.02974766120314598,-0.3437190055847168,0.3437190055847168,-0.04233543016780234
startpunkt,rand_ana_poly_20,kraft,11.0,0.24616932040580236,0.02650401182472706,5.172891616821289,4.162105083465576,0.02969435043632984,-0.5297371257435192,0.5297371257435192,-0.042016284059923706
startpunkt,rand_ana_poly_20,kraft,14.0,0.2348818181867777,0.02640804462134838,4.955594062805176,3.804171562194824,0.029600869864225388,-0.646028995513916,0.646028995513916,-0.04086053897992633
startpunkt,rand_ana_poly_20,kraft,18.0,0.22044817227078545,0.02603476494550705,4.677619934082031,3.374258279800415,0.02977033145725727,-0.7401322258843316,0.7401322258843316,-0.03892476700598169
startpunkt,rand_ana_poly_30,frei,nan,0.17746732234500565,0.028032129630446434,3.421745777130127,2.4685683250427246,0.03040754608809948,nan,nan,nan
startpunkt,rand_ana_poly_30,kraft,4.0,0.18392755114965842,0.024552179500460625,3.920910358428955,2.428553581237793,0.027932491153478622,-0.01977241039276123,0.01977241039276123,-0.012942081723513382
startpunkt,rand_ana_poly_30,kraft,6.0,0.21550677517809813,0.024416934698820114,5.007540702819824,3.116088628768921,0.027764659374952316,-0.16540988286336267,0.16540988286336267,-0.023987624261408384
startpunkt,rand_ana_poly_30,kraft,8.0,0.22733771959414742,0.025050651282072067,5.3316240310668945,3.4187874794006348,0.02858836203813553,-0.3335469961166382,0.3335469961166382,-0.02611182003164108
startpunkt,rand_ana_poly_30,kraft,11.0,0.226497681219656,0.024995800107717514,5.300479412078857,3.395411729812622,0.028566624969244003,-0.5181382352655584,0.5181382352655584,-0.026097557398544344
startpunkt,rand_ana_poly_30,kraft,14.0,0.22023860726261008,0.024736780673265457,5.12181282043457,3.227994441986084,0.028056971728801727,-0.6341562271118164,0.6341562271118164,-0.025158587178108753
startpunkt,rand_ana_poly_30,kraft,18.0,0.2120797436014898,0.02427079528570175,4.881021499633789,3.0227103233337402,0.027586709707975388,-0.7288321389092339,0.7288321389092339,-0.023718904332280688
startpunkt,rand_gmm_complex_0,frei,nan,0.15470296017373353,0.07361890375614166,5.602386474609375,2.738436460494995,0.07714252173900604,nan,nan,nan
startpunkt,rand_gmm_complex_0,kraft,4.0,0.15282047221059697,0.0722520723938942,4.236807823181152,3.4442625045776367,0.07491012662649155,0.059201955795288086,0.059201955795288086,-0.0013785276748195458
startpunkt,rand_gmm_complex_0,kraft,6.0,0.15387913776552403,0.07369302958250046,5.863207817077637,2.724693775177002,0.07721534371376038,-0.022798697153727177,0.022798697153727177,0.0031585697719876717
startpunkt,rand_gmm_complex_0,kraft,8.0,0.15862561073420633,0.07587765157222748,6.73137903213501,2.666106700897217,0.07991598546504974,-0.15857762098312378,0.15857762098312378,-0.003474469813219951
startpunkt,rand_gmm_complex_0,kraft,11.0,0.16145206369329967,0.07694679498672485,7.160019874572754,2.720247268676758,0.08129918575286865,-0.34908910231156787,0.34908910231156787,-0.004332921674461284
startpunkt,rand_gmm_complex_0,kraft,14.0,0.16169307447134093,0.07700452953577042,7.19721794128418,2.7276082038879395,0.08139269053936005,-0.4859130041939872,0.4859130041939872,-0.004382979922124102
startpunkt,rand_gmm_complex_0,kraft,18.0,0.16101149504974235,0.07674555480480194,7.08448600769043,2.7036044597625732,0.08108523488044739,-0.6064174440171983,0.6064174440171983,-0.004256485300210818
startpunkt,rand_gmm_complex_10,frei,nan,0.1557180887160438,0.07362058758735657,4.767350673675537,2.5769381523132324,0.07556061446666718,nan,nan,nan
startpunkt,rand_gmm_complex_10,kraft,4.0,0.1618138890529049,0.07829803228378296,4.100384712219238,3.0850331783294678,0.07982899248600006,0.02509617805480957,0.02509617805480957,0.009139597354490317
startpunkt,rand_gmm_complex_10,kraft,6.0,0.1548042533689395,0.06910936534404755,5.532001495361328,2.432375431060791,0.07121027261018753,-0.07799975077311194,0.07799975077311194,0.0011951015040951997
startpunkt,rand_gmm_complex_10,kraft,8.0,0.1551528784519051,0.06930860877037048,6.165426254272461,2.4160773754119873,0.07203063368797302,-0.22932171821594238,0.22932171821594238,0.0004042773309132533
startpunkt,rand_gmm_complex_10,kraft,11.0,0.15546244989754918,0.06943266838788986,6.401570796966553,2.4004111289978027,0.07260701060295105,-0.41803901845758606,0.41803901845758606,0.00015642863213544733
startpunkt,rand_gmm_complex_10,kraft,14.0,0.15503522996250563,0.06935133039951324,6.349408149719238,2.392590045928955,0.07240161299705505,-0.5464708464486259,0.5464708464486259,0.00043162701980071556
startpunkt,rand_gmm_complex_10,kraft,18.0,0.15420554703701794,0.06912726163864136,6.185456275939941,2.381844997406006,0.07186822593212128,-0.6563635402255588,0.6563635402255588,0.0010665931201531617
startpunkt,rand_gmm_complex_20,frei,nan,0.06855083403929002,0.04611022770404816,6.188065528869629,3.652853488922119,0.052286554127931595,nan,nan,nan
startpunkt,rand_gmm_complex_20,kraft,4.0,0.1081084327172894,0.06497716903686523,4.368149757385254,4.671383380889893,0.06772460788488388,0.09203743934631348,0.09203743934631348,0.0217359502553984
startpunkt,rand_gmm_complex_20,kraft,6.0,0.06842100748170221,0.04659368842840195,6.062776565551758,3.5109951496124268,0.05246283859014511,0.010462760925292969,0.010462760925292969,-0.0010362170310119446
startpunkt,rand_gmm_complex_20,kraft,8.0,0.07138075402658291,0.04391264170408249,7.056751251220703,4.1216254234313965,0.05078420042991638,-0.11790609359741211,0.11790609359741211,-0.0032577028889502007
startpunkt,rand_gmm_complex_20,kraft,11.0,0.07634921054769779,0.044341035187244415,7.600140571594238,4.576109886169434,0.05176055431365967,-0.3090781298550692,0.3090781298550692,-0.005522636030278351
startpunkt,rand_gmm_complex_20,kraft,14.0,0.07732014810710283,0.04448896273970604,7.696630001068115,4.665472984313965,0.05208159238100052,-0.45024071420942036,0.45024071420942036,-0.005813019084980152
startpunkt,rand_gmm_complex_20,kraft,18.0,0.0765709281561737,0.044370029121637344,7.6241655349731445,4.594302654266357,0.05183161795139313,-0.5764352480570476,0.5764352480570476,-0.0055846348323917334
startpunkt,rand_gmm_complex_30,frei,nan,0.09259045321474929,0.05736084282398224,5.492702007293701,1.4664678573608398,0.06128028780221939,nan,nan,nan
startpunkt,rand_gmm_complex_30,kraft,4.0,0.10157676759048766,0.06461664289236069,4.27235221862793,1.6244330406188965,0.06701663136482239,0.06808805465698242,0.06808805465698242,0.007363720188425035
startpunkt,rand_gmm_complex_30,kraft,6.0,0.08919684063590537,0.05513123422861099,5.813785552978516,1.552891731262207,0.05953004211187363,-0.031035741170247433,0.031035741170247433,0.01056925097673861
startpunkt,rand_gmm_complex_30,kraft,8.0,0.08684524097922838,0.052933793514966965,6.570853233337402,1.9301468133926392,0.05846244841814041,-0.1786433458328247,0.1786433458328247,0.005328762882924213
startpunkt,rand_gmm_complex_30,kraft,11.0,0.08959855760463943,0.053162477910518646,6.911656856536865,2.1601948738098145,0.05902720242738724,-0.37166755849664856,0.37166755849664856,0.0021085206563871035
startpunkt,rand_gmm_complex_30,kraft,14.0,0.08990543078160901,0.05320040136575699,6.9218902587890625,2.1663827896118164,0.059095703065395355,-0.5055792672293526,0.5055792672293526,0.0018787045235859872
startpunkt,rand_gmm_complex_30,kraft,18.0,0.0891144227126727,0.05313098430633545,6.808086395263672,2.0829238891601562,0.058931827545166016,-0.6217729780409071,0.6217729780409071,0.002642596745002533
startpunkt,rand_ana_poly_complex_0,frei,nan,0.16583704858652376,0.04014110192656517,3.1309022903442383,2.530142068862915,0.04269709065556526,nan,nan,nan
startpunkt,rand_ana_poly_complex_0,kraft,4.0,0.20225038778712623,0.03786759078502655,3.8700294494628906,3.2321224212646484,0.042308010160923004,-0.032492637634277344,0.032492637634277344,-0.049265324310396534
startpunkt,rand_ana_poly_complex_0,kraft,6.0,0.2534752847222297,0.04075142741203308,4.906612396240234,4.522124767303467,0.04586067795753479,-0.1822312672932943,0.1822312672932943,-0.04935390965265978
startpunkt,rand_ana_poly_complex_0,kraft,8.0,0.26969676309512564,0.041897766292095184,5.189129829406738,4.981100082397461,0.04671671986579895,-0.3513587713241577,0.3513587713241577,-0.050460754478053885
startpunkt,rand_ana_poly_complex_0,kraft,11.0,0.265017785405343,0.04159621521830559,5.120034694671631,4.849826335906982,0.046472519636154175,-0.5345423004843972,0.5345423004843972,-0.04986130465877977
startpunkt,rand_ana_poly_complex_0,kraft,14.0,0.2527184296015137,0.04080510139465332,4.917973518371582,4.50338077545166,0.04589875787496567,-0.6487161772591727,0.6487161772591727,-0.04861663018932594
startpunkt,rand_ana_poly_complex_0,kraft,18.0,0.23737778378581653,0.039712630212306976,4.657782077789307,4.083935737609863,0.045286379754543304,-0.7412343290117052,0.7412343290117052,-0.046854202791564915
startpunkt,rand_ana_poly_complex_10,frei,nan,0.0995157283332129,0.041553035378456116,3.9712414741516113,1.875388503074646,0.04397768899798393,nan,nan,nan
startpunkt,rand_ana_poly_complex_10,kraft,4.0,0.10076246323564027,0.04079818353056908,3.9896106719970703,1.8506836891174316,0.04404338449239731,-0.002597332000732422,0.002597332000732422,-0.06787094966890846
startpunkt,rand_ana_poly_complex_10,kraft,6.0,0.1518262015062647,0.04067855700850487,5.193213939666748,2.91434645652771,0.047378599643707275,-0.13446434338887536,0.13446434338887536,-0.042808225757361644
startpunkt,rand_ana_poly_complex_10,kraft,8.0,0.17463860445534177,0.04135826602578163,5.625283241271973,3.490933656692505,0.04876907914876938,-0.2968395948410034,0.2968395948410034,-0.04541776248668473
startpunkt,rand_ana_poly_complex_10,kraft,11.0,0.17779879669971485,0.04149691015481949,5.695525169372559,3.593588352203369,0.048780910670757294,-0.48222498460249463,0.48222498460249463,-0.045400341361153375
startpunkt,rand_ana_poly_complex_10,kraft,14.0,0.17012604276378143,0.040857139974832535,5.571423530578613,3.404423236846924,0.04822627454996109,-0.602041176387242,0.602041176387242,-0.04412642558199419
startpunkt,rand_ana_poly_complex_10,kraft,18.0,0.15860240449581728,0.04039176180958748,5.369382858276367,3.1135571002960205,0.04751259833574295,-0.7017009523179796,0.7017009523179796,-0.042260873494988464
startpunkt,rand_ana_poly_complex_20,frei,nan,0.16685488181823752,0.028980812057852745,3.48829984664917,1.06523859500885,0.03188169002532959,nan,nan,nan
startpunkt,rand_ana_poly_complex_20,kraft,4.0,0.17361157630483315,0.027991730719804764,3.928501844406128,1.3151514530181885,0.03119717352092266,-0.017874538898468018,0.017874538898468018,-0.01534907728957219
startpunkt,rand_ana_poly_complex_20,kraft,6.0,0.19534021976225222,0.024258572608232498,5.093118667602539,2.2420907020568848,0.029654398560523987,-0.15114688873291016,0.15114688873291016,-0.017749877788130947
startpunkt,rand_ana_poly_complex_20,kraft,8.0,0.2038634737223669,0.022825118154287338,5.490872383117676,2.6391451358795166,0.028938304632902145,-0.3136409521102905,0.3136409521102905,-0.018480525039753743
startpunkt,rand_ana_poly_complex_20,kraft,11.0,0.20377045140318972,0.02272869274020195,5.503145217895508,2.6349267959594727,0.02888273075222969,-0.49971407110040833,0.49971407110040833,-0.018321787920686474
startpunkt,rand_ana_poly_complex_20,kraft,14.0,0.1995660251700665,0.02317839115858078,5.328533172607422,2.433804512023926,0.028957420960068703,-0.6193904876708984,0.6193904876708984,-0.017775541226434172
startpunkt,rand_ana_poly_complex_20,kraft,18.0,0.19377535422455916,0.02405567467212677,5.075835227966309,2.1603500843048096,0.029422767460346222,-0.7180091540018718,0.7180091540018718,-0.016957399956646257
startpunkt,rand_ana_poly_complex_30,frei,nan,0.2758238187273479,0.036273978650569916,3.017414093017578,4.686164855957031,0.03865238279104233,nan,nan,nan
startpunkt,rand_ana_poly_complex_30,kraft,4.0,0.28550780563576617,0.030815590173006058,3.886871576309204,5.207022666931152,0.035664692521095276,-0.028282105922698975,0.028282105922698975,-0.011137964874091655
startpunkt,rand_ana_poly_complex_30,kraft,6.0,0.30539896718465426,0.027912521734833717,4.8811750411987305,6.078039646148682,0.031868427991867065,-0.1864708264668783,0.1864708264668783,-0.015868531039975268
startpunkt,rand_ana_poly_complex_30,kraft,8.0,0.30972763576668666,0.027204545214772224,5.142698287963867,6.247491836547852,0.0312676727771759,-0.3571627140045166,0.3571627140045166,-0.015952603948196014
startpunkt,rand_ana_poly_complex_30,kraft,11.0,0.30777846098746914,0.027408409863710403,5.046324729919434,6.1725664138793945,0.03146032989025116,-0.5412432063709606,0.5412432063709606,-0.01574965485365878
startpunkt,rand_ana_poly_complex_30,kraft,14.0,0.30390929262516686,0.02801118791103363,4.825014114379883,6.016801834106445,0.03207619488239288,-0.6553561346871513,0.6553561346871513,-0.015537438352458213
startpunkt,rand_ana_poly_complex_30,kraft,18.0,0.2990497096016667,0.028706254437565804,4.549177169799805,5.804348945617676,0.03314392268657684,-0.747267935011122,0.747267935011122,-0.01516284811036797
startpunkt,organic_0,frei,nan,0.13369373956262148,0.03812049329280853,4.589631080627441,1.8314807415008545,0.04238434135913849,nan,nan,nan
startpunkt,organic_0,kraft,4.0,0.13449595222720698,0.04119504988193512,4.0840606689453125,1.7074403762817383,0.043968573212623596,0.021015167236328125,0.021015167236328125,0.0015867476538359519
startpunkt,organic_0,kraft,6.0,0.14988414517664428,0.03897273167967796,5.459172248840332,2.6281094551086426,0.04577641189098358,-0.09013795852661133,0.09013795852661133,-0.01861948140684109
startpunkt,organic_0,kraft,8.0,0.15945874292371734,0.03859013319015503,6.056767463684082,3.2486493587493896,0.04784185066819191,-0.24290406703948975,0.24290406703948975,-0.017561423504075944
startpunkt,organic_0,kraft,11.0,0.1622067606965521,0.03862431272864342,6.26127815246582,3.463319778442383,0.04766335338354111,-0.43079289523038,0.43079289523038,-0.01705684268783702
startpunkt,organic_0,kraft,14.0,0.16036955366881758,0.038492657244205475,6.193243026733398,3.375483512878418,0.04767521843314171,-0.5576254980904716,0.5576254980904716,-0.016634831245160554
startpunkt,organic_0,kraft,18.0,0.15672606643174072,0.03844954073429108,6.018265724182129,3.1684677600860596,0.047711748629808426,-0.665651904212104,0.665651904212104,-0.016121915405754736
startpunkt,organic_10,frei,nan,0.2270909365923497,0.04857086017727852,3.274097442626953,4.857409954071045,0.05119290202856064,nan,nan,nan
startpunkt,organic_10,kraft,4.0,0.2271743640263583,0.04463987052440643,3.90354061126709,4.607482433319092,0.04789108783006668,-0.02411484718322754,0.02411484718322754,-0.00013254164659351594
startpunkt,organic_10,kraft,6.0,0.24070396508615524,0.04276365786790848,4.958911895751953,4.741030216217041,0.04687659069895744,-0.17351468404134118,0.17351468404134118,-0.008079838387281197
startpunkt,organic_10,kraft,8.0,0.24294915020483396,0.042102210223674774,5.274240493774414,4.766230583190918,0.04640030860900879,-0.34071993827819824,0.34071993827819824,-0.007928539712890325
startpunkt,organic_10,kraft,11.0,0.24211641543180382,0.042147621512413025,5.227327823638916,4.761669158935547,0.046381186693906784,-0.5247883796691895,0.5247883796691895,-0.007692630109341976
startpunkt,organic_10,kraft,14.0,0.23994525558568006,0.04241403937339783,5.034026145935059,4.746664524078369,0.046632442623376846,-0.6404267038617815,0.6404267038617815,-0.007303886213781467
startpunkt,organic_10,kraft,18.0,0.23707342005258283,0.0429755374789238,4.778071880340576,4.732795715332031,0.04698464274406433,-0.7345515622033013,0.7345515622033013,-0.006637402345354185
startpunkt,organic_20,frei,nan,0.08307755901761164,0.03690072149038315,3.398284673690796,1.9410096406936646,0.03938712179660797,nan,nan,nan
startpunkt,organic_20,kraft,4.0,0.08960186026654479,0.035184092819690704,3.9185068607330322,1.8377925157546997,0.03820926696062088,-0.020373284816741943,0.020373284816741943,-0.012541374457763077
startpunkt,organic_20,kraft,6.0,0.11339342910153803,0.03197593241930008,5.067862510681152,2.2542243003845215,0.03586302325129509,-0.15535624821980798,0.15535624821980798,-0.018157805771173215
startpunkt,organic_20,kraft,8.0,0.1240059380047683,0.03149932622909546,5.4438347816467285,2.554971694946289,0.036037709563970566,-0.31952065229415894,0.31952065229415894,-0.020008494941272974
startpunkt,organic_20,kraft,11.0,0.1235210855654553,0.03148246183991432,5.438661098480225,2.539104700088501,0.03606691211462021,-0.505576263774525,0.505576263774525,-0.019821600591183812
startpunkt,organic_20,kraft,14.0,0.1175949587308526,0.031594179570674896,5.257216453552246,2.368809461593628,0.03605680540204048,-0.6244845390319824,0.6244845390319824,-0.018568405837794438
startpunkt,organic_20,kraft,18.0,0.11002467926257445,0.03198959678411484,5.0015788078308105,2.1638474464416504,0.036090247333049774,-0.7221345106760662,0.7221345106760662,-0.016807346619163475
startpunkt,organic_30,frei,nan,0.0856333147532554,0.025417733937501907,2.1003851890563965,0.9512829780578613,0.0270431786775589,nan,nan,nan
startpunkt,organic_30,kraft,4.0,0.1732981730224574,0.023142002522945404,3.776893138885498,2.103750705718994,0.025792058557271957,-0.05577671527862549,0.05577671527862549,-0.0522901536363954
startpunkt,organic_30,kraft,6.0,0.2193182606607474,0.025288164615631104,4.5806050300598145,3.1693222522735596,0.02800024300813675,-0.23656582832336426,0.23656582832336426,-0.05390044208879778
startpunkt,organic_30,kraft,8.0,0.22415319669497563,0.025508638471364975,4.675112247467041,3.2842955589294434,0.02816741168498993,-0.4156109690666199,0.4156109690666199,-0.05379983151582182
startpunkt,organic_30,kraft,11.0,0.20606207675006236,0.024585410952568054,4.41152811050415,2.8350670337677,0.027226582169532776,-0.5989519899541682,0.5989519899541682,-0.05210788172345809
startpunkt,organic_30,kraft,14.0,0.18533253682822892,0.023279523476958275,4.09394645690918,2.331078290939331,0.025861598551273346,-0.7075752530779158,0.7075752530779158,-0.050010613509941
startpunkt,organic_30,kraft,18.0,0.1631022353972856,0.021891526877880096,3.747610330581665,1.8230091333389282,0.02454175427556038,-0.7917994260787964,0.7917994260787964,-0.047029952792182916
startpunkt,cjk_0,frei,nan,0.20708398686278198,0.05231684073805809,4.282921314239502,4.996757984161377,0.055069152265787125,nan,nan,nan
startpunkt,cjk_0,kraft,4.0,0.1943715785123232,0.051124557852745056,4.02208137512207,4.537806510925293,0.05374826118350029,0.005520343780517578,0.005520343780517578,-0.0487364335134873
startpunkt,cjk_0,kraft,6.0,0.21928160563052165,0.04955785721540451,5.284196853637695,5.023420333862305,0.0541011281311512,-0.11930052439371741,0.11930052439371741,-0.012182080044690723
startpunkt,cjk_0,kraft,8.0,0.22768664483569825,0.04986617714166641,5.816714286804199,5.307397842407227,0.05437436327338219,-0.2729107141494751,0.2729107141494751,-0.013432489482896772
startpunkt,cjk_0,kraft,11.0,0.23052911807250015,0.05007168650627136,5.975568771362305,5.373219966888428,0.05490380898118019,-0.4567664753306996,0.4567664753306996,-0.01385116027029674
startpunkt,cjk_0,kraft,14.0,0.22801384182214915,0.049844808876514435,5.875885009765625,5.319383144378662,0.05475972592830658,-0.5802939278738839,0.5802939278738839,-0.01313894034003987
startpunkt,cjk_0,kraft,18.0,0.22386644728642224,0.04939379170536995,5.675973892211914,5.2313032150268555,0.05434507876634598,-0.6846681170993381,0.6846681170993381,-0.012047255565950805
startpunkt,cjk_10,frei,nan,0.17944302679566826,0.03491895645856857,4.654947280883789,2.8738601207733154,0.0387439951300621,nan,nan,nan
startpunkt,cjk_10,kraft,4.0,0.17853982012241687,0.0386694110929966,4.0594282150268555,2.7965471744537354,0.041216105222702026,0.014857053756713867,0.014857053756713867,-0.0015166712957404684
startpunkt,cjk_10,kraft,6.0,0.19490852856122567,0.03365824371576309,5.500009536743164,3.0075201988220215,0.03873967379331589,-0.08333174387613929,0.08333174387613929,-0.018301020615137966
startpunkt,cjk_10,kraft,8.0,0.21282043970036657,0.03415805846452713,6.109602928161621,3.367492198944092,0.040465764701366425,-0.23629963397979736,0.23629963397979736,-0.02294523309840311
startpunkt,cjk_10,kraft,11.0,0.22083100764683847,0.034454647451639175,6.3198652267456055,3.5388810634613037,0.0411209836602211,-0.4254667975685813,0.4254667975685813,-0.024858871245901807
startpunkt,cjk_10,kraft,14.0,0.2184102203373341,0.034376561641693115,6.2584228515625,3.4914541244506836,0.04094322770833969,-0.5529697963169643,0.5529697963169643,-0.024301707025802706
startpunkt,cjk_10,kraft,18.0,0.21206219923222386,0.03418011963367462,6.091395378112793,3.367354154586792,0.04040437936782837,-0.6615891456604004,0.6615891456604004,-0.022708215145037243
startpunkt,cjk_20,frei,nan,0.239327592144694,0.037371858954429626,4.515996932983398,2.6850883960723877,0.040916986763477325,nan,nan,nan
startpunkt,cjk_20,kraft,4.0,0.23572540896409094,0.038950785994529724,4.055452346801758,2.3266820907592773,0.04184921085834503,0.013863086700439453,0.013863086700439453,-0.007821573173769442
startpunkt,cjk_20,kraft,6.0,0.2555602413240948,0.035097602754831314,5.466907501220703,3.6749422550201416,0.04116155579686165,-0.08884874979654944,0.08884874979654944,-0.017070637052116363
startpunkt,cjk_20,kraft,8.0,0.2687392634940506,0.03400234878063202,6.089329719543457,4.5038042068481445,0.040369756519794464,-0.23883378505706787,0.23883378505706787,-0.018693865405082145
startpunkt,cjk_20,kraft,11.0,0.2747799489750158,0.03482319414615631,6.305322647094727,4.812568187713623,0.04101049154996872,-0.4267888502641157,0.4267888502641157,-0.019813249511103824
startpunkt,cjk_20,kraft,14.0,0.2728019574811573,0.03472810238599777,6.234869003295898,4.711477756500244,0.04088529199361801,-0.554652214050293,0.554652214050293,-0.019474611237575983
startpunkt,cjk_20,kraft,18.0,0.2678029407415026,0.0345132052898407,6.050917148590088,4.450685024261475,0.04064110666513443,-0.6638379361894395,0.6638379361894395,-0.018551679955269535
