{
    "CE_Ergodic": {
        "linear": {
            "mean_cost": 6566.792841146574,
            "best_cost": 1188.9288830613436,
            "time_s": 0.5183472633361816
        },
        "n_shape": {
            "mean_cost": 10422.33967262207,
            "best_cost": 1028.7008344039898,
            "time_s": 0.5160119533538818
        },
        "polynomial": {
            "mean_cost": 9764.634302144173,
            "best_cost": 210.13083914585275,
            "time_s": 0.7224748134613037
        },
        "random": {
            "mean_cost": 156350.03347254414,
            "best_cost": 13706.219072263742,
            "time_s": 0.5044472217559814
        },
        "rrt": {
            "mean_cost": 6985.599424771013,
            "best_cost": 1000.000176858223,
            "time_s": 0.49814391136169434
        }
    },
    "LB_Ergodic": {
        "linear": {
            "mean_cost": 2.613221294025924,
            "best_cost": 2.486539856737874,
            "time_s": 49.50746178627014
        },
        "n_shape": {
            "mean_cost": 3.7137965637456993,
            "best_cost": 2.052298505570329,
            "time_s": 61.29743504524231
        },
        "polynomial": {
            "mean_cost": 2.4635097475156633,
            "best_cost": 2.169876364611904,
            "time_s": 63.13102054595947
        },
        "random": {
            "mean_cost": 3.8482248004196906,
            "best_cost": 3.0807437887743223,
            "time_s": 61.34938716888428
        },
        "rrt": {
            "mean_cost": 2.495865011040242,
            "best_cost": 2.4445374660092245,
            "time_s": 69.223562002182
        }
    },
    "SE3_SVGD": {
        "linear": {
            "mean_cost": 2.512782890817287,
            "best_cost": 1.385423132454904,
            "time_s": 9.58089804649353
        },
        "n_shape": {
            "mean_cost": 1.4630657394110567,
            "best_cost": 0.8201446882316209,
            "time_s": 9.466720819473267
        },
        "polynomial": {
            "mean_cost": 1.8607415930675582,
            "best_cost": 1.5877888602793486,
            "time_s": 9.555057764053345
        },
        "random": {
            "mean_cost": 17.540546627881092,
            "best_cost": 13.497734454668974,
            "time_s": 9.630074739456177
        },
        "rrt": {
            "mean_cost": 0.9085560481508065,
            "best_cost": 0.6134564015941103,
            "time_s": 9.257898330688477
        }
    },
    "SigKernel_CMA": {
        "linear": {
            "mean_cost": 170.49499768515787,
            "best_cost": 117.57164782444977,
            "time_s": 49.2366898059845
        },
        "n_shape": {
            "mean_cost": 211.7010454359958,
            "best_cost": 130.72204832565095,
            "time_s": 49.43214440345764
        },
        "polynomial": {
            "mean_cost": 143.51292507891208,
            "best_cost": 93.29111338301989,
            "time_s": 49.190755128860474
        },
        "random": {
            "mean_cost": 1436.410021692752,
            "best_cost": 962.7695074349388,
            "time_s": 47.90684652328491
        },
        "rrt": {
            "mean_cost": 137.98715632691895,
            "best_cost": 116.1751641113877,
            "time_s": 48.26763153076172
        }
    },
    "Stein_Flow_matching": {
        "linear": {
            "mean_cost": 9.173967720210943,
            "best_cost": 4.038842071594386,
            "time_s": 148.04476928710938
        },
        "n_shape": {
            "mean_cost": 6.329602169423194,
            "best_cost": 3.443764403521426,
            "time_s": 146.53643441200256
        },
        "polynomial": {
            "mean_cost": 6.019919438107981,
            "best_cost": 3.4615239810226184,
            "time_s": 148.34285354614258
        },
        "random": {
            "mean_cost": 207.869388147048,
            "best_cost": 161.36412069424236,
            "time_s": 149.36893272399902
        },
        "rrt": {
            "mean_cost": 20.36451209223147,
            "best_cost": 11.44541152804693,
            "time_s": 148.27017951011658
        }
    },
    "OT_CFM": {
        "linear": {
            "mean_cost": 383.2178404383903,
            "best_cost": 332.2826497266827,
            "time_s": 109.87309784889221
        },
        "n_shape": {
            "mean_cost": 391.59136573879505,
            "best_cost": 331.1360846280633,
            "time_s": 109.94987268447876
        },
        "polynomial": {
            "mean_cost": 403.17515616884987,
            "best_cost": 329.9635973039324,
            "time_s": 109.68137927055359
        },
        "random": {
            "mean_cost": 380.8291570865348,
            "best_cost": 329.9110731153179,
            "time_s": 109.72040338516236
        },
        "rrt": {
            "mean_cost": 388.4639796915443,
            "best_cost": 329.3887540896345,
            "time_s": 109.74716873168946
        }
    }
}