{
    "CE_Ergodic": {
        "linear": {
            "mean_cost": 6566.792841146574,
            "best_cost": 1188.9288830613436,
            "time_s": 1.0620975494384766
        },
        "n_shape": {
            "mean_cost": 10422.33967262207,
            "best_cost": 1028.7008344039898,
            "time_s": 1.0083739757537842
        },
        "polynomial": {
            "mean_cost": 9748.922050256464,
            "best_cost": 53.00832026876794,
            "time_s": 1.4214198589324951
        },
        "random": {
            "mean_cost": 156350.03347254414,
            "best_cost": 13706.219072263742,
            "time_s": 1.0061914920806885
        },
        "rrt": {
            "mean_cost": 5592.443059623744,
            "best_cost": 1025.8957211781321,
            "time_s": 1.000434398651123
        }
    },
    "LB_Ergodic": {
        "linear": {
            "mean_cost": 2.587578067566598,
            "best_cost": 2.4410458701663464,
            "time_s": 34.45320439338684
        },
        "n_shape": {
            "mean_cost": 2.310405778580512,
            "best_cost": 2.037276737382751,
            "time_s": 32.081748247146606
        },
        "polynomial": {
            "mean_cost": 2.4056553190587007,
            "best_cost": 2.0919718796578946,
            "time_s": 34.78276181221008
        },
        "random": {
            "mean_cost": 3.290885252658483,
            "best_cost": 3.0945967275637303,
            "time_s": 32.19403147697449
        },
        "rrt": {
            "mean_cost": 2.7485226147533797,
            "best_cost": 2.723895858600005,
            "time_s": 19.400188207626343
        }
    },
    "SE3_SVGD": {
        "linear": {
            "mean_cost": 1.360284861943692,
            "best_cost": 1.069154695300555,
            "time_s": 8.651861190795898
        },
        "n_shape": {
            "mean_cost": 0.8590053082016557,
            "best_cost": 0.5423135337282433,
            "time_s": 9.628459453582764
        },
        "polynomial": {
            "mean_cost": 1.2129656181280397,
            "best_cost": 0.8735501931091619,
            "time_s": 36.2791268825531
        },
        "random": {
            "mean_cost": 14.129484745241479,
            "best_cost": 12.273396900906237,
            "time_s": 9.235308170318604
        },
        "rrt": {
            "mean_cost": 0.9667173443049248,
            "best_cost": 0.7353449471072938,
            "time_s": 10.374316930770874
        }
    },
    "SigKernel_CMA": {
        "linear": {
            "mean_cost": 151.3852532420613,
            "best_cost": 107.7536594317097,
            "time_s": 48.09449529647827
        },
        "n_shape": {
            "mean_cost": 195.3931556157308,
            "best_cost": 124.47795467473216,
            "time_s": 47.93933033943176
        },
        "polynomial": {
            "mean_cost": 139.63403761970415,
            "best_cost": 92.70336851325375,
            "time_s": 48.37871479988098
        },
        "random": {
            "mean_cost": 1436.3503614105857,
            "best_cost": 962.5263478616203,
            "time_s": 48.1391818523407
        },
        "rrt": {
            "mean_cost": 131.98584707212837,
            "best_cost": 106.14271178613821,
            "time_s": 47.613441705703735
        }
    },
    "Stein_Flow_matching": {
        "linear": {
            "mean_cost": 38.29982682764029,
            "best_cost": 17.19746150883936,
            "time_s": 125.76251292228699
        },
        "n_shape": {
            "mean_cost": 37.70515861391899,
            "best_cost": 9.039075513364404,
            "time_s": 125.11249232292175
        },
        "polynomial": {
            "mean_cost": 39.02983549784454,
            "best_cost": 11.238510380597624,
            "time_s": 125.32071232795715
        },
        "random": {
            "mean_cost": 240.09841047976292,
            "best_cost": 198.0633834670164,
            "time_s": 125.53858876228333
        },
        "rrt": {
            "mean_cost": 41.33241749881917,
            "best_cost": 14.883282192737294,
            "time_s": 126.23575115203857
        }
    }
}