{
    "CE_Ergodic": {
        "linear": {
            "mean_cost": 6566.792841146574,
            "best_cost": 1188.9288830613436,
            "time_s": 0.5551154613494873
        },
        "n_shape": {
            "mean_cost": 10422.33967262207,
            "best_cost": 1028.7008344039898,
            "time_s": 0.5501375198364258
        },
        "polynomial": {
            "mean_cost": 9764.634302144173,
            "best_cost": 210.13083914585275,
            "time_s": 0.7651166915893555
        },
        "random": {
            "mean_cost": 156350.03347254414,
            "best_cost": 13706.219072263742,
            "time_s": 0.5703520774841309
        },
        "rrt": {
            "mean_cost": 2306.07571056602,
            "best_cost": 46.68738444831917,
            "time_s": 0.6596341133117676
        }
    },
    "LB_Ergodic": {
        "linear": {
            "mean_cost": 2.613221294025924,
            "best_cost": 2.486539856737874,
            "time_s": 55.08245921134949
        },
        "n_shape": {
            "mean_cost": 3.7137965637456993,
            "best_cost": 2.052298505570329,
            "time_s": 62.74501895904541
        },
        "polynomial": {
            "mean_cost": 2.4635097475156633,
            "best_cost": 2.169876364611904,
            "time_s": 62.541534662246704
        },
        "random": {
            "mean_cost": 3.8482248004196906,
            "best_cost": 3.0807437887743223,
            "time_s": 64.65263080596924
        },
        "rrt": {
            "mean_cost": 2.491332191971696,
            "best_cost": 2.4514105703147266,
            "time_s": 67.9707419872284
        }
    },
    "SE3_SVGD": {
        "linear": {
            "mean_cost": 2.512782890817287,
            "best_cost": 1.385423132454904,
            "time_s": 8.932449579238892
        },
        "n_shape": {
            "mean_cost": 1.4630657394110567,
            "best_cost": 0.8201446882316209,
            "time_s": 8.937515497207642
        },
        "polynomial": {
            "mean_cost": 1.8607415930675582,
            "best_cost": 1.5877888602793486,
            "time_s": 8.930133819580078
        },
        "random": {
            "mean_cost": 17.540546627881092,
            "best_cost": 13.497734454668974,
            "time_s": 8.647553443908691
        },
        "rrt": {
            "mean_cost": 0.8944154597601015,
            "best_cost": 0.6497085769750037,
            "time_s": 9.138715028762817
        }
    },
    "SigKernel_CMA": {
        "linear": {
            "mean_cost": 170.49499768515787,
            "best_cost": 117.57164782444977,
            "time_s": 48.136070728302
        },
        "n_shape": {
            "mean_cost": 211.7010454359958,
            "best_cost": 130.72204832565095,
            "time_s": 48.156641244888306
        },
        "polynomial": {
            "mean_cost": 143.51292507891208,
            "best_cost": 93.29111338301989,
            "time_s": 48.31144690513611
        },
        "random": {
            "mean_cost": 1436.410021692752,
            "best_cost": 962.7695074349388,
            "time_s": 48.073978900909424
        },
        "rrt": {
            "mean_cost": 132.82806736783428,
            "best_cost": 102.13352106941159,
            "time_s": 48.68146991729736
        }
    },
    "Stein_Flow_matching": {
        "linear": {
            "mean_cost": 9.173967720210943,
            "best_cost": 4.038842071594386,
            "time_s": 140.47912883758545
        },
        "n_shape": {
            "mean_cost": 6.329602169423194,
            "best_cost": 3.443764403521426,
            "time_s": 141.15521025657654
        },
        "polynomial": {
            "mean_cost": 6.019919438107981,
            "best_cost": 3.4615239810226184,
            "time_s": 141.3188214302063
        },
        "random": {
            "mean_cost": 207.869388147048,
            "best_cost": 161.36412069424236,
            "time_s": 144.70881247520447
        },
        "rrt": {
            "mean_cost": 6.345116605170105,
            "best_cost": 3.9818026296965003,
            "time_s": 145.28881931304932
        }
    },
    "OT_CFM": {
        "linear": {
            "mean_cost": 552.6189651284009,
            "best_cost": 532.7369710972841,
            "mean_zeng_power_W": 155.62199714100012,
            "time_s": 50.63435339927673
        },
        "n_shape": {
            "mean_cost": 550.0694271563335,
            "best_cost": 532.7697442550373,
            "mean_zeng_power_W": 156.03645232019315,
            "time_s": 50.533196687698364
        },
        "polynomial": {
            "mean_cost": 564.5695519298863,
            "best_cost": 533.6376746521269,
            "mean_zeng_power_W": 153.69897697124475,
            "time_s": 50.70586848258972
        },
        "random": {
            "mean_cost": 561.4001170508355,
            "best_cost": 535.4697244459127,
            "mean_zeng_power_W": 154.53614233761252,
            "time_s": 50.61220407485962
        },
        "rrt": {
            "mean_cost": 555.9944139811369,
            "best_cost": 534.2518322578718,
            "mean_zeng_power_W": 155.15547068835167,
            "time_s": 50.57784986495972
        }
    }
}