{
    "CE_Ergodic": {
        "linear": {
            "mean_cost": 6566.792841146574,
            "best_cost": 1188.9288830613436,
            "time_s": 1.3291912078857422
        },
        "n_shape": {
            "mean_cost": 10422.33967262207,
            "best_cost": 1028.7008344039898,
            "time_s": 1.060286521911621
        },
        "polynomial": {
            "mean_cost": 9764.634302144173,
            "best_cost": 210.13083914585275,
            "time_s": 1.4325110912322998
        },
        "random": {
            "mean_cost": 156350.03347254414,
            "best_cost": 13706.219072263742,
            "time_s": 1.0396018028259277
        },
        "rrt": {
            "mean_cost": 21370.85539279382,
            "best_cost": 21.47170548037913,
            "time_s": 1.9072835445404053
        }
    },
    "LB_Ergodic": {
        "linear": {
            "mean_cost": 2.613221294025924,
            "best_cost": 2.486539856737874,
            "time_s": 54.418397665023804
        },
        "n_shape": {
            "mean_cost": 3.7137965637456993,
            "best_cost": 2.052298505570329,
            "time_s": 60.19869256019592
        },
        "polynomial": {
            "mean_cost": 2.4635097475156633,
            "best_cost": 2.169876364611904,
            "time_s": 66.69663524627686
        },
        "random": {
            "mean_cost": 3.8482248004196906,
            "best_cost": 3.0807437887743223,
            "time_s": 68.48671698570251
        },
        "rrt": {
            "mean_cost": 3.1478300518852733,
            "best_cost": 2.724636199735853,
            "time_s": 32.365108013153076
        }
    },
    "SE3_SVGD": {
        "linear": {
            "mean_cost": 2.512782890817287,
            "best_cost": 1.385423132454904,
            "time_s": 8.254698038101196
        },
        "n_shape": {
            "mean_cost": 1.4630657394110567,
            "best_cost": 0.8201446882316209,
            "time_s": 8.217694282531738
        },
        "polynomial": {
            "mean_cost": 1.8607415930675582,
            "best_cost": 1.5877888602793486,
            "time_s": 8.259000539779663
        },
        "random": {
            "mean_cost": 17.540546627881092,
            "best_cost": 13.497734454668974,
            "time_s": 8.178831338882446
        },
        "rrt": {
            "mean_cost": 1.0672322051916736,
            "best_cost": 0.9007824665187075,
            "time_s": 8.019043445587158
        }
    },
    "SigKernel_CMA": {
        "linear": {
            "mean_cost": 170.49499768515787,
            "best_cost": 117.57164782444977,
            "time_s": 45.25612163543701
        },
        "n_shape": {
            "mean_cost": 211.7010454359958,
            "best_cost": 130.72204832565095,
            "time_s": 45.37419247627258
        },
        "polynomial": {
            "mean_cost": 143.51292507891208,
            "best_cost": 93.29111338301989,
            "time_s": 45.26405429840088
        },
        "random": {
            "mean_cost": 1436.410021692752,
            "best_cost": 962.7695074349388,
            "time_s": 45.30981111526489
        },
        "rrt": {
            "mean_cost": 143.58842377137722,
            "best_cost": 113.03827341550164,
            "time_s": 44.87274956703186
        }
    },
    "Stein_Flow_matching": {
        "linear": {
            "mean_cost": 9.173967720210943,
            "best_cost": 4.038842071594386,
            "time_s": 141.66722440719604
        },
        "n_shape": {
            "mean_cost": 6.329602169423194,
            "best_cost": 3.443764403521426,
            "time_s": 143.35824584960938
        },
        "polynomial": {
            "mean_cost": 6.019919438107981,
            "best_cost": 3.4615239810226184,
            "time_s": 143.10033798217773
        },
        "random": {
            "mean_cost": 207.869388147048,
            "best_cost": 161.36412069424236,
            "time_s": 143.37889575958252
        },
        "rrt": {
            "mean_cost": 17.21316917950467,
            "best_cost": 9.794861535553078,
            "time_s": 142.95535039901733
        }
    }
}